feat_0,feat_1,feat_2,feat_3,feat_4,feat_5,feat_6,feat_7,feat_8,feat_9,feat_10,feat_11,feat_12,feat_13,feat_14,feat_15,feat_16,feat_17,feat_18,feat_19,feat_20,feat_21,feat_22,feat_23,feat_24,feat_25,feat_26,feat_27,feat_28,feat_29,feat_30,feat_31,feat_32,feat_33,feat_34,feat_35,feat_36,feat_37
-448.4297180175781,86.30355072021484,1.2608425617218018,27.454458236694336,-2.51509165763855,-1.5066184997558594,-9.017072677612305,-11.423709869384766,-8.367600440979004,-11.835795402526855,-3.9060137271881104,-9.072990417480469,-11.52274227142334,188.59161376953125,63.366180419921875,43.70029830932617,23.399608612060547,23.268754959106445,16.709293365478516,16.702754974365234,19.28313636779785,17.43932342529297,16.295719146728516,11.731741905212402,12.123634338378906,14.69792366027832,12.09093189239502,12.043562889099121,0.09301075268817205,0.12784875301629092,1397.534179420709,1037.5345607246106,1436.7165789393193,593.2097455417716,2663.8709677419356,1982.175969672856,1.1083917617797852,1.8831355571746826
-456.7580871582031,73.7640151977539,10.017258644104004,17.507246017456055,4.806774139404297,0.9482532739639282,-22.592304229736328,-10.13199520111084,-8.136476516723633,6.566956043243408,-6.075098514556885,-2.1521942615509033,6.12670373916626,104.77288055419922,73.26114654541016,30.953039169311523,27.386445999145508,25.44108009338379,17.425243377685547,21.516681671142578,19.015316009521484,16.91469383239746,11.702509880065918,13.552858352661133,14.204310417175293,11.121699333190918,3.5713913440704346,9.1505708694458,0.1720788043478261,0.20895447254807872,1847.2319320092504,1495.6041639264179,1452.8871372182953,545.3514634776267,3186.9565217391305,2132.662012363705,0.8753849864006042,0.9470477104187012
-462.0953674316406,102.53130340576172,4.803537845611572,10.735784530639648,2.6216683387756348,13.213628768920898,-3.159804344177246,-1.2724510431289673,-6.938990116119385,0.31303277611732483,-0.49878397583961487,0.9385884404182434,-4.649239540100098,167.73817443847656,76.49800872802734,32.23899841308594,18.108144760131836,25.705764770507812,14.766891479492188,17.550825119018555,14.852717399597168,16.813474655151367,10.537859916687012,11.14619255065918,13.111039161682129,10.27193832397461,6.984231948852539,12.035768508911133,0.08964383561643835,0.09422726387050047,1369.167633334937,853.109126696382,1489.3153525511032,608.1194774099944,2776.5479452054797,1872.9492166765235,0.7669714689254761,1.0747073888778687
-483.2333679199219,66.05326080322266,-2.3049914836883545,35.111366271972656,-10.500064849853516,-5.819680213928223,-8.474136352539062,-1.6715642213821411,-4.665016174316406,-12.84560489654541,-1.782021164894104,1.7917399406433105,-1.468334674835205,167.3020477294922,56.81526565551758,35.29048538208008,30.09140968322754,27.914457321166992,13.985427856445312,18.7056827545166,15.925042152404785,14.883152961730957,15.375999450683594,9.561627388000488,12.201277732849121,9.501288414001465,3.916186809539795,7.275395393371582,0.15625486381322956,0.17035099444684246,1945.1030961946174,1163.5134583246975,1672.8233851263267,448.34282536579025,3772.7626459143967,1565.4396562001023,0.7430711984634399,1.1033799648284912
-396.4046630859375,85.46550750732422,-11.11314582824707,39.457759857177734,-0.0003501490573398769,2.872641086578369,-19.98539924621582,-1.9073443412780762,-19.736751556396484,-7.087063789367676,-17.051673889160156,-7.118795394897461,-7.3375701904296875,141.92567443847656,70.23086547851562,34.086647033691406,31.135732650756836,21.995071411132812,18.208938598632812,22.629430770874023,13.564452171325684,19.380041122436523,14.736659049987793,14.219738960266113,12.775920867919922,10.087440490722656,11.02549934387207,13.321439743041992,0.13860902255639096,0.14104834182160225,1699.0313848375542,1097.1038375730495,1454.2308703816109,513.7650184437084,3197.4436090225563,1765.4732284869876,0.8292275071144104,1.0435733795166016
-458.96234130859375,70.76031494140625,-9.819079399108887,17.810659408569336,-13.224794387817383,2.3436124324798584,-11.509560585021973,-5.246897220611572,-8.083257675170898,-6.5682196617126465,-17.49516487121582,-9.518601417541504,-9.833734512329102,157.5369873046875,67.22999572753906,32.291690826416016,31.665651321411133,25.01685333251953,15.09017562866211,18.28447723388672,14.090574264526367,14.867226600646973,12.87221622467041,17.842361450195312,14.185054779052734,12.440753936767578,6.982628345489502,11.324315071105957,0.09311335403726707,0.13962277387002583,1475.9520125664346,967.2382535437432,1561.0403420216455,581.8614479334922,3074.5341614906833,1795.118276803782,0.7174306511878967,1.0274633169174194
-395.5418395996094,88.2367935180664,-3.882509708404541,20.642793655395508,0.6512789130210876,19.219228744506836,-7.451415061950684,3.91753888130188,-1.6885126829147339,8.910675048828125,0.6898419857025146,1.976943016052246,-8.015392303466797,125.09893035888672,86.01262664794922,36.141746520996094,20.164993286132812,30.373628616333008,17.802688598632812,17.361371994018555,13.169049263000488,16.335525512695312,13.51172924041748,10.799613952636719,14.3131685256958,10.760167121887207,5.211203098297119,12.545150756835938,0.17825117370892019,0.19168259552760616,1854.8131058464155,1381.7891359749403,1445.957122486839,564.8334932237145,3264.788732394366,2158.9567941332393,0.9231289625167847,1.1328914165496826
-481.2801513671875,69.33789825439453,-5.146146297454834,38.88746643066406,-13.208822250366211,-3.5781006813049316,-11.51292896270752,0.3074568808078766,-7.322779655456543,-11.368550300598145,-4.200444221496582,3.989753246307373,-4.350792407989502,165.35205078125,52.86201858520508,34.209136962890625,29.82908821105957,28.78234100341797,13.657109260559082,19.54231834411621,14.871932029724121,16.697114944458008,15.212285995483398,11.018046379089355,13.145242691040039,10.70238208770752,4.3122992515563965,8.089439392089844,0.1362354085603113,0.16459198471085631,1633.2176618265007,1130.7967337244286,1414.962754435589,335.1234534347064,2969.182879377432,1571.2820713920498,0.7241975665092468,1.0857479572296143
-548.4102783203125,71.48055267333984,8.28619384765625,18.29620933532715,2.3666646480560303,11.78124713897705,-3.3514037132263184,-0.33377206325531006,-1.826728343963623,5.821037292480469,-1.759875774383545,-1.3332666158676147,2.0758864879608154,184.3872528076172,89.6280288696289,23.8876953125,23.05885887145996,19.52549171447754,14.211333274841309,16.14170265197754,14.861716270446777,12.007537841796875,11.529361724853516,12.213058471679688,9.563214302062988,11.188994407653809,4.799439907073975,10.532540321350098,0.10987660944206008,0.1558177869697282,1494.5317057853058,1092.507459586982,1591.2270034528772,575.9450919736056,3043.6909871244634,1788.64230975239,0.6128925085067749,1.0668338537216187
-492.7950439453125,59.260162353515625,11.102144241333008,31.517976760864258,-6.216915607452393,1.702697515487671,-3.8982298374176025,-4.006390571594238,-5.969999313354492,-4.400251865386963,-0.5022381544113159,0.0614662691950798,-1.017932415008545,159.51385498046875,62.01676940917969,28.57863998413086,28.029184341430664,29.541669845581055,14.967792510986328,21.185016632080078,19.19308853149414,15.392407417297363,15.079514503479004,12.746837615966797,12.90904712677002,9.665449142456055,9.034221649169922,15.8138427734375,0.12052036199095024,0.1688469367413214,1775.536886642824,1234.1406953100875,1723.5343082371867,524.5635570778544,3656.289592760181,1752.210959460297,0.731336772441864,0.9434495568275452
-518.4257202148438,64.19437408447266,4.607912063598633,20.5614070892334,7.041508674621582,-0.37916016578674316,-9.291608810424805,-13.812376022338867,3.6877408027648926,-2.611614465713501,-6.227339744567871,2.2605020999908447,-1.5052241086959839,158.97967529296875,64.69375610351562,30.28135108947754,26.191030502319336,16.374094009399414,19.41710090637207,17.7930908203125,24.369325637817383,10.82077407836914,12.430429458618164,11.369057655334473,9.3182954788208,10.24931812286377,4.972701549530029,10.447178840637207,0.1938666666666667,0.14834211209977502,2139.518209033204,1110.3961476704126,1772.2318847211861,544.2175677753885,4056.266666666667,1961.8798966524146,0.6474365592002869,0.866418182849884
-486.804931640625,119.82762908935547,-4.298081874847412,18.02735137939453,12.703744888305664,1.2411311864852905,-1.7211323976516724,-0.8826153874397278,-7.222437381744385,3.211561679840088,5.76314115524292,0.44642406702041626,-4.128166198730469,181.80238342285156,85.07039642333984,39.7751350402832,18.075613021850586,21.3861141204834,19.336862564086914,21.48598289489746,14.509204864501953,17.883588790893555,12.887523651123047,9.183038711547852,10.492435455322266,10.19337272644043,6.9673380851745605,11.582324981689453,0.06101851851851852,0.03899702777883195,987.9677087045859,425.4104094658731,1241.621342902165,572.512307708663,2015.7037037037037,1162.1904865482766,0.638421356678009,0.9692449569702148
-461.19915771484375,56.683345794677734,0.19111274182796478,22.118934631347656,-18.590316772460938,-5.0696234703063965,-12.207712173461914,-3.6942524909973145,-7.808750152587891,-7.923465728759766,-4.426551342010498,-4.908084392547607,-4.415262222290039,175.76373291015625,53.02739715576172,32.55177307128906,32.325923919677734,32.712074279785156,16.839834213256836,19.353540420532227,13.60875129699707,16.736679077148438,13.641581535339355,11.246950149536133,15.379288673400879,11.372320175170898,6.097592353820801,10.463123321533203,0.18446691176470587,0.15745452135418203,2178.683908000719,1101.06728262007,1789.338862335674,469.7764487452878,4181.985294117647,1710.6901427463768,0.7989552617073059,0.9555463790893555
-514.5333862304688,94.34893798828125,6.655611515045166,23.970766067504883,0.9061545133590698,-0.6285058259963989,2.505497694015503,-0.26111650466918945,2.249006748199463,-5.557469844818115,-3.440335988998413,2.0199458599090576,1.5876762866973877,153.7464141845703,57.4442253112793,34.270774841308594,23.561941146850586,21.11433219909668,19.736547470092773,13.865854263305664,16.180601119995117,14.553424835205078,14.36302661895752,13.19429874420166,12.96082592010498,8.838921546936035,4.0748701095581055,10.794442176818848,0.08432926829268292,0.08097048429084436,1377.6125106996408,694.8874239220569,1571.9122987072133,539.1408602432522,2956.0975609756097,1538.2709299393557,0.7886463403701782,1.2781050205230713
-454.6464538574219,96.82598114013672,7.5448174476623535,42.682186126708984,1.1924482583999634,3.784226894378662,6.3291802406311035,-4.194945812225342,-3.9091172218322754,1.6609468460083008,-10.052401542663574,6.246906757354736,-7.8093342781066895,155.09356689453125,78.47161865234375,38.30315017700195,31.191085815429688,27.04570770263672,21.375972747802734,17.123455047607422,15.986749649047852,12.028840065002441,13.405567169189453,13.251294136047363,11.085573196411133,10.213943481445312,4.643769264221191,6.980913162231445,0.12094093406593405,0.15619144159907689,1536.979616521589,1153.6456022485029,1431.8006506879433,476.1720375344372,2914.3956043956046,1821.7246440288382,0.8040996193885803,0.9558678269386292
-545.17041015625,84.37876892089844,3.681631088256836,36.102413177490234,10.125432968139648,-3.4674556255340576,0.39890584349632263,-3.9563231468200684,0.10928000509738922,5.671465873718262,-0.1620572954416275,7.158095359802246,1.2819000482559204,156.94046020507812,73.84162902832031,32.29554748535156,27.901098251342773,16.14563751220703,23.474462509155273,14.575034141540527,17.16219139099121,11.513559341430664,10.987252235412598,9.671741485595703,7.679104328155518,8.556852340698242,2.717949151992798,6.742092132568359,0.058547687861271666,0.06415894197767351,1040.8895336784435,608.3561207679827,1347.3929329314249,445.2582712595225,1949.7109826589594,1266.6794365906842,0.5515297055244446,0.931844174861908
-460.2164306640625,67.91844940185547,-6.0217604637146,14.80097484588623,-11.019425392150879,0.7313384413719177,-9.407870292663574,-7.351058483123779,-6.591811180114746,-8.456321716308594,-14.646655082702637,-11.256765365600586,-7.794254302978516,157.90399169921875,69.387939453125,34.23499298095703,30.994457244873047,25.9070987701416,15.504657745361328,17.931385040283203,14.36411190032959,13.57531452178955,12.959433555603027,16.469646453857422,14.32207202911377,11.878149032592773,7.139437198638916,11.631843566894531,0.11274767801857587,0.1423967518605282,1673.3894305931622,1081.1577077010973,1615.3366504080172,595.7671594158458,3354.9226006191952,1944.7804822242267,0.7355672717094421,1.0508888959884644
-499.0352783203125,78.99803924560547,-5.814134120941162,21.850500106811523,-3.3838510513305664,0.7575332522392273,-6.005997657775879,-3.2246906757354736,-1.8640872240066528,-12.959628105163574,-0.5656462907791138,-1.6983840465545654,-3.7225935459136963,172.6441650390625,59.22584915161133,38.29698944091797,21.94133758544922,23.56138801574707,16.838590621948242,17.481571197509766,13.834687232971191,11.816640853881836,17.97699737548828,10.193618774414062,13.599656105041504,9.599882125854492,4.928806781768799,8.468324661254883,0.12829510703363914,0.1361498856121652,1742.7430893515545,993.87979623752,1661.0601773132362,583.4691514615664,3616.5137614678897,1717.3983111936336,0.7276424169540405,1.0006086826324463
-405.80950927734375,114.26216888427734,-1.228549599647522,37.75224304199219,7.511096477508545,11.59129524230957,-5.201943397521973,11.90533447265625,-1.7007732391357422,-3.3916733264923096,-9.275176048278809,-4.8044023513793945,-2.7729554176330566,151.10614013671875,94.38053131103516,39.653934478759766,28.565523147583008,28.0009708404541,17.159313201904297,19.81717872619629,12.387840270996094,15.333525657653809,14.708704948425293,12.699100494384766,13.571825981140137,11.263078689575195,7.291997909545898,8.63985538482666,0.14301418439716312,0.1902682218677191,1518.7678158505173,1416.0023797707775,1217.0651992237338,503.3163796419106,2521.1347517730496,1989.1104580857425,0.9166443943977356,1.1600234508514404
-531.2171020507812,73.94159698486328,23.244915008544922,27.56723403930664,5.173656463623047,12.040205955505371,6.289780616760254,-2.3621339797973633,4.30906343460083,3.9494736194610596,-3.6613829135894775,11.72077465057373,3.73140549659729,166.32333374023438,80.66795349121094,24.901395797729492,21.523115158081055,30.119117736816406,17.278488159179688,14.765265464782715,18.625293731689453,10.296852111816406,11.047106742858887,15.782450675964355,10.782048225402832,10.834670066833496,4.166999816894531,9.898372650146484,0.10652610441767067,0.14583966247178673,1668.543477860882,1151.131612887183,1710.5003557542261,603.7633856474899,3433.253012048193,1998.6741238265881,0.7205751538276672,0.9209879040718079
-485.9024353027344,87.54448699951172,21.319175720214844,34.817962646484375,13.605817794799805,8.520511627197266,-3.891348361968994,-8.530412673950195,7.329995155334473,1.1573574542999268,3.414360523223877,-1.737952709197998,-5.361567974090576,164.9549102783203,54.37466049194336,24.778011322021484,24.653276443481445,18.11290168762207,14.223077774047852,15.057398796081543,15.221786499023438,14.30117416381836,11.957990646362305,10.717863082885742,8.87920093536377,9.555584907531738,6.426332950592041,11.874975204467773,0.10019830028328613,0.11731924942677908,1622.8125046358368,915.597811931336,1759.1185824765425,467.42728626348224,3426.742209631728,1623.864827770435,0.6228737831115723,0.8152345418930054
-544.55029296875,69.73008728027344,8.949600219726562,20.826826095581055,7.88897180557251,6.577707767486572,4.270637035369873,-7.699609279632568,-0.17689037322998047,2.2342021465301514,0.3389873206615448,1.946254014968872,-2.9013073444366455,172.1976318359375,67.16259002685547,31.94662857055664,13.323507308959961,17.01649284362793,13.471431732177734,13.609661102294922,19.765901565551758,10.24150562286377,9.295701026916504,8.967422485351562,8.577502250671387,9.024877548217773,4.671186923980713,11.378252983093262,0.11825949367088609,0.11800927949530501,1793.1683438895918,876.7962549762821,1836.670156789969,536.4504985192007,3870.2109704641352,1580.251127630523,0.5473541617393494,1.002376914024353
-405.7166442871094,76.63020324707031,3.440702438354492,19.71475601196289,-16.190048217773438,-1.3181246519088745,-12.25809097290039,-9.783907890319824,-12.009773254394531,-10.84436321258545,-3.9882495403289795,-5.120591163635254,-4.488075256347656,129.6080780029297,68.75254821777344,41.945899963378906,37.76850509643555,27.488035202026367,20.109880447387695,21.355453491210938,17.71796226501465,15.430996894836426,15.76735782623291,12.561022758483887,13.576127052307129,9.99245834350586,10.906519889831543,17.313913345336914,0.14625486381322958,0.17420541183144334,1794.8996076210342,1312.7790568407513,1512.8711285694214,526.3100370885853,3232.373540856031,2067.6641947702565,0.9408940672874451,0.993989109992981
-495.73016357421875,66.04432678222656,8.000324249267578,11.95325756072998,8.522859573364258,7.892022609710693,-7.460171699523926,4.950599193572998,-12.131624221801758,0.7935709953308105,0.12988567352294922,-3.5595858097076416,-0.8252319097518921,160.6365966796875,74.1563949584961,25.788833618164062,21.304439544677734,18.61049461364746,14.46764850616455,18.36625099182129,11.81472110748291,18.571565628051758,12.067172050476074,9.258829116821289,8.966444969177246,8.618307113647461,4.227840423583984,8.900989532470703,0.12687155963302754,0.1448985947796844,1772.5521264880076,1100.1396982096642,1749.9341268525254,574.3304128914353,3666.7155963302753,2008.073896131704,0.6736839413642883,1.0686365365982056
-550.07666015625,78.82450103759766,19.834028244018555,28.201190948486328,10.87297248840332,10.843208312988281,-0.9168848395347595,-5.097794055938721,4.133064270019531,4.1538872718811035,3.2907497882843018,2.4359097480773926,4.912170886993408,152.17271423339844,59.61039733886719,25.741294860839844,18.296493530273438,21.170133590698242,12.485008239746094,21.032102584838867,23.079748153686523,13.1054105758667,11.117295265197754,9.556976318359375,9.049327850341797,8.206074714660645,6.025839328765869,12.836474418640137,0.0535857908847185,0.06104453291797251,1273.6646426089458,600.4070298709835,1723.4322450005966,592.4298670773858,3007.1849865951745,1560.635005353736,0.5365460515022278,0.968475878238678
-453.3086242675781,70.94746398925781,-17.382061004638672,27.424419403076172,-3.1878015995025635,1.538459300994873,-11.359898567199707,-8.458280563354492,-2.059706687927246,-6.50551700592041,-10.920681953430176,-4.822800159454346,-7.530097007751465,159.77850341796875,60.432376861572266,41.079322814941406,24.30022430419922,25.32274627685547,15.643633842468262,19.317476272583008,15.940852165222168,12.05107307434082,11.726826667785645,13.261877059936523,11.829303741455078,9.908016204833984,7.841649055480957,12.604519844055176,0.1405700325732899,0.143290072125412,1811.1462088890203,1018.2232198352067,1630.1242348288417,561.1731287836408,3585.016286644951,1776.1238355513312,0.74942547082901,0.8780907392501831
-497.63262939453125,60.63395690917969,3.8196990489959717,28.132904052734375,-9.259517669677734,8.5287504196167,0.45259371399879456,-4.787963390350342,1.7278493642807007,-4.996772289276123,2.990621328353882,0.7372680902481079,0.9899994134902954,164.3137969970703,53.067893981933594,38.06393814086914,31.42081642150879,36.53232955932617,16.16046714782715,17.03158187866211,19.829391479492188,13.736769676208496,15.321985244750977,8.745566368103027,11.138236999511719,8.55342960357666,4.712061882019043,10.803415298461914,0.08817118226600985,0.11941628199701836,1615.1962825379162,858.7996723775653,1773.0809357079397,538.635175118646,3626.0098522167486,1523.5534494081348,0.6581723093986511,1.021148681640625
-398.4974060058594,81.17195892333984,5.263911724090576,28.973407745361328,-18.448482513427734,0.2811318635940552,-15.756750106811523,-1.766937494277954,-16.726062774658203,-2.2681198120117188,-5.575949668884277,-0.5997434854507446,-6.853166103363037,128.39080810546875,66.7286376953125,40.94538116455078,30.465600967407227,30.87169075012207,17.8428897857666,16.292875289916992,18.148967742919922,16.649856567382812,13.822068214416504,13.16602897644043,18.195486068725586,11.278526306152344,13.131126403808594,16.216495513916016,0.16136153846153845,0.19180862874013668,1801.1430586004944,1375.1670665438169,1428.2601412294898,494.8984882210507,3181.2923076923075,1931.6453387090014,0.912617027759552,0.9627715945243835
-594.20263671875,62.31962203979492,13.204562187194824,32.31615447998047,10.516407012939453,11.728757858276367,7.834620952606201,3.5155560970306396,4.272932529449463,-0.9767454266548157,2.429643154144287,-1.1872855424880981,0.8533616662025452,180.07748413085938,50.80517578125,25.634668350219727,26.400117874145508,15.570465087890625,12.515027046203613,14.356852531433105,15.108954429626465,12.948774337768555,18.597949981689453,8.53049087524414,9.181161880493164,8.707423210144043,3.732541084289551,7.973263740539551,0.06128378378378378,0.05491550792178476,1534.3040798268369,624.8739848580317,1887.7884909837219,457.31024679814306,3668.108108108108,1381.0238053977926,0.5508370995521545,1.0945545434951782
-542.832763671875,67.54009246826172,-2.9985499382019043,31.290369033813477,3.3971335887908936,3.358370304107666,-2.828974485397339,-0.2824968695640564,-2.843388557434082,-7.80795955657959,5.246915340423584,-9.929946899414062,-1.3415882587432861,169.9912872314453,47.4621467590332,37.681175231933594,24.14213752746582,22.007278442382812,16.002588272094727,16.944076538085938,11.585548400878906,16.52338409423828,16.4716739654541,11.493350982666016,17.687959671020508,10.458427429199219,2.2815401554107666,5.674403190612793,0.12383116883116883,0.09765811722367371,1856.5554547435845,668.5273221521642,1841.3515587372058,497.8011737559786,4044.155844155844,1420.595586318796,0.5942521691322327,0.9577062726020813
-540.1596069335938,93.04987335205078,25.039705276489258,26.931840896606445,18.624910354614258,13.325423240661621,12.044454574584961,2.4188990592956543,6.744962215423584,5.303310871124268,-0.8022122979164124,2.0348496437072754,-6.381422996520996,169.43450927734375,73.0219497680664,25.301389694213867,17.223398208618164,13.839244842529297,13.489892959594727,12.76281452178955,17.47178840637207,12.270499229431152,13.017597198486328,9.899982452392578,8.013704299926758,11.867425918579102,7.557878494262695,14.783910751342773,0.09274553571428572,0.12876406815539534,1688.255381440873,1022.6256732585266,1850.6846496539015,669.6476468194306,3843.214285714286,1946.8592904826935,0.6866312623023987,1.155576467514038
-549.433837890625,91.17171478271484,27.821962356567383,30.6696720123291,20.78984832763672,11.672528266906738,7.820085048675537,6.044035911560059,8.554937362670898,-3.214569568634033,2.6744611263275146,6.40029764175415,1.112688660621643,163.62051391601562,51.03148651123047,17.464275360107422,16.188594818115234,12.81676959991455,13.406582832336426,12.402703285217285,18.352035522460938,10.545990943908691,16.69249725341797,10.38767147064209,8.051732063293457,11.55606746673584,5.661360740661621,11.304000854492188,0.05498148148148148,0.0918801367739931,1293.2182320677766,735.5075971824671,1766.6924639269353,463.3901015046509,3036.0493827160494,1643.363067128154,0.5450101494789124,1.044033169746399
-414.37457275390625,90.2140884399414,5.3096418380737305,20.271282196044922,10.744229316711426,-0.8459797501564026,-23.32367706298828,12.493531227111816,-29.41543197631836,-0.8412834405899048,-10.04931640625,-12.761106491088867,-7.903966426849365,149.64471435546875,74.37053680419922,40.14374542236328,25.689165115356445,15.167163848876953,17.287202835083008,20.47616195678711,14.65723705291748,25.463621139526367,11.912097930908203,11.53098201751709,16.686941146850586,10.034383773803711,11.680631637573242,13.760095596313477,0.12488636363636364,0.20442236104977968,1536.3080195737853,1450.7050110136915,1365.4527725459352,494.0352857282437,2657.1428571428573,2015.2192733922475,0.9044898748397827,1.1354613304138184
-520.19091796875,85.96053314208984,-3.1160449981689453,36.96732711791992,-7.835954666137695,6.584964275360107,-5.902505397796631,-3.7525312900543213,-2.25966477394104,-5.753299713134766,-0.7580451369285583,-7.402921199798584,-3.1042304039001465,183.708984375,46.645660400390625,42.7828369140625,26.247119903564453,30.5197811126709,14.052526473999023,16.889734268188477,15.443734169006348,14.148200988769531,13.631078720092773,11.605982780456543,13.442940711975098,10.77444839477539,3.525421380996704,6.733184814453125,0.0844468546637744,0.07530626474357653,1229.8675897013093,595.137141273461,1389.6643417313674,331.33103132992005,2300.6507592190887,1373.159667478973,0.7068012952804565,1.0998904705047607
-491.24444580078125,86.5931167602539,12.182498931884766,42.8520393371582,11.76235294342041,-7.799463272094727,3.466387987136841,0.04868245869874954,-7.6523003578186035,1.8328349590301514,6.63992166519165,-8.329164505004883,-4.511122226715088,159.75682067871094,87.63545227050781,38.48170852661133,36.47236633300781,12.597304344177246,22.124040603637695,10.50972843170166,19.364816665649414,17.362485885620117,13.343214988708496,10.017763137817383,15.157255172729492,10.900527000427246,4.422539710998535,8.186984062194824,0.14921052631578946,0.2106721739793765,1786.9051696402462,1471.7598502201104,1524.1053449854362,487.61160787576347,3327.8947368421054,1847.6958024505418,0.9113482236862183,1.5876566171646118
-422.8388366699219,118.67696380615234,-19.97173309326172,19.692089080810547,-7.172735214233398,-1.8999760150909424,-12.749848365783691,1.411681056022644,-11.691070556640625,-10.095476150512695,6.597482681274414,-11.304421424865723,1.009110927581787,135.0247802734375,72.81233215332031,40.546871185302734,26.41913604736328,27.11070442199707,19.21166229248047,20.45408821105957,13.07521915435791,17.369033813476562,13.158740043640137,16.301843643188477,16.946401596069336,9.355217933654785,6.157344818115234,9.047103881835938,0.12321917808219178,0.10961390271644761,1416.4327330277488,856.6678702973716,1273.2897602975295,453.26633834410654,2598.538812785388,1435.7820207296945,0.9287582635879517,1.031583547592163
-368.5047302246094,97.78504943847656,11.260661125183105,18.278179168701172,17.907855987548828,-5.638043403625488,-16.6643123626709,-8.370428085327148,-20.0032958984375,2.9633445739746094,-10.881415367126465,-9.424670219421387,1.3336914777755737,104.40290069580078,64.91059112548828,28.6895694732666,30.576250076293945,17.835193634033203,16.048856735229492,17.59012794494629,15.710916519165039,17.751588821411133,11.849675178527832,13.313140869140625,12.83720588684082,10.147154808044434,9.580222129821777,11.176995277404785,0.14837871287128712,0.19031192189709265,1697.4318437973338,1379.3227212735605,1548.6895062897531,524.0886216267131,2955.5445544554455,2203.0078336995607,0.8694865703582764,1.0261952877044678
-410.4689025878906,87.16242980957031,-8.313034057617188,38.35722351074219,-1.1756508350372314,-2.402052879333496,-10.641087532043457,-5.549284934997559,-3.3052706718444824,-8.974987030029297,2.584533452987671,-8.255745887756348,2.965636730194092,147.95172119140625,64.63240814208984,43.0270881652832,27.53809356689453,23.845748901367188,17.358386993408203,20.264984130859375,16.108890533447266,13.844381332397461,15.996903419494629,9.98805046081543,14.160245895385742,10.559335708618164,8.222575187683105,12.880228042602539,0.12603133159268928,0.1390952922417374,1658.1919526581235,1086.3950670828597,1507.2744267407559,500.13633971736874,3215.039164490862,1686.531947969256,0.8392038941383362,1.1052395105361938
-463.4328918457031,70.24847412109375,13.126910209655762,47.990196228027344,10.073911666870117,5.496831893920898,-0.1651841700077057,-7.811647891998291,4.189040184020996,-8.92821979522705,3.1836700439453125,5.983829021453857,-1.9250545501708984,173.80137634277344,75.30333709716797,34.958763122558594,35.91395568847656,16.533416748046875,18.213953018188477,16.0216064453125,21.14453125,12.82314395904541,20.859243392944336,9.879072189331055,10.353334426879883,12.088062286376953,7.8693461418151855,12.523011207580566,0.1492452830188679,0.17670814039049196,1848.5022434840423,1236.347093643319,1658.6822282712662,439.07024967822343,3668.6792452830186,1629.2553815698366,0.7888045310974121,0.9919636249542236
-487.6317443847656,76.24368286132812,-8.198128700256348,26.895870208740234,-5.446221351623535,0.4128953218460083,-0.27563029527664185,-2.217930793762207,-0.588616669178009,-12.963115692138672,0.33577030897140503,-3.6315529346466064,-4.095859050750732,183.19679260253906,37.93498611450195,42.84032440185547,22.169979095458984,23.350065231323242,17.457847595214844,13.826550483703613,16.301252365112305,13.17083740234375,17.07065200805664,12.456482887268066,14.602181434631348,11.63429069519043,4.698223114013672,7.676952838897705,0.10843023255813955,0.07348445571800767,1721.0922357784302,594.4053920444217,1795.3809153794728,521.8281881503002,3801.594684385382,1442.9971054546443,0.6125867962837219,0.7879887223243713
-423.39642333984375,98.37287139892578,-4.714855670928955,49.09404754638672,3.9128990173339844,-8.498597145080566,-0.2629513144493103,-10.726680755615234,-6.812490940093994,-4.746899127960205,-9.287487030029297,-5.456650257110596,-8.582662582397461,114.71276092529297,79.37344360351562,42.77461242675781,34.438941955566406,23.340442657470703,21.448009490966797,16.697660446166992,21.66666603088379,13.508328437805176,14.43173885345459,14.686490058898926,11.974263191223145,14.359307289123535,4.09360408782959,6.573149681091309,0.15203333333333333,0.18817183467532902,1771.371537093741,1383.7762844631866,1418.8280811937598,551.4204278414218,3219.885714285714,1993.0999034253184,0.9155903458595276,1.0606257915496826
-541.451171875,60.46437072753906,-1.3686189651489258,17.616682052612305,9.0368070602417,8.348823547363281,-5.023960113525391,2.066990852355957,5.786860466003418,-1.0485453605651855,-1.6321158409118652,3.329214334487915,-0.3955097794532776,163.56640625,72.91781616210938,37.9556770324707,21.278987884521484,20.966388702392578,13.370660781860352,15.986261367797852,12.299673080444336,11.800628662109375,10.732714653015137,10.026144981384277,8.494845390319824,9.831246376037598,1.9736685752868652,5.512497901916504,0.16343661971830986,0.1666538524796837,1964.215540345297,1113.231512708629,1747.129392258962,540.9514747470671,3865.3521126760565,1668.7218951462844,0.6822057962417603,0.9002524018287659
-491.1830139160156,69.82711029052734,-3.9006006717681885,13.909822463989258,-6.614527225494385,4.808283805847168,-0.0251629576086998,-3.2978129386901855,-0.7390943765640259,-7.631691932678223,-1.011354684829712,-7.760936737060547,-2.2123310565948486,158.11073303222656,63.98240661621094,40.10377502441406,19.244304656982422,25.546443939208984,15.612260818481445,15.905574798583984,16.29519271850586,11.54030990600586,13.966432571411133,10.281828880310059,12.236532211303711,9.093462944030762,4.466254234313965,10.622620582580566,0.16184365781710916,0.17301101226621798,1951.8601142192997,1185.251109319038,1688.3521560741983,513.3874600899683,3740.1769911504425,1837.9682810925904,0.7426249980926514,1.1655722856521606
-401.09173583984375,80.6272964477539,7.794734954833984,35.529014587402344,7.691941261291504,-0.9319489598274231,-12.329581260681152,-13.327683448791504,-8.241235733032227,-8.137712478637695,2.1394271850585938,-10.804586410522461,0.7832339406013489,123.81087493896484,87.43536376953125,41.543338775634766,28.777183532714844,23.242395401000977,16.976823806762695,19.09128761291504,17.62557029724121,14.96233081817627,14.768428802490234,11.650858879089355,15.33547306060791,10.100314140319824,7.078286170959473,9.33630657196045,0.1670892494929006,0.20571646960853526,1895.9323427177724,1540.6675067977994,1497.3964262348036,550.8915686889077,3330.3853955375253,2198.522658484066,0.9072415232658386,0.9760053157806396
-525.5166015625,74.91136169433594,8.186590194702148,35.12091064453125,0.7563678026199341,11.260090827941895,7.1108784675598145,1.379997968673706,3.31211519241333,-3.55051326751709,1.1442614793777466,2.48368239402771,-3.5041279792785645,184.29808044433594,61.3720703125,30.57312774658203,26.757976531982422,20.904541015625,13.063896179199219,14.496912002563477,19.23712921142578,12.353612899780273,15.852031707763672,10.19510269165039,9.615581512451172,10.404960632324219,3.7902190685272217,7.173533916473389,0.10108562691131498,0.12146471155965667,1410.5623607118218,962.6580509106271,1491.8674931490057,418.22710954534784,2714.3730886850153,1714.2190440959475,0.659591794013977,1.002500295639038
-478.8901062011719,72.74696350097656,12.268858909606934,35.0004768371582,16.463109970092773,7.742575168609619,5.010584354400635,-14.405479431152344,3.245067834854126,4.191617488861084,-4.3321967124938965,4.487056732177734,1.8798003196716309,155.35745239257812,75.3231201171875,33.7348518371582,27.697755813598633,13.612045288085938,21.66287612915039,16.47168731689453,21.26445198059082,14.860941886901855,13.263489723205566,12.751465797424316,9.287714958190918,9.911320686340332,4.825538158416748,10.571063995361328,0.1563819095477387,0.1606351436368393,1842.5659537163838,1230.4063108855803,1619.8537322570503,492.2482110277639,3504.120603015075,1900.9643428247396,0.8370118737220764,1.027055263519287
-461.1446533203125,93.62997436523438,4.101987838745117,30.412723541259766,17.799144744873047,6.057424545288086,-9.726438522338867,2.5131964683532715,-14.831945419311523,0.007945909164845943,-1.4051376581192017,-3.4855329990386963,-0.5203659534454346,157.30081176757812,68.27692413330078,24.032115936279297,26.309253692626953,23.03376007080078,15.201001167297363,19.827556610107422,14.93514347076416,18.996002197265625,11.699663162231445,10.407233238220215,10.035168647766113,7.704614639282227,5.7294392585754395,8.364174842834473,0.08032683486238533,0.09436438956736948,1331.4023751273073,857.8293450052223,1515.631519830941,551.3776410598064,2797.8899082568805,1812.9096555185724,0.819674551486969,1.1463395357131958
-431.3343811035156,107.13035583496094,-21.316722869873047,40.75172805786133,-5.816079139709473,-9.172733306884766,8.268025398254395,-7.9499311447143555,-6.464861869812012,1.0558937788009644,-4.528863906860352,-2.6711838245391846,-0.4942740797996521,157.93728637695312,77.65788269042969,40.794368743896484,37.55649185180664,28.405235290527344,21.31072235107422,14.50096607208252,19.767444610595703,13.928476333618164,12.738639831542969,14.366235733032227,9.091690063476562,11.875356674194336,5.665720462799072,9.589616775512695,0.14434745762711865,0.15638723815020267,1661.9213629768026,1142.5311277893702,1377.471084108678,491.6070128925521,3118.101694915254,1648.4253780339225,0.9028926491737366,1.022197961807251
-517.026123046875,94.4793472290039,20.440820693969727,25.276649475097656,1.256766676902771,-2.721796751022339,11.650033950805664,-7.341728687286377,-5.924844741821289,4.498006820678711,-0.6457728743553162,8.11611270904541,0.3781135678291321,176.3897247314453,73.75826263427734,36.62240982055664,20.31755828857422,26.606840133666992,30.385997772216797,18.00535774230957,14.787978172302246,19.879589080810547,16.524356842041016,16.568452835083008,12.019219398498535,9.182692527770996,4.407569408416748,8.54800796508789,0.10381632653061224,0.12231723950606135,1478.808220747738,952.0152949233428,1554.6116698322287,493.52041898641016,2928.4897959183672,1559.5979874791253,0.6713045239448547,1.018911361694336
-456.62615966796875,71.83303833007812,-16.958276748657227,7.966345310211182,-17.219642639160156,7.115678787231445,-10.920821189880371,-4.053751468658447,-8.888553619384766,-6.549757480621338,1.7191307544708252,0.599807620048523,-4.782476425170898,143.3390655517578,55.230953216552734,38.470943450927734,26.614900588989258,31.130769729614258,15.743897438049316,20.396074295043945,15.50090217590332,16.525150299072266,13.791406631469727,9.624410629272461,14.274022102355957,11.0342435836792,7.2130126953125,13.468209266662598,0.17813455657492355,0.1962504958564078,1770.5127335913437,1183.77742757472,1518.0992400286027,533.016498464207,3118.532110091743,2070.4173044867493,0.8305266499519348,1.2138605117797852
-429.6610107421875,127.20077514648438,3.85095477104187,21.994760513305664,4.876718044281006,-1.9296144247055054,4.542353630065918,14.814356803894043,-3.8744072914123535,-12.620184898376465,-5.365342140197754,-8.846104621887207,4.674047946929932,174.9407958984375,76.53057098388672,30.268756866455078,29.78770637512207,26.730899810791016,17.998672485351562,23.254640579223633,15.50201416015625,16.134593963623047,20.593637466430664,12.967060089111328,12.765704154968262,13.431523323059082,9.603495597839355,11.2587890625,0.08705390334572491,0.08073768780424535,1275.0853786044524,824.7903757903665,1404.0419586385665,614.3783144738679,2574.8698884758364,1831.272051083188,0.7809589505195618,0.988714337348938
-422.31201171875,113.73155975341797,-19.236907958984375,48.07661437988281,3.015422821044922,-2.9540841579437256,-0.7308493256568909,-7.0153656005859375,-7.0787353515625,-0.7796471118927002,-6.435186862945557,-1.8665639162063599,-4.185172080993652,160.89137268066406,73.63874053955078,43.13286209106445,26.674055099487305,22.142826080322266,20.398183822631836,15.610751152038574,19.39412498474121,14.369485855102539,14.420414924621582,11.820247650146484,11.574809074401855,11.035731315612793,6.554845809936523,9.712153434753418,0.11060369318181819,0.1165564809584,1491.330775010255,956.4351344815074,1381.108787392406,529.4408652147011,2974.5454545454545,1637.0586907697577,0.8301416039466858,1.0223019123077393
-408.4188232421875,82.98052215576172,3.7436904907226562,3.324409246444702,-1.547255516052246,2.5650250911712646,-27.179773330688477,-8.574711799621582,-8.086735725402832,5.8019514083862305,-7.626349925994873,1.3186041116714478,2.943190813064575,106.28148651123047,79.80437469482422,38.14708709716797,20.590253829956055,22.583986282348633,15.039626121520996,20.289417266845703,17.616334915161133,14.41113567352295,13.879318237304688,14.642868041992188,14.144153594970703,11.227041244506836,8.191479682922363,15.139838218688965,0.20508566978193146,0.2266648609105344,2036.1328989743593,1649.1038576296048,1448.650885211887,609.2909333818434,3337.196261682243,2385.537601221077,0.9602833986282349,1.0113413333892822
-531.953857421875,73.79749298095703,19.11869239807129,27.962263107299805,10.639622688293457,5.782228946685791,0.01396238710731268,1.8691141605377197,9.60854721069336,3.946977138519287,2.432258129119873,-4.013404369354248,-4.051257610321045,157.1923065185547,46.02169418334961,24.705150604248047,21.206148147583008,14.500797271728516,12.609538078308105,13.007796287536621,14.931388854980469,12.939477920532227,9.119891166687012,8.030854225158691,10.596138000488281,10.438735008239746,3.130101203918457,7.939037322998047,0.08989219712525669,0.07709281440945712,1647.869257295675,685.491021512212,1865.0324793026489,440.66060516352707,3698.5626283367556,1397.0048584810957,0.6011359095573425,0.8733968734741211
-492.62762451171875,72.75430297851562,13.956313133239746,28.338682174682617,8.92626667022705,6.279618740081787,-7.490349292755127,-8.868393898010254,-8.150592803955078,-5.1153082847595215,-9.08835220336914,-3.015526056289673,-6.006236553192139,138.42486572265625,64.89665222167969,38.83982849121094,24.420499801635742,23.152442932128906,17.622802734375,19.936288833618164,22.04018783569336,15.825105667114258,15.97007942199707,13.16458797454834,13.832500457763672,9.751463890075684,4.687399864196777,9.09299373626709,0.1704954954954955,0.23488412096182607,1911.589061366216,1514.7231707764204,1609.8928020814876,569.222877011893,3606.4864864864867,2094.783732621108,0.7421371936798096,0.8165168762207031
-439.087890625,92.51476287841797,6.223182201385498,22.1180419921875,-7.411792755126953,-7.1020355224609375,2.1936206817626953,-11.381136894226074,-10.928585052490234,-17.750633239746094,-2.820474863052368,-4.174052715301514,-4.462998867034912,146.1816864013672,60.18103790283203,35.093299865722656,31.855358123779297,26.27312469482422,18.393566131591797,14.607776641845703,19.802534103393555,18.89794158935547,16.480457305908203,10.181970596313477,11.59335994720459,11.1881742477417,7.248246192932129,10.492615699768066,0.12094696969696969,0.1520402690076158,1573.559832154523,1155.96315453423,1494.1904710503622,501.5752150780969,2889.090909090909,1856.321490632488,0.8602697253227234,1.1604020595550537
-529.91748046875,83.00511169433594,2.914428234100342,22.657669067382812,7.671605110168457,6.346092700958252,3.897132396697998,-5.185124397277832,1.9536447525024414,0.3885606527328491,-1.5333220958709717,5.472412109375,-8.91944694519043,178.81349182128906,65.01034545898438,34.936824798583984,22.5949764251709,19.567575454711914,15.368489265441895,14.474953651428223,18.423870086669922,12.735301971435547,10.727845191955566,10.959582328796387,10.99177360534668,14.642918586730957,4.869729042053223,11.058798789978027,0.0878050847457627,0.079875380530069,1212.875279694706,668.0406490690956,1355.1273271873806,347.6552938277205,2300.4745762711864,1315.4780449105829,0.6606780290603638,1.0330381393432617
-521.7984008789062,60.231903076171875,-9.42699146270752,13.648019790649414,-6.041901111602783,7.263002872467041,-6.1189866065979,-1.175321102142334,-1.470804214477539,-4.494750022888184,2.0468902587890625,-4.727161407470703,-1.445458173751831,187.5565185546875,50.556522369384766,45.97108840942383,20.397829055786133,33.16232681274414,14.01060962677002,21.6315975189209,13.361871719360352,13.159595489501953,12.40455150604248,12.280060768127441,14.245869636535645,8.531248092651367,4.484782695770264,8.935808181762695,0.14986702127659576,0.16806748647996905,1949.1867015649118,1113.4043307233012,1780.2898271692918,591.8018248628587,3919.432624113475,1847.0723520829615,0.7409611940383911,1.0710217952728271
-572.2863159179688,64.80052947998047,9.663307189941406,31.667545318603516,11.684836387634277,1.2428191900253296,3.6796603202819824,-2.180018663406372,-0.6216761469841003,1.076919674873352,-1.1383990049362183,-2.3826026916503906,1.9369518756866455,169.70411682128906,78.49065399169922,23.736827850341797,33.355892181396484,12.633577346801758,17.64548110961914,11.713438987731934,13.924774169921875,11.55898666381836,10.741287231445312,9.594293594360352,7.705019950866699,8.474461555480957,4.077005386352539,10.293936729431152,0.18017525773195878,0.12495058902261535,2215.9856992446616,1109.0853047127257,1878.578062968286,654.9643837150418,4414.59793814433,2070.921029520733,0.44845518469810486,0.7445278763771057
-492.258056640625,59.70114517211914,6.308981895446777,20.335973739624023,-9.252228736877441,6.126614093780518,-13.850542068481445,-2.3499224185943604,-9.611673355102539,-3.0281355381011963,-2.5565998554229736,2.2099177837371826,-3.499293804168701,146.96240234375,47.10446548461914,30.979637145996094,19.18153190612793,26.19375991821289,13.790468215942383,22.952917098999023,15.47258186340332,16.53291130065918,12.322173118591309,12.503483772277832,11.947827339172363,10.376330375671387,3.905456066131592,7.44942569732666,0.1373744292237443,0.16381671037252868,1794.8485315572784,1068.2821067113828,1673.5205970153754,479.15834797044226,3575.707762557078,1688.3381433488894,0.9027013182640076,1.444053053855896
-486.758544921875,99.2817153930664,-7.428030967712402,36.72111129760742,-2.273721933364868,-7.5854597091674805,6.898442268371582,-8.290717124938965,-3.5607357025146484,-3.3667616844177246,-4.956437110900879,-2.1518757343292236,-3.4364657402038574,168.95706176757812,78.77820587158203,45.124366760253906,26.324848175048828,24.91793441772461,21.55434226989746,13.508432388305664,16.82794952392578,14.463667869567871,15.348529815673828,13.335108757019043,10.783551216125488,12.416631698608398,3.873965263366699,8.102550506591797,0.114135687732342,0.11445592644390666,1532.124399170244,1021.686911411893,1437.9605273641428,591.7987902218202,3009.6654275092937,1901.1892872371006,0.9037242531776428,1.146011233329773
-451.5329895019531,79.29061889648438,7.534656524658203,31.93110466003418,10.511935234069824,14.199054718017578,-3.9830708503723145,5.319215297698975,2.901637077331543,0.1638898402452469,8.852386474609375,-4.483515739440918,-6.501316070556641,182.6199188232422,64.68817138671875,31.2388858795166,28.021278381347656,18.444992065429688,14.910796165466309,19.950544357299805,13.77860164642334,9.255687713623047,20.957548141479492,11.54265022277832,11.957045555114746,12.642805099487305,8.837231636047363,15.185274124145508,0.10480263157894737,0.12271782671264511,1619.7501705968114,1002.9506428149987,1661.5952371232443,515.8079599606281,3325.0,1857.872651575905,1.0396664142608643,1.6639362573623657
-470.5573425292969,81.87867736816406,-29.290122985839844,7.036459922790527,-6.93420934677124,-1.3162550926208496,-20.170827865600586,0.2458946704864502,-12.228100776672363,-3.320819139480591,-10.213677406311035,-6.0337982177734375,-8.27094841003418,164.05697631835938,76.75464630126953,49.022647857666016,23.566415786743164,24.843996047973633,20.857580184936523,18.171306610107422,17.761198043823242,15.013364791870117,10.579941749572754,13.429278373718262,15.964507102966309,13.138644218444824,3.977719783782959,7.640915393829346,0.174431330472103,0.1691392105270532,1973.0921175985202,1289.3554273039256,1428.1961410798356,653.2577785163647,3445.49356223176,2080.405383325911,0.9624374508857727,1.3167331218719482
-450.0084228515625,108.92826080322266,-2.7387115955352783,40.98854064941406,9.470193862915039,6.0277228355407715,7.040154457092285,-7.4183502197265625,-4.291726112365723,2.5192949771881104,-9.473417282104492,5.977212905883789,-6.753532409667969,116.94334411621094,85.65876007080078,34.21366882324219,29.33487892150879,27.276973724365234,21.41031265258789,20.15100860595703,16.14963722229004,14.131396293640137,12.301918029785156,13.565825462341309,11.250415802001953,10.258318901062012,3.204671859741211,6.008703708648682,0.13611825192802057,0.1631601761640697,1462.4545471346066,1254.8031851724108,1214.2880128503432,464.15581711102163,2532.956298200514,1924.518235215983,0.8900474309921265,0.8026942014694214
-480.18560791015625,83.12698364257812,-12.709757804870605,5.266350746154785,-8.109583854675293,0.9942922592163086,-9.386597633361816,-13.5596923828125,-7.963998794555664,-9.35890007019043,-7.072629928588867,-12.16965389251709,-7.675201892852783,156.1685333251953,68.0069580078125,42.41484069824219,23.488786697387695,23.126543045043945,13.759503364562988,19.042083740234375,18.863842010498047,14.088607788085938,13.8267822265625,10.643549919128418,13.119695663452148,11.291642189025879,5.68606424331665,8.615119934082031,0.12097457627118643,0.12606664983686858,1628.5430428272834,1091.8638035456127,1511.258891323652,661.6527326719431,3059.6610169491523,2115.662628980992,0.9411157369613647,1.3901697397232056
-444.5602111816406,63.16063690185547,14.712664604187012,27.10270118713379,-14.19290828704834,-1.9952585697174072,-11.624921798706055,-10.182767868041992,-9.047293663024902,-7.266142845153809,1.491990089416504,-2.7863619327545166,-1.2361093759536743,150.0439910888672,59.98381805419922,31.671371459960938,28.673368453979492,31.86945152282715,16.737205505371094,18.77637481689453,20.223064422607422,14.871040344238281,13.396967887878418,11.082540512084961,14.229940414428711,9.931941032409668,7.794219970703125,14.672017097473145,0.1492211055276382,0.17890164996046515,1954.3446685601537,1234.0229119852322,1750.169317508977,498.4310380854243,3824.522613065327,1796.441386887929,0.8645850419998169,1.4321181774139404
-416.6001892089844,119.11450958251953,2.7306318283081055,26.102766036987305,-1.2236238718032837,-0.9121083617210388,-15.319738388061523,-18.822269439697266,-2.532578706741333,-3.3191845417022705,-7.382506370544434,-2.7091481685638428,-5.446317195892334,147.7029266357422,71.84537506103516,39.025184631347656,34.77378845214844,24.020355224609375,20.10444450378418,21.29082489013672,23.31117820739746,14.497119903564453,15.983851432800293,12.675131797790527,13.825471878051758,11.731797218322754,8.44721508026123,13.251639366149902,0.08327546296296297,0.07892437660195922,1207.0535065946547,779.2099716405787,1274.5975526742272,534.1450945681077,2301.8518518518517,1620.7440838884877,1.108473539352417,1.392996072769165
-449.79730224609375,126.38199615478516,-11.794227600097656,27.202194213867188,2.686840772628784,-2.3533732891082764,6.985767841339111,-3.3313658237457275,-5.377233982086182,11.714962005615234,1.154151201248169,3.605940818786621,-5.424073219299316,163.78448486328125,90.35379028320312,46.57686996459961,29.337322235107422,21.829530715942383,21.730070114135742,20.508604049682617,17.36652946472168,13.007842063903809,16.23944854736328,11.791707992553711,10.825507164001465,11.683469772338867,3.493601083755493,5.137150764465332,0.12607201986754968,0.1524944338205538,1492.491578635875,1172.8871735299333,1292.5068276480129,567.188907950481,2728.0132450331125,1927.0749614660392,0.9453529119491577,1.0215437412261963
-403.7835388183594,109.43162536621094,5.984569072723389,32.87698745727539,14.86586856842041,5.221135139465332,1.856719970703125,5.174393653869629,4.995558738708496,-9.240060806274414,-4.820343494415283,-8.927538871765137,1.654484510421753,156.702880859375,97.54517364501953,42.493038177490234,28.98501968383789,26.622766494750977,16.034040451049805,17.08104133605957,13.644742965698242,14.799081802368164,14.430025100708008,12.884114265441895,12.30333423614502,10.129678726196289,7.689732074737549,8.983909606933594,0.151604609929078,0.20613221041418522,1651.265013781406,1564.6748154915315,1327.8014445264846,573.812271362373,2834.751773049645,2279.8707757208995,0.9444244503974915,1.1877810955047607
-551.8594970703125,63.74882888793945,6.6570210456848145,29.00954246520996,5.904210567474365,5.467467308044434,5.998384475708008,-7.385655879974365,0.820729672908783,-6.100225448608398,1.064049243927002,-4.11316442489624,0.741811215877533,158.8336639404297,58.705108642578125,32.26613998413086,31.22026824951172,18.77025604248047,16.060020446777344,10.657343864440918,19.956632614135742,12.288375854492188,16.747512817382812,9.198328018188477,11.019566535949707,9.234342575073242,3.0516512393951416,6.620044231414795,0.11544117647058824,0.1189334814523674,1763.6881889402773,868.388783431496,1816.9798352591542,492.6479993935271,3791.176470588235,1504.6132289921325,0.5366113185882568,0.9840413928031921
-459.44384765625,52.444580078125,-3.0939998626708984,19.248586654663086,-11.604623794555664,-5.268405437469482,-10.1049222946167,0.9301157593727112,-6.686025142669678,-7.039256572723389,-3.691077470779419,-4.2179412841796875,-3.29073429107666,183.17904663085938,55.51151657104492,35.353275299072266,26.234664916992188,26.553245544433594,17.748300552368164,19.89268684387207,11.601639747619629,14.477262496948242,13.522354125976562,10.579386711120605,11.213094711303711,8.835616111755371,6.306585311889648,10.52098274230957,0.1885509031198686,0.17498728512102923,2230.928650712602,1172.5520734254012,1813.0959214037593,500.1807967333725,4298.916256157636,1727.1359231664596,0.7575854063034058,1.0797321796417236
-599.6375732421875,47.04891586303711,14.336251258850098,26.856964111328125,8.59841537475586,11.612740516662598,7.492106914520264,0.726328432559967,5.359602451324463,1.177777886390686,4.665048122406006,3.219229221343994,1.6976687908172607,143.18019104003906,58.682579040527344,25.009349822998047,20.908714294433594,20.695728302001953,11.305912971496582,11.60954475402832,17.932331085205078,8.564676284790039,12.62086296081543,6.927821159362793,7.0815277099609375,6.643642425537109,1.388858675956726,4.693001747131348,0.0693348623853211,0.09507354239489119,1515.5548580696181,738.4486610722093,1883.7991154463837,471.2810701321653,3615.229357798165,1383.8966368639824,0.41522008180618286,0.857690691947937
-560.0353393554688,90.62970733642578,2.4782519340515137,31.333396911621094,9.835004806518555,5.631120204925537,3.2068095207214355,-2.1876399517059326,6.1817851066589355,3.7562971115112305,0.7075766324996948,3.5579638481140137,-2.6992902755737305,167.97715759277344,45.622291564941406,38.62531280517578,22.254919052124023,19.028831481933594,13.109091758728027,13.165251731872559,18.370214462280273,14.806375503540039,11.689827919006348,10.766640663146973,9.197481155395508,11.34319019317627,2.549870729446411,6.659006118774414,0.09448356807511737,0.05297347163560261,1674.0474847908615,484.77409518296855,1863.0214651922588,482.5519530979214,3896.9014084507044,1253.2053830333414,0.6677051186561584,0.9394444823265076
-526.8748168945312,81.12755584716797,9.430763244628906,24.27049446105957,0.5693217515945435,7.736572742462158,-0.5980322360992432,2.6887011528015137,0.47083860635757446,-6.365922451019287,-2.903813600540161,2.0836427211761475,-1.946457862854004,146.6277618408203,56.86929702758789,31.26446533203125,20.998064041137695,22.643678665161133,14.269586563110352,16.793922424316406,16.17118263244629,14.944016456604004,16.535463333129883,11.690105438232422,10.967374801635742,9.414902687072754,3.5421512126922607,7.7487382888793945,0.07610254083484573,0.10744727281962708,1073.5319462348782,867.9541231663419,1272.7778900227506,433.6013679529375,1952.885662431942,1627.2280059343732,0.6382598280906677,0.9271351099014282
-522.9271850585938,73.32770538330078,3.8394079208374023,28.56129264831543,4.187438488006592,-4.306712627410889,-2.582409143447876,-3.4721474647521973,-1.4950947761535645,5.924302101135254,3.137472152709961,5.507245063781738,0.3750525414943695,153.5447235107422,79.49295806884766,37.342288970947266,20.82399559020996,20.369937896728516,22.071884155273438,14.971664428710938,17.00240707397461,14.483833312988281,12.689886093139648,10.585941314697266,9.813194274902344,9.027250289916992,3.4835920333862305,8.10068416595459,0.13166420118343194,0.12464856083583449,1809.9641562874815,966.9405864315269,1713.8529549057557,617.4431423639836,3760.473372781065,1749.1704917057984,0.6695347428321838,1.0740702152252197
-417.1683349609375,110.95808410644531,-7.821483612060547,14.991119384765625,3.9385337829589844,3.4994349479675293,-9.96593189239502,0.1413673460483551,-2.4082605838775635,-9.216949462890625,-3.0909924507141113,-7.143746376037598,-5.829092025756836,129.7470245361328,77.66529083251953,36.867523193359375,28.742372512817383,22.310665130615234,16.677406311035156,21.923086166381836,15.656473159790039,16.514535903930664,15.271541595458984,12.2791166305542,14.453219413757324,13.107917785644531,11.21876049041748,14.275703430175781,0.11701193058568331,0.19039576708084455,1448.5745945815336,1362.5358413474619,1261.6505032679765,583.7366737033677,2634.9674620390456,1999.8617764122425,0.8644012212753296,1.0628416538238525
-448.91094970703125,102.56365966796875,-1.5988001823425293,38.24849319458008,-20.920103073120117,11.257133483886719,-1.307288646697998,-5.181144714355469,-4.213766098022461,0.12839660048484802,-1.1545836925506592,-0.9444666504859924,-4.899593830108643,140.66619873046875,85.13764190673828,38.76343536376953,26.129098892211914,29.977426528930664,22.416650772094727,16.22127914428711,17.706758499145508,12.121336936950684,13.824556350708008,10.456753730773926,10.335529327392578,8.697864532470703,5.212286949157715,8.17640209197998,0.15171551724137933,0.1687353087364575,1683.4533460032187,1129.6648569914273,1386.6335819170267,516.6949844581643,3056.689655172414,1774.5363863400235,0.7944400906562805,0.8326489329338074
-508.4736328125,102.79905700683594,9.898293495178223,19.00717544555664,3.6733829975128174,5.079338550567627,-3.6597707271575928,-6.850409984588623,-1.955889344215393,-1.8654181957244873,-0.2007938176393509,3.9702651500701904,1.5542932748794556,161.84686279296875,56.89379119873047,31.17620086669922,28.842233657836914,23.274307250976562,18.130048751831055,15.191608428955078,17.773639678955078,13.509443283081055,12.551631927490234,10.129340171813965,10.614590644836426,10.297205924987793,5.046855449676514,9.471468925476074,0.095375,0.13105225650031185,1458.7424161882452,954.8832987564863,1612.3384724816615,530.275292069686,3031.294117647059,1677.0168109124743,0.6047477722167969,0.9245738983154297
-510.19757080078125,88.68444061279297,-3.706031322479248,28.05504035949707,8.822800636291504,4.5319342613220215,1.5704736709594727,4.605865001678467,5.257406711578369,1.126763105392456,-0.6162815093994141,2.9564402103424072,-2.537684679031372,193.23587036132812,73.39970397949219,32.615806579589844,26.871816635131836,22.575401306152344,16.538467407226562,15.944694519042969,12.303020477294922,13.723649024963379,11.502206802368164,11.153899192810059,10.1965913772583,11.499505996704102,4.688516616821289,8.748269081115723,0.10650362318840581,0.1038587651708537,1587.725238037713,852.5100122293499,1632.4121858130384,617.0888773323529,3359.4202898550725,1698.6370359432815,0.6709926128387451,0.8744930624961853
-426.84332275390625,102.13764953613281,3.604430675506592,21.3355770111084,-5.08084774017334,6.125500202178955,4.548427104949951,-7.005345821380615,-5.3763604164123535,-6.964489459991455,-3.2678420543670654,-5.014071464538574,-1.9398877620697021,130.4032440185547,77.63947296142578,38.06268310546875,35.38713455200195,25.204992294311523,16.73194694519043,18.156076431274414,13.150568962097168,13.141876220703125,12.738097190856934,11.986462593078613,12.433424949645996,9.97212028503418,13.165376663208008,21.44342803955078,0.1125390625,0.14482338432804365,1472.3598158035077,1172.2658483989794,1379.4269039900262,664.2927858883971,2770.3571428571427,2132.1802760535606,0.8260720372200012,0.9174574613571167
-458.2020568847656,81.28679656982422,13.906876564025879,32.13673400878906,6.625102519989014,8.11071491241455,-18.22525405883789,-11.915163040161133,4.182704925537109,1.6425758600234985,-8.439058303833008,1.6971250772476196,-5.183112621307373,134.09535217285156,67.54224395751953,33.24224853515625,21.414037704467773,20.87021827697754,13.05524730682373,24.554832458496094,21.865142822265625,13.676045417785645,12.444324493408203,13.979239463806152,13.323653221130371,11.264825820922852,5.977012634277344,10.354270935058594,0.12948863636363636,0.19854526300513153,1367.099332581726,1422.1397140047807,1274.4711553220109,541.839751222973,2270.5454545454545,2279.9564734137266,0.6871159076690674,0.7786258459091187
-440.53009033203125,75.7798080444336,9.591489791870117,46.37240219116211,-11.241905212402344,-2.820422410964966,-10.709800720214844,-8.029834747314453,-6.053036689758301,1.893365502357483,-11.157941818237305,3.0767338275909424,-6.5781660079956055,122.16007995605469,72.33257293701172,34.37892532348633,37.48617935180664,23.170839309692383,18.243749618530273,15.008444786071777,17.372793197631836,14.68426513671875,16.01259994506836,12.667238235473633,15.389837265014648,13.776449203491211,4.1367292404174805,9.143860816955566,0.1665856777493606,0.17279292842014307,1783.8689356691943,1236.5424439226904,1430.4294510147627,416.91507410399953,3174.833759590793,1841.453031993843,0.9285493493080139,0.997235119342804
-493.85540771484375,89.24987030029297,5.271790504455566,26.212867736816406,4.2567901611328125,1.732008457183838,3.055525779724121,-9.452834129333496,-0.8024877905845642,-4.612096786499023,-4.21506929397583,-0.15996147692203522,2.5795042514801025,164.44204711914062,89.89513397216797,41.101402282714844,28.826610565185547,20.365371704101562,21.478469848632812,16.448589324951172,22.25594711303711,12.043475151062012,15.239691734313965,11.562320709228516,9.727978706359863,11.296772956848145,3.5570123195648193,7.060855865478516,0.13648018648018648,0.17317696852623693,1752.8700487364956,1280.0260731832473,1594.6157431524678,643.2340108045834,3470.02331002331,2037.802475019493,0.7306336164474487,0.8471524119377136
-340.7132873535156,90.03772735595703,8.216828346252441,14.761362075805664,10.343914985656738,-5.178601264953613,-16.19025993347168,-16.52724838256836,-20.00925064086914,-4.894900321960449,-8.410944938659668,-6.9408159255981445,-1.7548028230667114,104.65770721435547,66.1303939819336,33.12446975708008,31.27614974975586,19.967615127563477,19.270103454589844,19.0489559173584,15.946046829223633,17.647674560546875,15.998088836669922,13.088862419128418,12.561347961425781,11.484152793884277,15.750548362731934,15.652698516845703,0.15035567010309278,0.18262395816736615,1746.704170016685,1338.1962256918232,1560.6590379611844,508.75653827825437,3092.2061855670104,2096.199279983904,0.9253522157669067,0.8899585008621216
-551.7061157226562,71.6032485961914,9.563599586486816,18.050878524780273,2.3310611248016357,11.537075996398926,-3.541433811187744,-0.47662824392318726,-1.7563849687576294,5.93412446975708,-2.029881000518799,-0.9218430519104004,1.8680130243301392,184.17164611816406,88.5940933227539,23.819101333618164,24.046558380126953,19.622323989868164,13.776000022888184,15.678155899047852,14.139108657836914,11.855528831481934,11.318339347839355,11.6061372756958,9.259024620056152,10.203880310058594,4.679909706115723,10.275614738464355,0.1575429184549356,0.14084079711594633,2032.8117103870068,1091.0253392597267,1751.5892202389775,630.9041847597814,4072.1888412017165,1940.1386876790868,0.6191069483757019,1.087401270866394
-435.886962890625,86.84225463867188,-18.08635902404785,62.945003509521484,6.729316234588623,-16.555131912231445,-0.27876076102256775,-6.609964847564697,-0.7658179402351379,-5.670644283294678,-9.152020454406738,-2.987577199935913,-5.077765941619873,159.52618408203125,74.83844757080078,46.08005142211914,35.46697235107422,18.78594970703125,27.55342674255371,18.079303741455078,21.821895599365234,11.258685111999512,15.111690521240234,15.542865753173828,11.63774585723877,18.131195068359375,6.005100250244141,9.094270706176758,0.13700450450450452,0.145187173314397,1741.3242099679655,1034.0868857620233,1476.7788596315818,486.56121868213376,3375.135135135135,1452.5980854850084,0.8271254897117615,0.9908391237258911
-521.135986328125,81.05767822265625,12.556421279907227,38.22695541381836,17.81590461730957,0.08770466595888138,10.186895370483398,-4.103677272796631,-5.43828821182251,1.950346827507019,0.6985846757888794,5.3472113609313965,-0.21051344275474548,168.9892578125,67.75215148925781,34.15629959106445,33.389930725097656,15.187119483947754,24.17685890197754,13.12988567352295,17.86287498474121,15.912960052490234,12.632230758666992,13.748245239257812,10.803410530090332,10.130539894104004,3.2802720069885254,6.817690372467041,0.09287769784172661,0.12859433513103752,1559.90389185649,1035.9238006846276,1647.8697978177906,518.2565208366008,3247.05035971223,1687.302326599709,0.7551201581954956,1.071095585823059
-446.6697998046875,73.17852020263672,21.732995986938477,28.012853622436523,2.142092704772949,-10.054585456848145,-5.157390594482422,-7.042701721191406,-17.287721633911133,-6.146085262298584,-5.83060359954834,-8.339253425598145,-13.989946365356445,133.1644744873047,80.67166900634766,36.820804595947266,36.42970275878906,23.961421966552734,17.311805725097656,15.94173812866211,18.21134376525879,18.59290313720703,13.482746124267578,11.71197509765625,11.537494659423828,12.862936019897461,7.952821731567383,13.470290184020996,0.16183427762039662,0.21560438507763427,1831.9598699264727,1596.3764279526952,1512.621267461477,573.2387174597372,3245.8923512747874,2304.626547582605,0.8632369637489319,1.0348167419433594
-411.42681884765625,81.12737274169922,19.107107162475586,51.15826416015625,13.486089706420898,15.037713050842285,-6.34485387802124,7.3854289054870605,4.295450687408447,-9.645407676696777,1.965152621269226,-8.717069625854492,-9.6011962890625,135.6525421142578,81.82072448730469,34.133644104003906,36.26839828491211,26.583799362182617,15.056417465209961,19.995332717895508,17.31903076171875,14.837263107299805,21.361406326293945,11.919477462768555,15.41431713104248,16.97081756591797,8.434638023376465,12.269962310791016,0.13203448275862067,0.18823415341560304,1627.5719082551752,1379.8531130987283,1489.6330083237742,491.8909462966959,2980.32183908046,2077.4137075969147,0.9260342717170715,1.108701467514038
-535.7234497070312,62.260345458984375,12.297640800476074,18.275449752807617,6.628475666046143,6.666356563568115,4.10936164855957,2.54457950592041,4.043564796447754,2.94313907623291,-1.0842807292938232,4.206691741943359,-0.17863287031650543,174.97018432617188,69.68755340576172,22.298139572143555,22.57831573486328,13.465152740478516,12.011327743530273,15.549423217773438,16.332128524780273,11.210468292236328,11.47921371459961,12.670385360717773,7.826409339904785,10.396915435791016,6.236507892608643,14.334827423095703,0.0934722222222222,0.14293988041683905,1565.8988070265764,977.6021948737849,1725.5461152548933,484.45636605361443,3391.8518518518517,1513.0659365396725,0.49335378408432007,0.8645102977752686
-432.695068359375,89.79888153076172,-5.431605339050293,16.84953498840332,-11.344619750976562,-1.696330189704895,-10.638925552368164,-0.24329452216625214,-12.784468650817871,1.512553334236145,-10.400050163269043,-9.651086807250977,-6.46722412109375,148.4569549560547,78.71824645996094,46.179134368896484,30.577728271484375,25.359025955200195,16.711353302001953,20.547866821289062,12.937396049499512,15.140251159667969,11.326254844665527,13.21133041381836,13.73100471496582,9.435125350952148,8.763969421386719,14.542391777038574,0.1329195804195804,0.15157467541555147,1601.110097573791,1158.1139080842183,1358.9382736989594,578.0009601279403,2935.757575757576,1947.7486129321733,0.9414102435112,1.381182312965393
-511.6031188964844,70.02177429199219,11.78270149230957,30.264930725097656,10.687031745910645,10.189997673034668,-13.807353019714355,-4.82184362411499,8.287554740905762,-0.3247804641723633,4.679033279418945,4.947944164276123,3.77648663520813,144.21661376953125,71.68450927734375,27.703845977783203,25.181604385375977,20.24126434326172,18.128767013549805,21.461740493774414,17.16425895690918,14.221881866455078,13.63065242767334,10.875758171081543,9.622272491455078,11.499763488769531,7.718068599700928,17.48709487915039,0.11906374501992031,0.12587055388365784,1602.1065029619065,960.196181358404,1577.1611054216348,534.3366945082889,3209.402390438247,1540.3898331532623,0.5910905599594116,0.7934693694114685
-536.162109375,77.64619445800781,25.080751419067383,31.06170654296875,17.764591217041016,12.657129287719727,-1.9426122903823853,6.637310981750488,6.490529537200928,6.064905166625977,4.347074508666992,5.922582149505615,5.202877521514893,178.63600158691406,48.94698715209961,24.913070678710938,16.62609100341797,14.504280090332031,13.388285636901855,20.22235107421875,14.012928009033203,10.889333724975586,13.094285011291504,8.8113431930542,9.093437194824219,9.01921558380127,4.527022361755371,9.253275871276855,0.09007305194805196,0.11254533150660834,1622.3043604633617,796.2858042732767,1919.063452814736,464.1848184271508,3816.2337662337663,1595.6992026548576,0.5763857960700989,1.0592981576919556
-510.29644775390625,59.990333557128906,23.37200355529785,28.673606872558594,10.81060791015625,2.4668445587158203,-0.834078311920166,-1.2093030214309692,-0.7911945581436157,-1.3062944412231445,-0.7012290358543396,-2.3196218013763428,1.3630424737930298,165.8560028076172,56.48368453979492,30.553253173828125,27.672630310058594,16.008087158203125,15.31617546081543,12.382680892944336,13.952339172363281,11.55639362335205,13.297014236450195,9.569099426269531,12.227370262145996,9.364114761352539,5.426018238067627,11.237740516662598,0.15036317567567567,0.17692419174239252,2034.6159101515132,1184.3061297300699,1932.4588587949272,489.29897809489495,4265.0,1754.483638520986,0.6669855117797852,1.1401357650756836
-370.760498046875,84.22164154052734,2.011732578277588,17.796958923339844,-6.806987285614014,-0.3691035807132721,-17.06052589416504,-9.45678424835205,-8.673003196716309,-4.9620747566223145,-0.09860909730195999,-2.3047165870666504,-2.323680877685547,103.07161712646484,73.36856842041016,37.15830993652344,26.251501083374023,25.530029296875,17.523990631103516,19.68883514404297,15.889604568481445,13.38840389251709,13.326674461364746,13.128458023071289,13.605457305908203,9.833827018737793,10.246901512145996,13.609179496765137,0.16444252873563217,0.18095727928695995,1887.6395135223806,1410.0848876866023,1498.8449799875589,528.8996005556081,3276.32183908046,2138.1683615647808,0.9306216835975647,0.9250636100769043
-587.381591796875,51.662498474121094,17.121152877807617,22.276769638061523,15.310159683227539,14.750967979431152,7.618590354919434,-3.062980890274048,6.340189456939697,7.508405685424805,2.9945619106292725,4.791091442108154,-0.08024550974369049,154.2804412841797,63.753944396972656,24.978132247924805,17.70574188232422,13.079706192016602,16.583457946777344,10.668598175048828,20.627126693725586,9.450973510742188,8.217820167541504,10.692362785339355,6.544517517089844,8.286309242248535,3.0739951133728027,9.367833137512207,0.09031855955678672,0.11959188293695823,1667.694630326135,852.1880459863795,1891.6084292016544,501.90964528944625,3810.9695290858726,1505.1907975474942,0.3991366922855377,0.9201737642288208
-468.4677734375,70.88276672363281,9.364166259765625,53.00900650024414,5.445167541503906,9.530486106872559,-4.799337863922119,-3.6119472980499268,-0.6211370825767517,-4.021299362182617,-1.4757049083709717,9.697729110717773,-5.341457366943359,174.47157287597656,69.87997436523438,34.42345428466797,36.752281188964844,19.135934829711914,17.219789505004883,18.047122955322266,19.646421432495117,14.537345886230469,18.43877410888672,10.930314064025879,11.325671195983887,11.764426231384277,7.4954962730407715,12.082815170288086,0.13690809968847353,0.17671963326621937,1584.8331970316895,1274.618332169465,1393.0328716253334,352.28172555954666,2822.9283489096574,1868.553380639457,0.7398571372032166,0.9489660859107971
-488.0468444824219,83.09986114501953,6.754272937774658,21.124361038208008,4.302867412567139,-0.8988709449768066,-1.9328311681747437,-2.6700870990753174,-2.2676265239715576,0.09155599772930145,-4.9432172775268555,4.189061641693115,-0.27878835797309875,163.53221130371094,78.65676879882812,25.319061279296875,29.666589736938477,17.671018600463867,15.76739501953125,17.33879280090332,16.235143661499023,15.343130111694336,15.027546882629395,12.692143440246582,8.03555679321289,11.846695899963379,5.1939849853515625,10.876882553100586,0.11098930481283421,0.1625757450552369,1539.4637928840898,1146.6872750550365,1560.643888247579,553.5515577791008,3051.764705882353,1779.437689297162,0.5853340029716492,0.7943496108055115
-515.8131713867188,72.79838562011719,13.565620422363281,22.65793228149414,7.287745475769043,9.017854690551758,1.444461703300476,-6.478818416595459,-1.394518494606018,4.894670009613037,-1.9627653360366821,10.679281234741211,1.6745543479919434,152.62393188476562,82.61532592773438,41.907127380371094,29.851436614990234,24.381677627563477,15.306201934814453,15.694713592529297,18.349695205688477,12.753732681274414,14.528700828552246,13.168127059936523,11.33928394317627,12.012760162353516,1.6867189407348633,4.496617317199707,0.15075757575757578,0.18927391651495704,1852.1733857433687,1416.795978263094,1544.4041793455608,462.2172960466801,3246.818181818182,1934.4646578308673,0.98923259973526,1.1131256818771362
-468.77410888671875,61.327327728271484,-18.19622230529785,31.516881942749023,-9.975421905517578,4.542946815490723,-8.618651390075684,-6.17804479598999,-9.546700477600098,-4.977926731109619,-6.449515342712402,-8.46703052520752,-3.9553403854370117,168.24923706054688,48.089630126953125,39.10932922363281,29.483518600463867,25.96662712097168,12.599716186523438,18.103029251098633,15.82497501373291,17.283035278320312,12.818918228149414,11.154091835021973,13.495441436767578,9.922300338745117,7.790309906005859,14.10299301147461,0.12649628252788106,0.09355120054668924,1740.3021145447146,708.741826592445,1641.7056365279195,518.7507632742403,3555.985130111524,1476.2441843991105,0.7727321982383728,1.2272567749023438
-466.6292419433594,84.59848022460938,-5.190633296966553,24.830284118652344,2.713622570037842,0.7144633531570435,-15.405238151550293,-0.7993505597114563,-14.93614673614502,-3.278752326965332,-8.26269817352295,-10.784153938293457,-4.217333793640137,179.95509338378906,73.7697525024414,41.03717803955078,32.06913375854492,21.121450424194336,16.930173873901367,23.497949600219727,16.50640296936035,20.87807273864746,12.843843460083008,13.252370834350586,13.138150215148926,8.908714294433594,6.20285701751709,8.947940826416016,0.11319200779727095,0.11595967351430322,1625.5564429504861,989.6239413359929,1559.1012710839025,592.612268033362,3240.2339181286548,1861.864317480012,0.8455195426940918,1.19746994972229
-409.4433288574219,101.659912109375,-9.424395561218262,27.649526596069336,-5.993504047393799,5.6169843673706055,-5.367212772369385,-5.92009162902832,-3.83461594581604,-6.590873718261719,-4.49199104309082,-5.782349109649658,-7.0467000007629395,137.5071563720703,73.180908203125,41.05601119995117,25.49880027770996,22.600210189819336,15.531129837036133,18.00860595703125,15.221041679382324,15.18939208984375,14.053037643432617,11.567277908325195,13.216297149658203,11.855204582214355,15.271585464477539,21.627954483032227,0.08855919003115263,0.14413396033365047,1215.1479825180186,1053.55532365692,1224.242070809509,542.2325926226312,2204.423676012461,1703.0148439800498,0.7863256931304932,1.0050922632217407
-517.6591186523438,91.08393859863281,-6.444769859313965,14.659016609191895,-1.067735195159912,3.0074305534362793,-10.165754318237305,0.019855977967381477,-9.150853157043457,0.06811999529600143,-2.0049655437469482,-12.77527904510498,-1.4195612668991089,173.9928436279297,70.50100708007812,43.1472053527832,25.788528442382812,24.49985122680664,14.797491073608398,23.907394409179688,13.308423042297363,15.923187255859375,12.5239839553833,11.525481224060059,15.82054615020752,9.608960151672363,5.64342737197876,9.699788093566895,0.09637186629526462,0.09845435866698886,1484.187019451306,904.5403269006292,1505.6770038492764,658.4875966726395,3047.3537604456824,1959.9532326809342,0.8817291855812073,1.4697439670562744
-485.92620849609375,89.82918548583984,21.612762451171875,28.247289657592773,9.875801086425781,9.045793533325195,1.924227237701416,-8.49162769317627,1.4247775077819824,5.882178783416748,-7.445468902587891,8.999372482299805,-0.8476766347885132,154.663818359375,77.98088073730469,32.83280563354492,28.83690643310547,18.561098098754883,18.730573654174805,13.571916580200195,20.167911529541016,11.357860565185547,12.291380882263184,14.713034629821777,12.038663864135742,12.94001579284668,5.062176704406738,10.054277420043945,0.11121293800539082,0.15926331142576666,1520.0178149369563,1270.74155313619,1503.264869917577,568.5334486577981,2856.280323450135,2059.540201247897,0.811252236366272,1.0535441637039185
-401.99310302734375,97.66729736328125,-1.9696038961410522,31.123779296875,6.318727970123291,-4.866387844085693,-7.586400508880615,-16.719093322753906,-12.460576057434082,-7.836748123168945,-1.3277482986450195,-6.262696743011475,-6.675571918487549,113.54644775390625,65.3004150390625,39.9249382019043,28.768754959106445,22.825950622558594,17.769250869750977,13.0790433883667,17.770414352416992,16.443157196044922,19.309711456298828,10.380463600158691,11.779117584228516,12.558009147644043,10.432182312011719,15.640018463134766,0.1380060422960725,0.1624218053827526,1589.4959304440324,1206.004824675132,1423.675238357355,526.2925631149304,2858.9728096676736,1902.6082040484978,0.9361873865127563,0.9830897450447083
-448.2760009765625,119.92427062988281,-6.211093902587891,48.41828155517578,-7.584305286407471,4.276834487915039,-0.9562830924987793,-9.11314582824707,2.2833855152130127,-5.020542144775391,0.20517803728580475,-5.489079475402832,-1.3026952743530273,157.11712646484375,71.93638610839844,44.62955856323242,31.22857093811035,25.441823959350586,16.69544219970703,15.495352745056152,16.851778030395508,12.146449089050293,13.915117263793945,10.907193183898926,9.610983848571777,9.010793685913086,5.751916408538818,8.236384391784668,0.09581643002028396,0.12334114399938385,1326.770545046176,943.7222783252035,1318.8582900330243,497.25424945954967,2541.9066937119674,1516.5993022636512,0.9085853099822998,1.1921460628509521
-573.1395263671875,60.92988586425781,16.282934188842773,20.22544288635254,10.208965301513672,9.906232833862305,2.5159950256347656,-3.589254379272461,-1.9381221532821655,1.0010656118392944,-1.5839309692382812,0.8140690922737122,-1.679917335510254,160.68585205078125,59.81135559082031,27.07040023803711,16.638917922973633,16.027347564697266,13.479719161987305,16.34538459777832,14.841375350952148,10.704310417175293,10.450190544128418,11.562308311462402,9.67609977722168,9.251558303833008,2.8024280071258545,7.963659286499023,0.14167771883289126,0.12695664993388703,2021.2851179190177,893.4752933639513,1958.0379406615211,512.0459238334664,4308.753315649868,1483.124090043644,0.5016190409660339,0.882039487361908
-503.1563415527344,74.77884674072266,6.166407585144043,22.994829177856445,-0.8939805030822754,9.775795936584473,-3.1582958698272705,1.1612904071807861,-2.1022703647613525,-1.030774474143982,-8.351316452026367,3.341465950012207,-1.4231493473052979,143.79481506347656,64.40658569335938,32.06672668457031,24.65123748779297,23.729703903198242,15.4329833984375,19.586027145385742,19.855066299438477,18.457250595092773,14.725577354431152,13.811031341552734,11.920660018920898,12.27245807647705,4.363435745239258,9.906198501586914,0.12155882352941176,0.15934492575329093,1397.2792555623391,1140.9764384477637,1389.8678710813815,479.26005679789296,2400.705882352941,1957.5325334147483,0.6862806677818298,0.9470691084861755
-396.0699462890625,100.98371887207031,-1.3100168704986572,21.925861358642578,-11.27747631072998,-4.458970546722412,-14.664948463439941,-4.266420364379883,-20.517261505126953,-14.858694076538086,4.365933418273926,-11.419577598571777,2.5668811798095703,111.9715347290039,71.14604187011719,38.06221008300781,35.96189880371094,31.348215103149414,20.464895248413086,17.634889602661133,15.578581809997559,17.47871971130371,17.615163803100586,13.730831146240234,16.131807327270508,10.807182312011719,9.452439308166504,13.525859832763672,0.17217849223946785,0.1826574033804818,1783.904832559596,1323.6052164255145,1443.9244886122085,555.2416108030365,3169.6674057649666,2036.607462399154,0.9319812059402466,0.8994696140289307
-453.4942321777344,102.00833129882812,3.775063991546631,34.31340026855469,14.242794036865234,0.1513247936964035,12.304829597473145,-11.071245193481445,-0.505405604839325,-1.33439040184021,-6.315080642700195,3.3480277061462402,-3.2860350608825684,118.31182098388672,87.91217041015625,32.76752853393555,29.833560943603516,25.42075538635254,20.2974910736084,17.104963302612305,15.509368896484375,15.053900718688965,11.925751686096191,13.005130767822266,10.713398933410645,10.805398941040039,2.6888346672058105,5.059793949127197,0.14391304347826087,0.17125337597044424,1621.1053517301534,1361.0661770415313,1408.5678866218175,541.6094660394166,2890.6393861892584,2186.08698763979,0.9123421311378479,0.8198228478431702
-545.0986328125,83.97115325927734,21.228532791137695,34.18632125854492,22.356782913208008,10.992356300354004,-1.9883826971054077,5.023568630218506,5.314059257507324,5.6386942863464355,2.884370803833008,3.345717668533325,4.388206958770752,155.996337890625,46.443443298339844,27.01456069946289,30.945444107055664,13.866350173950195,14.36984920501709,20.535491943359375,13.726627349853516,16.070131301879883,9.55639362335205,11.869638442993164,9.486272811889648,8.62590217590332,8.931663513183594,17.99199104309082,0.07409509202453989,0.07051700078154671,1397.1185330921776,597.7156450078354,1754.3833000690504,503.9421290197744,3232.6380368098157,1521.9408936310817,0.5211114883422852,1.171204924583435
-593.7567749023438,55.83487319946289,26.18297004699707,25.18462371826172,8.491632461547852,13.135510444641113,10.02319049835205,6.697263717651367,7.013771057128906,0.8551179766654968,6.013518810272217,2.2900404930114746,3.3726372718811035,145.5582733154297,33.93448257446289,21.760995864868164,14.716248512268066,22.334285736083984,13.650132179260254,13.676939010620117,13.92327880859375,11.154447555541992,14.266770362854004,7.4472784996032715,10.715570449829102,6.650819301605225,2.398800849914551,8.252982139587402,0.06778517110266158,0.09321065744984895,1513.284739983017,644.1473777689487,1982.8421959979935,295.30950886034293,3761.977186311787,1171.183425193986,0.5197497010231018,1.2481389045715332
-424.91766357421875,72.19046020507812,-5.496542453765869,29.253263473510742,-1.075869083404541,8.664651870727539,-19.470523834228516,2.9363083839416504,-9.54664421081543,-15.04405403137207,-3.1222097873687744,-11.082555770874023,-5.534603595733643,164.87136840820312,76.64893341064453,47.787025451660156,35.115692138671875,23.001314163208008,14.657021522521973,22.67488670349121,16.666276931762695,16.698881149291992,20.223337173461914,9.901524543762207,15.531278610229492,10.237543106079102,9.303483963012695,13.23854923248291,0.15982394366197186,0.20551349461520665,1960.368733610364,1468.40346800253,1534.9546806321443,543.4702097148067,3534.6478873239435,2046.377652276083,0.9368398785591125,1.1241613626480103
-522.9593505859375,59.05694580078125,13.701031684875488,33.42875671386719,1.2810794115066528,5.529577255249023,-1.7589633464813232,-3.8224127292633057,3.3458001613616943,0.2619186043739319,0.9098323583602905,-3.4853742122650146,1.5738643407821655,158.97547912597656,57.418094635009766,37.93459701538086,21.09441566467285,29.702760696411133,16.566375732421875,20.204090118408203,19.127777099609375,11.422150611877441,11.89539909362793,11.223884582519531,11.740067481994629,8.495022773742676,4.1967291831970215,9.044703483581543,0.12002016129032259,0.17187078322327048,1731.8434456264918,1133.3321848616315,1801.9675074293534,505.43624278436897,3693.548387096774,1679.6304286035504,0.6067437529563904,0.900994598865509
-499.6165466308594,82.80339050292969,21.827594757080078,27.836135864257812,10.578817367553711,18.728832244873047,-5.5618815422058105,1.6841591596603394,1.3410959243774414,9.557908058166504,-1.023007869720459,11.030546188354492,4.091514587402344,147.39456176757812,71.09538269042969,27.832050323486328,29.661392211914062,28.313228607177734,15.440402030944824,19.882089614868164,15.147513389587402,13.580463409423828,11.026875495910645,10.972396850585938,10.89415454864502,8.986915588378906,6.276070594787598,13.684591293334961,0.10591080402010049,0.14591528900937775,1426.528512219493,1037.495829852865,1490.2015066622646,488.92004143144686,2781.708542713568,1733.5875299787651,0.668316662311554,0.9561203122138977
-533.4786987304688,46.860633850097656,1.9558587074279785,28.89832878112793,-9.340113639831543,1.3936448097229004,-5.110474586486816,-4.36169958114624,-2.5076241493225098,-3.863004207611084,-1.7972463369369507,-1.8532451391220093,2.213953971862793,174.32852172851562,60.889156341552734,38.31161880493164,31.735694885253906,28.212923049926758,14.389768600463867,17.849340438842773,14.320822715759277,14.88783073425293,13.250420570373535,12.466391563415527,11.909070014953613,8.596985816955566,1.8562535047531128,3.795311689376831,0.165975975975976,0.17523285929985227,2134.3971342965065,1127.2356832270584,1852.0864775593127,533.706251535256,4279.399399399399,1644.619473572076,0.7022348642349243,1.2719087600708008
-577.0303344726562,39.919837951660156,9.329723358154297,12.270328521728516,2.604038715362549,1.8097034692764282,-1.6429424285888672,2.406968355178833,-0.3537142276763916,-0.30663028359413147,-2.727182626724243,-0.752652108669281,-2.700503349304199,162.68267822265625,54.307186126708984,28.87938117980957,16.90994644165039,20.29482650756836,14.468137741088867,15.96660327911377,11.017091751098633,10.616050720214844,7.969271659851074,10.064200401306152,8.020198822021484,7.492978096008301,2.5869455337524414,8.583017349243164,0.17774470899470898,0.16992146189562402,2357.804760677027,1153.2165070005237,2037.6597216973748,557.6356266137703,4756.825396825397,1890.5721191659682,0.44577643275260925,0.8857301473617554
-478.041015625,71.56987762451172,22.265798568725586,39.64015197753906,6.445817947387695,3.996077060699463,-2.2057747840881348,-6.21468448638916,0.06457631289958954,-6.694941520690918,-4.432323455810547,-3.4169719219207764,-0.18542951345443726,144.2158966064453,54.03632354736328,27.142118453979492,30.428916931152344,16.422069549560547,14.53075885772705,16.00305938720703,17.288652420043945,12.93178653717041,15.125787734985352,9.921701431274414,12.482263565063477,8.475825309753418,12.645298957824707,19.67278480529785,0.12006644518272426,0.13497937176096406,1802.1213704378945,1075.5618204002876,1787.4332729540897,586.3127585298156,3801.7275747508306,1962.0105472648468,0.6791703701019287,0.8915836811065674
-484.8657531738281,56.98060607910156,16.471012115478516,14.766340255737305,0.9344088435173035,7.463807582855225,-5.264456748962402,-8.043142318725586,0.7531695365905762,-12.860107421875,-4.3620686531066895,1.832605004310608,-9.468599319458008,191.09942626953125,88.85055541992188,35.173587799072266,28.993806838989258,24.617271423339844,23.961339950561523,17.449913024902344,19.77312469482422,12.854619026184082,19.340579986572266,10.284163475036621,9.09542179107666,13.763435363769531,7.9234514236450195,13.17607307434082,0.1845295698924731,0.20757888236810446,2184.3327478750275,1525.176669477801,1697.5702121990826,624.883113532684,3949.6774193548385,2333.416182068134,0.8236832022666931,1.1546634435653687
-506.5191955566406,56.44478225708008,2.4211905002593994,24.234935760498047,-3.3599367141723633,4.072137832641602,-9.230396270751953,-9.974457740783691,8.647035598754883,0.9912192225456238,-0.2089328020811081,-1.5203003883361816,1.848655104637146,161.86483764648438,53.097537994384766,42.53633117675781,27.91044807434082,33.5440559387207,16.846731185913086,24.674396514892578,20.74063491821289,14.42597770690918,11.264976501464844,12.556443214416504,11.248235702514648,9.668243408203125,4.884822368621826,12.330851554870605,0.169453125,0.23183724323616664,2112.5700783998445,1474.6581810601767,1865.165721627418,569.8249316548139,4168.333333333333,1952.9628488245467,0.7436972856521606,1.027288556098938
-469.02392578125,80.51392364501953,13.674200057983398,17.36381721496582,-0.43923696875572205,6.034918308258057,2.4495022296905518,-5.812692642211914,1.413291096687317,-14.762234687805176,1.0342384576797485,-0.7358400821685791,0.21667222678661346,156.12741088867188,70.745849609375,27.64999771118164,26.836956024169922,26.940763473510742,18.820627212524414,15.316388130187988,18.687118530273438,15.16760540008545,19.7779598236084,12.359148979187012,13.745016098022461,9.722588539123535,5.395882606506348,9.32540225982666,0.11008928571428571,0.14706678027819386,1580.8481415980705,1122.1531720906553,1619.931255922742,468.2907844673938,3039.6031746031745,1870.6207698921305,0.7488358020782471,0.9232586622238159
-429.3305969238281,81.528076171875,5.452538967132568,23.94013786315918,9.0679292678833,1.338244080543518,9.508241653442383,-11.350481033325195,5.483830451965332,-0.8353334665298462,-1.1759165525436401,4.860996246337891,-6.272258758544922,157.54965209960938,80.951416015625,34.52750015258789,26.24358367919922,20.576683044433594,19.14527702331543,15.671518325805664,19.175745010375977,13.786412239074707,12.037676811218262,9.96531867980957,10.766397476196289,12.089154243469238,6.5404205322265625,11.48371410369873,0.18444444444444444,0.18906959143565033,2043.323583874357,1351.7481626521128,1697.624744880105,555.3360136708537,3774.1798941798943,2180.3378189342866,0.9889733195304871,1.5037108659744263
-501.2113952636719,71.95667266845703,15.50982666015625,29.780437469482422,5.563498497009277,4.860252380371094,-0.15811604261398315,-1.849653720855713,1.6602106094360352,-3.000023603439331,-0.22993120551109314,-2.3709781169891357,1.7318406105041504,162.34825134277344,76.68767547607422,36.230743408203125,26.420095443725586,21.392410278320312,18.03202247619629,17.79629898071289,18.107282638549805,12.616714477539062,13.406980514526367,10.255489349365234,10.445138931274414,9.94511604309082,3.0889453887939453,6.422210693359375,0.13695409429280395,0.1726728816905715,1830.4165748017233,1288.5910883662602,1705.465313213351,583.1513384479133,3630.1736972704716,1944.909425794399,0.7626557350158691,1.026483178138733
-421.4323425292969,108.47244262695312,-10.885224342346191,23.930604934692383,9.905387878417969,-6.692080020904541,4.643284320831299,-7.118098735809326,-7.900028228759766,7.954401969909668,6.744124412536621,-3.030802011489868,-5.13692045211792,160.98678588867188,87.00444030761719,48.676082611083984,27.175247192382812,17.430583953857422,22.150341033935547,14.058670043945312,17.828927993774414,12.782773971557617,13.944074630737305,11.01823616027832,11.792224884033203,9.40361499786377,5.717696666717529,9.575469970703125,0.1457957957957958,0.17248037372890868,1713.2331031710005,1312.4779601605137,1420.3962973797093,585.5003840663239,3132.8528528528527,1957.0826098330851,0.9383435845375061,1.2939398288726807
-556.3058471679688,79.67720794677734,5.114602088928223,27.442136764526367,12.93399715423584,12.63370132446289,2.512730836868286,4.50559139251709,1.1408274173736572,6.232203960418701,-6.008927822113037,3.0145986080169678,-5.361517429351807,153.2779083251953,62.36452102661133,28.85936164855957,23.36150360107422,15.226840019226074,16.24033546447754,16.564306259155273,14.910088539123535,13.42303466796875,13.312748908996582,15.168333053588867,10.06659984588623,12.207305908203125,2.6210520267486572,6.741765022277832,0.1144151376146789,0.1251676706662984,1461.1789129304757,964.8123645513906,1388.1566573334894,380.2692126472988,2805.9633027522937,1551.4672660267101,0.5856152176856995,0.816828191280365
-431.31170654296875,86.30330657958984,-8.2823486328125,10.733222007751465,-13.146815299987793,-2.6598002910614014,-12.209525108337402,-16.727243423461914,-20.06181526184082,-4.303593635559082,-8.424836158752441,-9.226913452148438,-11.250136375427246,121.6473159790039,64.43222045898438,44.946815490722656,35.99793243408203,28.598358154296875,16.553089141845703,19.370941162109375,17.776039123535156,18.655048370361328,13.100968360900879,13.486085891723633,14.59417724609375,12.703542709350586,10.70587158203125,15.634398460388184,0.14005244755244758,0.15270276802056457,1559.6098488924015,1167.4744946257163,1350.2916142791078,538.376071244687,2712.261072261072,1945.8505889692192,1.0066821575164795,1.0627955198287964
-485.33502197265625,90.7018814086914,-0.9053230881690979,31.403705596923828,8.26674747467041,6.20469856262207,-3.3170995712280273,4.467815399169922,3.2970149517059326,-1.4197443723678589,-0.47836315631866455,1.1740734577178955,-1.8049901723861694,175.79354858398438,64.7597885131836,33.95647048950195,27.11553382873535,24.759777069091797,17.072355270385742,16.73736572265625,13.2222318649292,12.657451629638672,12.802474021911621,10.291440963745117,9.589407920837402,11.249135971069336,4.3548784255981445,7.654848098754883,0.1348905109489051,0.15451813744822598,1668.3627865554936,1056.1199320612282,1603.4825365063623,478.37559267345426,3287.883211678832,1643.4134987781765,0.7264518737792969,0.9426130652427673
-423.7535095214844,103.18977355957031,-6.00614595413208,19.031829833984375,-3.0058038234710693,-7.233349800109863,-12.090720176696777,1.9250702857971191,-13.605803489685059,-3.0738565921783447,-4.670770168304443,-13.281208038330078,-3.9664175510406494,136.45327758789062,67.11237335205078,40.44540023803711,25.901134490966797,23.200529098510742,17.574485778808594,18.006013870239258,16.507627487182617,17.477718353271484,11.755745887756348,12.323914527893066,15.161428451538086,10.599710464477539,10.591842651367188,19.711856842041016,0.09291903409090908,0.1276042014313426,1189.6438336197489,948.2525530787626,1209.3857634901835,527.5745181993142,2200.681818181818,1551.1958696544607,0.8892460465431213,1.1783138513565063
-570.1253051757812,72.28860473632812,3.3093833923339844,29.25277328491211,7.468385696411133,-5.294961929321289,-2.416471004486084,-0.2552691698074341,0.016305498778820038,5.460824489593506,0.8790252208709717,6.65217399597168,0.5710002183914185,160.1038818359375,66.28591918945312,35.82620620727539,29.701553344726562,17.59020233154297,23.33490753173828,15.04099178314209,13.01657485961914,14.086684226989746,10.773164749145508,10.126275062561035,9.276633262634277,8.117648124694824,2.4553415775299072,6.534883975982666,0.1273263888888889,0.10038193243398984,1810.2830719865992,759.5283845718271,1824.3807890509702,569.2230815232638,3977.777777777778,1601.8897019720023,0.6228209733963013,1.1403412818908691
-522.2211303710938,67.9517593383789,-2.876896381378174,26.707674026489258,-10.01663875579834,1.894976258277893,-1.9075565338134766,-0.9199920296669006,-1.0301235914230347,-6.430293083190918,-0.8673795461654663,-0.17207612097263336,0.23796027898788452,176.54608154296875,62.22365951538086,45.81113815307617,30.656620025634766,31.785400390625,15.578749656677246,15.05762767791748,17.093379974365234,16.119140625,13.082902908325195,11.81147575378418,14.475458145141602,8.068094253540039,2.749375104904175,5.645575523376465,0.1448228346456693,0.17819238947709112,1965.2511596547188,1226.4037383708858,1707.4720320238048,527.967854815602,3882.9921259842517,1581.6578140934535,0.690716028213501,0.9719849824905396
-568.0576171875,53.43452453613281,14.81798267364502,37.433921813964844,6.178398132324219,10.346049308776855,7.333345413208008,-1.0574204921722412,5.71984338760376,-1.224745273590088,6.802741050720215,2.9685046672821045,2.3700945377349854,179.1497344970703,58.956947326660156,26.448320388793945,30.842041015625,21.96101951599121,14.859086990356445,13.142912864685059,18.998743057250977,9.591262817382812,15.640543937683105,8.879132270812988,8.78744125366211,6.932272911071777,2.984764575958252,7.737292766571045,0.08882054176072234,0.09928471591869709,1658.9341993598744,720.2028310771542,1893.4997491947486,412.39055127156934,3887.5846501128667,1218.9238820341798,0.5381913185119629,1.0582026243209839
-458.7628173828125,91.41307830810547,1.772261381149292,18.514976501464844,3.4908957481384277,13.61465835571289,-15.758834838867188,-4.886186122894287,-11.158730506896973,9.475156784057617,-8.489123344421387,-0.5637314319610596,-1.7053486108779907,171.9093017578125,77.02088165283203,28.072223663330078,21.261837005615234,26.21644401550293,15.402144432067871,23.302772521972656,15.47640323638916,14.224533081054688,14.096150398254395,12.454408645629883,9.260953903198242,8.402145385742188,8.794076919555664,13.967355728149414,0.0888927738927739,0.12828877833654848,1325.0468872215943,941.0948714092943,1483.3411079776986,573.6010078632419,2714.4988344988346,1710.7725440721479,0.7462276220321655,0.9886181354522705
-456.1759948730469,118.85044860839844,1.1182235479354858,49.35890579223633,-5.635583877563477,3.101288080215454,-2.886848211288452,-3.483297824859619,-1.7918269634246826,-7.163218021392822,-3.85797119140625,-3.6758639812469482,-3.3270175457000732,142.38491821289062,68.82804870605469,39.204105377197266,37.136234283447266,25.118743896484375,19.079666137695312,19.25644874572754,19.61146354675293,13.325003623962402,14.022709846496582,10.773896217346191,9.7841796875,9.24619197845459,4.6719970703125,5.884030818939209,0.09480371900826447,0.12270912200212589,1299.2875125819178,902.1196860945724,1304.7748847294845,514.9688232288648,2601.3223140495866,1632.0483211473656,0.8380951285362244,0.9914510846138
-419.0226135253906,79.5429916381836,-20.660982131958008,14.498604774475098,-3.8761587142944336,-6.153393745422363,-11.824224472045898,0.2920249402523041,-5.853926181793213,-10.982979774475098,-14.179010391235352,-13.586159706115723,-8.649565696716309,139.91453552246094,64.85181427001953,40.76759338378906,26.497203826904297,24.060710906982422,15.620209693908691,19.743547439575195,13.347697257995605,14.58594036102295,13.569205284118652,14.665234565734863,14.83690357208252,11.733863830566406,7.238088607788086,10.482348442077637,0.16847332015810276,0.20688102063566205,1844.4306249875215,1409.8645173249297,1484.7098254298216,606.4784820217557,3277.8656126482215,2127.3937435375724,0.9443634152412415,1.168642520904541
-425.2870788574219,101.54346466064453,5.063714981079102,45.853179931640625,9.232819557189941,18.910293579101562,-3.6752164363861084,-12.700002670288086,-1.0110182762145996,-3.0675086975097656,-6.0552754402160645,11.480278968811035,-3.8154728412628174,128.30093383789062,80.57617950439453,32.44118118286133,31.535152435302734,23.925485610961914,22.537643432617188,20.067790985107422,20.098501205444336,12.824631690979004,13.219034194946289,13.890531539916992,10.957719802856445,11.86723804473877,7.075484752655029,11.664880752563477,0.1257828282828283,0.15462019550061137,1497.3312123777807,1166.982657930339,1335.7165942212303,476.32938779862104,2696.868686868687,1754.2129067336157,0.8914360404014587,0.8924083709716797
-540.282958984375,69.0614013671875,11.651448249816895,24.004819869995117,11.67068862915039,5.609529495239258,-2.9556829929351807,-11.457396507263184,0.4204862713813782,-4.3220672607421875,-2.1263651847839355,0.24276131391525269,-6.227114677429199,138.79470825195312,51.69575881958008,23.7637939453125,26.802581787109375,19.355175018310547,12.669146537780762,14.479070663452148,19.40178108215332,11.758089065551758,14.713156700134277,10.09649658203125,9.252286911010742,11.340694427490234,4.02110481262207,11.766435623168945,0.12929166666666667,0.10266611708456799,1860.1352990725304,877.7143472406894,1855.0619502071174,473.01743889507,3935.6666666666665,1661.0114388528455,0.6192349195480347,0.8482091426849365
-427.27545166015625,85.32877349853516,0.7973265647888184,22.92374610900879,-0.16710706055164337,3.832693338394165,-7.272945880889893,-14.117633819580078,2.614189386367798,-12.123763084411621,0.8625189065933228,-3.803732395172119,-6.924864768981934,175.91954040527344,67.34347534179688,40.25364303588867,32.56503677368164,24.338504791259766,19.60383415222168,21.08109474182129,24.291404724121094,16.097206115722656,17.67271614074707,14.815882682800293,14.879411697387695,15.071093559265137,7.775163173675537,11.56878662109375,0.12026605504587157,0.11764332599213771,1714.758587185133,965.5564704647506,1643.76416714544,543.6471707847764,3431.1926605504586,1796.0426042486877,0.9453687071800232,1.2097139358520508
-539.5061645507812,41.70457077026367,8.076292037963867,22.17831039428711,0.0771191194653511,7.674776077270508,0.6567830443382263,5.422724723815918,1.5108234882354736,-2.1048498153686523,-1.563767910003662,-0.2595851719379425,5.9032416343688965,161.6547088623047,51.7638053894043,21.305116653442383,23.592180252075195,25.100605010986328,16.95954704284668,15.250129699707031,10.861017227172852,10.44230842590332,12.207720756530762,10.059988021850586,8.295424461364746,8.017694473266602,2.0765509605407715,8.714336395263672,0.16555676855895196,0.1537825161697978,2133.118306059068,942.3923029996351,1933.6473930095633,394.01662070065316,4349.694323144105,1239.2751765972796,0.6998504996299744,1.0670280456542969
-463.7171325683594,89.23674011230469,19.34294319152832,18.96568489074707,-6.185646057128906,13.23613166809082,4.413597583770752,1.3975292444229126,-5.50591516494751,15.672966003417969,-1.393423080444336,11.698004722595215,2.4221584796905518,164.9009246826172,91.64674377441406,30.00714683532715,18.312694549560547,30.76200294494629,14.254045486450195,16.308565139770508,15.44392204284668,16.616445541381836,12.481247901916504,11.369546890258789,10.241146087646484,8.038812637329102,5.942774295806885,11.151826858520508,0.13945887445887448,0.16605470802602262,1684.3322917572618,1314.584797794451,1495.8687221284067,606.0258574135958,3088.4848484848485,2267.363182102501,0.7713466882705688,0.8807803988456726
-538.849609375,65.71449279785156,7.55980920791626,24.11232566833496,9.686622619628906,9.049337387084961,4.304630279541016,-6.287017822265625,2.736778497695923,0.9732148051261902,-0.23085954785346985,4.416163921356201,-2.2646708488464355,140.3955535888672,64.22587585449219,24.55501365661621,34.32891845703125,20.529661178588867,16.685909271240234,13.180034637451172,20.656225204467773,11.138957977294922,12.688400268554688,11.310700416564941,8.454660415649414,9.615264892578125,3.0457117557525635,8.746661186218262,0.13965827338129497,0.12549155200967024,1959.8415820540897,996.2665712957753,1809.522490576443,511.75442646585026,3956.978417266187,1789.947008851998,0.6953319907188416,0.9897915720939636
-487.5882873535156,84.07998657226562,12.37822437286377,31.8886775970459,2.80523681640625,16.181968688964844,2.285048007965088,2.5982441902160645,0.643042266368866,-1.0616159439086914,5.5416460037231445,4.720376968383789,-1.4412177801132202,150.2278289794922,71.39629364013672,28.02577018737793,32.78292465209961,24.784191131591797,13.3424072265625,15.477799415588379,15.742197036743164,11.837672233581543,16.008228302001953,11.730000495910645,9.713784217834473,10.811729431152344,5.943650245666504,14.832669258117676,0.10494546979865772,0.14229367777421045,1305.740900576351,1043.012470459384,1297.2404152044182,416.41362005696703,2399.0604026845635,1686.2600459775592,0.6466639041900635,0.8536819815635681
-489.550537109375,78.36691284179688,0.6420648694038391,19.426990509033203,-3.2255702018737793,10.081174850463867,-8.99878215789795,-9.47819995880127,-5.354472637176514,-2.013171434402466,-7.8569488525390625,0.8548145890235901,-10.265199661254883,167.73692321777344,51.11964797973633,36.60133743286133,28.515419006347656,29.2298583984375,15.876655578613281,19.111194610595703,15.94003963470459,20.102046966552734,10.997395515441895,14.327164649963379,14.35523796081543,14.499951362609863,5.130804538726807,10.298553466796875,0.11509649122807018,0.08697027313249711,1735.0049284458005,796.570486215412,1732.3794854452467,542.8349880200138,3548.2105263157896,1641.502507459084,0.689257025718689,0.9789863228797913
-440.32977294921875,103.02533721923828,-9.347860336303711,26.761892318725586,-10.35791015625,3.9360358715057373,-12.473821640014648,-4.543094635009766,-11.426080703735352,-5.712007999420166,1.7308956384658813,-2.9932806491851807,-4.907254695892334,150.82749938964844,62.195274353027344,45.545936584472656,24.18985366821289,31.117355346679688,20.98923683166504,22.713706970214844,19.70013999938965,15.124157905578613,14.36704158782959,12.595144271850586,14.659043312072754,9.918661117553711,5.852875232696533,8.346213340759277,0.09350828729281768,0.08449140129413611,1357.632501268777,724.8579047489727,1355.5506498847624,512.8255246165058,2704.3093922651933,1524.2834358065484,0.9316979646682739,1.0752055644989014
-520.5880126953125,76.93697357177734,8.576693534851074,29.50945472717285,6.2195940017700195,15.591070175170898,3.3279669284820557,3.631742238998413,1.9862706661224365,-1.6918455362319946,1.726991057395935,4.735279560089111,-1.3373100757598877,165.00759887695312,65.66575622558594,30.552690505981445,31.687305450439453,21.24570083618164,11.792501449584961,19.321434020996094,15.093555450439453,15.361510276794434,15.53554916381836,12.662875175476074,9.732780456542969,10.217145919799805,5.860598087310791,13.256011962890625,0.10640138408304499,0.1492266099104002,1335.7186747543735,1084.5668573084954,1331.4758851187773,439.0494897455867,2472.5259515570933,1759.8142557453161,0.7055091857910156,1.1426167488098145
-484.5367126464844,101.99090576171875,-2.5194284915924072,5.76820707321167,-6.195466995239258,-6.117700576782227,-13.095415115356445,-7.175588607788086,-13.955758094787598,-7.277112007141113,-5.146753311157227,-6.579863548278809,-12.039185523986816,162.05740356445312,73.11646270751953,43.29095458984375,31.26796531677246,23.204174041748047,22.72455596923828,19.781816482543945,20.0557861328125,16.02833366394043,11.630212783813477,13.324763298034668,10.38797664642334,14.21982479095459,8.14764404296875,13.497727394104004,0.11363309352517986,0.110988941952583,1469.8527388798286,956.2676146919168,1443.0272163592542,669.8991298587516,2929.4964028776976,1989.22902665597,0.8525147438049316,1.1954439878463745
-423.10491943359375,100.94379425048828,6.825324535369873,24.924556732177734,3.761937141418457,3.673855781555176,-4.222990989685059,7.0654191970825195,-14.2629976272583,-2.770128011703491,-4.0341105461120605,-2.343097448348999,-6.9171857833862305,155.4512176513672,67.72106170654297,29.021272659301758,30.57856559753418,30.929582595825195,15.248982429504395,19.023866653442383,11.22018051147461,17.062532424926758,13.300393104553223,11.595037460327148,9.028039932250977,11.421117782592773,12.946989059448242,21.35717010498047,0.08017276422764229,0.07596864745685608,1308.6358463031897,780.7417130836767,1475.6547737512308,586.8512755264387,2716.4227642276423,1856.9947441516879,0.7346906065940857,0.9131019115447998
-492.9317932128906,86.04070281982422,-8.723509788513184,17.629558563232422,-4.617245674133301,5.1731181144714355,-11.44058895111084,-5.510731220245361,-7.379555702209473,-5.31793212890625,-2.753100872039795,-9.006524085998535,-0.8520081043243408,158.27171325683594,52.50099563598633,45.60481262207031,26.845487594604492,30.350818634033203,13.14279556274414,20.573625564575195,15.600603103637695,15.591270446777344,12.226545333862305,11.684481620788574,13.112650871276855,8.68093490600586,4.833558082580566,8.96097469329834,0.08611524163568773,0.07581411741663159,1443.2043390229278,754.2152198850374,1531.137575455047,628.4150594736655,2981.1152416356877,1757.824002748165,0.8439319729804993,1.2006494998931885
-565.654052734375,60.7884521484375,11.01501178741455,15.428550720214844,5.22041130065918,6.060112476348877,4.040903091430664,0.7346177697181702,2.581977367401123,-6.248708724975586,4.330142021179199,1.224236011505127,0.9057013392448425,154.80581665039062,56.49109649658203,27.304529190063477,23.451927185058594,22.8532657623291,14.172228813171387,13.310016632080078,18.888301849365234,13.19935131072998,18.887496948242188,9.306265830993652,12.375202178955078,10.421150207519531,3.0322327613830566,9.37221908569336,0.11267515923566877,0.13295862061915792,1721.7945455403187,898.5046479027746,1881.1048760450308,515.9221750464129,3808.6624203821657,1704.270057074663,0.48618224263191223,0.683193564414978
-444.4447326660156,90.67588806152344,21.760793685913086,22.492353439331055,-5.8931565284729,0.9247890114784241,-17.710256576538086,3.2446765899658203,-14.435042381286621,-4.067894458770752,-7.369433403015137,-8.445977210998535,-13.882266998291016,124.27230072021484,72.20503997802734,36.00729751586914,30.385278701782227,30.455211639404297,20.11563491821289,16.181446075439453,17.077903747558594,16.315610885620117,15.077531814575195,15.607501029968262,13.896092414855957,10.847908973693848,6.52495813369751,11.80551528930664,0.14447815533980585,0.20202884961363532,1654.9398166866006,1491.876567600435,1381.559342038194,522.7583676771936,2781.1650485436894,2109.2110985379986,0.8779271841049194,1.0014163255691528
-540.0086669921875,74.84759521484375,20.807186126708984,35.0168342590332,16.512611389160156,7.252948760986328,0.5924587249755859,-0.4787397086620331,7.402719020843506,-0.20521990954875946,-0.004924239125102758,0.716008186340332,-2.7408816814422607,134.6229248046875,39.27733612060547,21.697467803955078,28.151641845703125,17.134214401245117,14.573959350585938,15.270561218261719,15.188867568969727,13.935218811035156,11.466066360473633,9.713372230529785,8.481911659240723,9.623891830444336,4.438093185424805,11.847785949707031,0.1046826280623608,0.07892122774129601,1757.2114635752196,691.253961870449,1922.962032261663,434.3339415040134,3940.1336302895324,1482.3952747216615,0.5194164514541626,0.7818291187286377
-560.5999755859375,53.117759704589844,26.113056182861328,33.78245162963867,4.619692325592041,2.809943675994873,4.261178970336914,5.53603458404541,-3.9129104614257812,-2.9646646976470947,-2.50247859954834,0.6418324112892151,-1.4649739265441895,165.94239807128906,47.73594284057617,22.374645233154297,27.772550582885742,23.1381778717041,16.416858673095703,15.368520736694336,14.60964298248291,19.79479217529297,13.918562889099121,12.466139793395996,9.166267395019531,9.395939826965332,2.6922948360443115,6.047788619995117,0.11984601449275363,0.17588247687737835,1863.613203865134,1162.1129433080337,1934.1692426487487,459.08374272398476,4105.507246376812,1657.7578154197226,0.561550498008728,0.8930829167366028
-481.2735595703125,85.21571350097656,-3.5469038486480713,21.467449188232422,2.2442092895507812,8.252614974975586,-7.34324312210083,7.152024269104004,4.238568305969238,1.8685333728790283,-8.060629844665527,2.683180809020996,-2.5419766902923584,179.74853515625,97.92652893066406,31.697635650634766,18.569608688354492,22.486482620239258,16.0246639251709,21.423084259033203,12.811923027038574,13.074186325073242,12.544806480407715,10.946053504943848,10.286559104919434,10.209406852722168,3.1447203159332275,7.1150336265563965,0.17446843853820598,0.16948159623494785,1927.9493169610396,1279.455668057145,1523.6591918317322,618.7300430297577,3599.468438538206,2058.5398777788755,0.7286431789398193,1.073544979095459
-403.5238342285156,107.16534423828125,3.1223742961883545,60.01481628417969,-9.523921012878418,5.745741844177246,-5.857834339141846,0.16101287305355072,4.295938968658447,-5.692760944366455,-2.155315399169922,0.6902163624763489,-2.526293992996216,138.71739196777344,70.23814392089844,32.9302864074707,36.43560791015625,21.734994888305664,17.663259506225586,17.36883544921875,15.24477767944336,12.193434715270996,14.340643882751465,9.252659797668457,9.263912200927734,8.653190612792969,15.429276466369629,20.234149932861328,0.11923423423423427,0.14764738887169598,1448.3751870387182,1008.3123482222077,1370.1821978901867,438.91682660504983,2816.936936936937,1518.4491808888333,0.710232138633728,0.8646675944328308
-420.05908203125,89.93592071533203,8.450977325439453,28.38060760498047,8.124710083007812,7.557145118713379,-10.913426399230957,0.019724758341908455,-13.16309642791748,-2.316148281097412,-2.4088692665100098,-1.2460607290267944,-2.12768816947937,151.8246612548828,77.61675262451172,27.33662223815918,29.195573806762695,28.235124588012695,16.16917610168457,20.47762680053711,13.54220199584961,20.290023803710938,11.334749221801758,11.64928913116455,9.551324844360352,9.744189262390137,13.669899940490723,18.481786727905273,0.10839835728952772,0.13726585977633032,1509.8189029181103,1119.5423885804798,1511.551816420552,592.2657125038993,2985.2977412731007,2004.7575507846734,0.8344417214393616,0.9800333976745605
-417.0895690917969,120.94998168945312,0.12289174646139145,28.831159591674805,-3.711939811706543,0.8717972040176392,-17.61500358581543,-16.84107208251953,-4.853585720062256,-1.355162262916565,-9.343502044677734,-0.9343958497047424,-7.22144889831543,145.35336303710938,70.53128814697266,39.392250061035156,35.12689208984375,24.421707153320312,19.275428771972656,21.609535217285156,22.69399642944336,15.424463272094727,16.63810157775879,13.205065727233887,14.214470863342285,11.58940315246582,8.428274154663086,13.216495513916016,0.08548611111111111,0.07850893315334595,1190.0129348999146,744.9221889849797,1228.2753137140282,487.7930644081558,2240.5555555555557,1513.5118796615186,1.0936075448989868,1.376357078552246
-537.9248046875,68.86311340332031,2.9277572631835938,32.65230941772461,0.010658817365765572,9.695796966552734,3.260291337966919,0.17935048043727875,2.0130367279052734,-2.040459632873535,-1.3367764949798584,5.4224677085876465,-2.154066801071167,173.90213012695312,66.01362609863281,33.07155227661133,28.604106903076172,17.870563507080078,13.823288917541504,14.548336029052734,18.804306030273438,15.176959037780762,13.937426567077637,11.331979751586914,9.659819602966309,12.526041984558105,2.7368595600128174,5.273804664611816,0.1373822463768116,0.16444849005223805,1715.3027327623247,1187.9174241289807,1550.0898380651706,400.98429451674497,3167.8260869565215,1810.9480818790746,0.6980398297309875,0.9720383286476135
-465.7163391113281,86.28569030761719,11.505131721496582,24.9810848236084,4.826235294342041,-2.8925914764404297,-20.674701690673828,-10.664430618286133,-11.416617393493652,1.488289475440979,-3.8620944023132324,-2.073646306991577,3.4015870094299316,117.83304595947266,61.716888427734375,37.088539123535156,29.213214874267578,20.410375595092773,18.656274795532227,25.88003921508789,20.828336715698242,17.738706588745117,12.734915733337402,14.251944541931152,14.91013240814209,10.57371997833252,7.3826422691345215,12.800761222839355,0.13705985915492958,0.18006779320377073,1645.199793975506,1280.7401637386208,1527.1709227669003,647.5733163733332,3132.2535211267605,2125.598969227394,0.9022929072380066,1.1251763105392456
-455.71966552734375,104.90013885498047,-2.0207526683807373,40.791717529296875,11.826586723327637,-5.9423508644104,1.7255585193634033,-9.435490608215332,-6.153562068939209,-8.384895324707031,-6.178340435028076,-0.6952205896377563,-4.197938442230225,140.16744995117188,75.4144515991211,42.69211196899414,29.230958938598633,23.01256561279297,23.024578094482422,13.780927658081055,19.411916732788086,13.585360527038574,13.70917797088623,12.696389198303223,9.862632751464844,10.654153823852539,4.291586875915527,8.873516082763672,0.1266744548286604,0.16688885094166123,1495.5919728786241,1236.3442607379445,1338.129611516001,520.1402095536092,2772.2118380062307,1839.7698366094241,0.86333829164505,1.0249347686767578
-473.786376953125,50.48616027832031,7.292105674743652,27.25580406188965,3.6899361610412598,8.933396339416504,3.253056287765503,-2.492530584335327,8.505398750305176,-4.330129623413086,0.15104350447654724,3.593289375305176,0.18798378109931946,171.62844848632812,75.65642547607422,34.778804779052734,27.759363174438477,18.304168701171875,14.532458305358887,14.985527992248535,22.360713958740234,11.94843864440918,13.760187149047852,9.755139350891113,8.790081024169922,12.54813289642334,5.136603355407715,11.243846893310547,0.16600819672131148,0.18242758482012952,2074.8740997284767,1272.8257677261533,1757.1165076093923,453.9342100293116,4034.4918032786886,1653.8641748793057,0.7968356609344482,0.9983267784118652
-515.9956665039062,70.96903991699219,6.752049446105957,25.726362228393555,2.029001474380493,-2.3590826988220215,-10.93262767791748,3.5516209602355957,-8.399018287658691,-0.4478575885295868,-3.736774206161499,-7.915783405303955,-2.1924238204956055,169.42626953125,65.65758514404297,33.89608383178711,27.230321884155273,21.237632751464844,17.904592514038086,23.36250877380371,11.651638984680176,15.621987342834473,11.754444122314453,10.408330917358398,13.321039199829102,9.607144355773926,6.949745178222656,12.368579864501953,0.12655448717948717,0.1303394369560459,1759.6064707126677,1094.0435893876686,1679.3296715669983,631.3394928815593,3628.4615384615386,2043.3105848002178,0.8799180388450623,1.4079517126083374
-497.16119384765625,91.07325744628906,1.4481475353240967,44.1009635925293,6.139249324798584,4.5107622146606445,-3.541138172149658,-4.232356548309326,10.901988983154297,0.4784412682056427,-1.027724027633667,2.060685396194458,-1.3149102926254272,183.68240356445312,51.551116943359375,46.93751907348633,36.208595275878906,19.287954330444336,14.392165184020996,16.57200050354004,22.25864028930664,12.429000854492188,17.082763671875,11.21145248413086,12.850006103515625,9.626077651977539,4.034426212310791,7.115789890289307,0.1276253687315634,0.12104724840977553,1831.7812441632716,873.8228591425209,1817.903702277903,485.840722245421,4004.8377581120944,1339.2941235922672,0.6459059119224548,0.6571832895278931
-389.5606994628906,95.49290466308594,-6.933979511260986,34.75712585449219,-13.236701011657715,-3.3798775672912598,-16.35137939453125,-5.225137233734131,-15.586752891540527,-4.78945779800415,-2.18223237991333,3.1192736625671387,-4.615620136260986,119.55713653564453,57.84339141845703,38.619293212890625,30.067787170410156,26.536842346191406,19.31817054748535,19.012310028076172,18.53272247314453,17.161787033081055,14.713863372802734,12.884498596191406,15.579340934753418,11.052970886230469,11.83895206451416,15.096843719482422,0.1413451443569554,0.17377206511089657,1555.7307995336114,1224.493211681177,1326.4246438722087,449.0139017617471,2763.8845144356956,1783.2812445494321,0.9420858025550842,0.9653428792953491
-404.2699279785156,126.84024047851562,20.767549514770508,48.70008087158203,4.397468566894531,12.43143081665039,-4.578881740570068,-6.549567699432373,-14.680689811706543,10.799135208129883,-0.6548378467559814,2.121824026107788,3.4184367656707764,114.61717987060547,85.7088851928711,37.677425384521484,27.9359130859375,21.47108268737793,24.239177703857422,16.070096969604492,17.700225830078125,17.817684173583984,15.356971740722656,12.597026824951172,12.437691688537598,13.887297630310059,9.27084732055664,12.970574378967285,0.10322323462414577,0.13532180596112545,1234.7696743194,1135.9369033564847,1131.5986988121092,524.664876950689,2161.366742596811,1822.046197586022,0.9365603923797607,0.8703423738479614
-503.1583251953125,81.43917846679688,1.0047017335891724,32.89060592651367,-7.899380207061768,0.45493465662002563,-4.153839111328125,-4.053614139556885,-8.91539192199707,-11.391613006591797,-1.0292068719863892,-3.756211280822754,-2.5814900398254395,197.30694580078125,54.764652252197266,43.19467544555664,30.119422912597656,28.150157928466797,19.840539932250977,22.496362686157227,17.0654354095459,18.792943954467773,16.326229095458984,8.862080574035645,9.751018524169922,9.63731575012207,6.111647605895996,9.803324699401855,0.10034905660377359,0.09768666625113658,1584.717536886726,759.8629518869548,1694.2737410921382,530.7298004551939,3529.056603773585,1495.7921661591836,0.670961856842041,1.1584476232528687
-500.9805603027344,80.661865234375,23.180870056152344,23.884296417236328,11.779428482055664,9.67419147491455,6.616325855255127,-4.239551544189453,-4.769150733947754,8.462966918945312,-4.195036888122559,7.861576557159424,0.05575750023126602,150.26724243164062,75.3864517211914,37.09901428222656,31.974655151367188,16.204259872436523,17.89243507385254,14.809197425842285,18.18446159362793,16.510984420776367,16.811100006103516,14.180354118347168,9.748278617858887,12.672704696655273,2.662581443786621,7.234679698944092,0.11649999999999999,0.17142759147128872,1593.617081795491,1274.4584861989713,1600.9886371136745,517.1867730951993,3016.470588235294,1963.4931093109085,0.7675687074661255,1.08517587184906
-533.9802856445312,87.40653228759766,28.76976203918457,31.755783081054688,8.5144624710083,9.266008377075195,0.5471937656402588,-0.4858599007129669,6.807442665100098,2.894104242324829,-0.8929534554481506,1.3732143640518188,-5.946213245391846,159.9591827392578,61.18582534790039,24.90534019470215,23.86153221130371,21.11396026611328,13.295289993286133,17.03878402709961,17.181833267211914,11.785324096679688,11.68027114868164,10.978910446166992,9.210639953613281,12.389242172241211,6.9421234130859375,13.550298690795898,0.0561616847826087,0.0420834648720821,979.6563942495357,484.4711498731635,1293.0722929004107,330.7039107090053,1979.1304347826087,1269.426138897889,0.5401066541671753,0.7356444597244263
-518.8388671875,89.33423614501953,2.346182346343994,21.52544403076172,-3.2676889896392822,4.224723815917969,5.329263210296631,3.121537923812866,0.45132070779800415,-4.130115032196045,5.896106719970703,3.2260658740997314,2.6000354290008545,166.00428771972656,60.79877853393555,37.15102767944336,27.630226135253906,29.07084846496582,16.684579849243164,15.138397216796875,12.975937843322754,15.799787521362305,15.52281665802002,9.332858085632324,12.950100898742676,8.73062801361084,2.574354887008667,5.216611862182617,0.1415184049079755,0.17243351069957255,1747.7843529827492,1072.7268129025633,1740.4459201093746,542.1150153144134,3588.4662576687115,1772.3810136227517,0.8020562529563904,1.0735191106796265
-463.50970458984375,85.8848648071289,6.869393348693848,22.944297790527344,-7.0852580070495605,10.750991821289062,-2.861884355545044,-1.522606372833252,-3.9005513191223145,-10.510697364807129,-3.6484854221343994,3.4454636573791504,-5.193202495574951,152.08522033691406,68.51040649414062,28.40753936767578,25.949779510498047,29.085975646972656,17.38114356994629,17.019834518432617,16.281770706176758,16.416900634765625,17.616918563842773,12.426836967468262,13.215155601501465,11.755271911621094,5.784191131591797,10.04191780090332,0.11064723320158103,0.14439003352337854,1345.3519214328794,1114.2179099182338,1280.3010768014992,406.4527247966096,2373.122529644269,1824.7811425450634,0.7179883122444153,0.8581448793411255
-428.5627136230469,74.84396362304688,-21.67768096923828,5.185111999511719,-1.1036211252212524,4.879268169403076,-21.53404998779297,1.4627617597579956,-8.560748100280762,-6.23483943939209,-3.41866397857666,-8.47955322265625,-8.227041244506836,164.8284454345703,74.6199951171875,45.28484344482422,22.664310455322266,24.419694900512695,14.328103065490723,27.397258758544922,14.878015518188477,17.788028717041016,12.82058334350586,12.726271629333496,12.901042938232422,13.020966529846191,6.849534511566162,12.809043884277344,0.17537777777777774,0.19052346474196807,2013.660158663603,1384.6813824286887,1584.618128108988,599.8475533790595,3613.3333333333335,2079.0425146633675,0.9893850088119507,1.4387221336364746
-503.88861083984375,85.61338806152344,13.352890968322754,34.311927795410156,4.691516399383545,5.266781330108643,-1.6784437894821167,-11.49700927734375,2.2002110481262207,-4.850004196166992,-3.019636392593384,-0.34593823552131653,2.8755218982696533,154.19329833984375,62.99909210205078,27.781352996826172,28.43924903869629,24.086483001708984,16.160457611083984,15.869464874267578,23.177274703979492,12.289505958557129,14.52107048034668,9.91436767578125,12.841999053955078,9.203553199768066,4.260037899017334,6.487281799316406,0.11806818181818182,0.11109403657095768,1704.6362828753463,912.5492407045508,1721.5243103251514,548.1854056803129,3598.961038961039,1810.772658800287,0.8346629738807678,1.4180084466934204
-531.3287963867188,66.85563659667969,-5.033236980438232,18.71356201171875,13.609881401062012,4.448923587799072,-7.43329381942749,-20.175189971923828,5.856940269470215,3.1824934482574463,-5.598018169403076,-3.1378250122070312,-1.1311564445495605,158.5181884765625,60.00288772583008,40.987091064453125,23.07017707824707,16.82212257385254,18.617048263549805,16.645795822143555,26.85158348083496,12.61776351928711,13.848508834838867,11.5219144821167,10.968850135803223,11.62994384765625,2.0135622024536133,5.205079078674316,0.18567275747508308,0.1797009329534949,2043.8588862849301,1230.7367715852317,1705.2902933602818,487.2692958194832,3789.102990033223,1769.5807805507818,0.9140283465385437,1.316536784172058
-465.722900390625,99.09317016601562,15.571117401123047,42.30488586425781,18.848222732543945,5.630265235900879,1.5246939659118652,0.39788544178009033,-7.31987190246582,5.737543106079102,-3.2742886543273926,6.722373008728027,2.0621883869171143,146.6747283935547,82.59567260742188,39.47346115112305,26.79892921447754,17.59407615661621,23.65567970275879,15.434847831726074,19.72813606262207,18.29608154296875,11.821246147155762,15.399794578552246,9.41678524017334,10.344199180603027,7.734930515289307,14.222853660583496,0.11484375000000001,0.13810334601191784,1570.1861496544143,1175.2548021783555,1458.6087851563816,637.4772797084677,3049.6875,2010.6637342787456,0.9312068819999695,1.1647220849990845
-532.0758056640625,62.32809066772461,15.43513011932373,20.81899070739746,2.433854579925537,4.7841410636901855,2.7320823669433594,-2.407449960708618,3.261970043182373,-10.411758422851562,3.013932228088379,0.27122780680656433,-1.0263358354568481,161.46705627441406,62.04106903076172,24.40998077392578,23.803192138671875,25.533966064453125,15.991777420043945,14.656423568725586,19.974777221679688,13.486865043640137,20.5023250579834,9.94532585144043,13.106242179870605,11.444941520690918,4.060917854309082,8.883431434631348,0.121871387283237,0.16391872480946817,1707.5262333481785,1120.4256724034985,1777.8952768962,505.54969021986443,3536.300578034682,1850.7021513483594,0.5789371728897095,0.9896757006645203
-520.8080444335938,82.31322479248047,-4.251334190368652,35.11801528930664,3.534506320953369,8.971010208129883,-0.20841772854328156,3.7297868728637695,6.032904148101807,5.539554595947266,3.1049277782440186,5.733153820037842,0.08648151159286499,141.78489685058594,41.59951400756836,35.62440490722656,26.95664405822754,14.927488327026367,12.693185806274414,13.95216178894043,14.269920349121094,11.134733200073242,10.498516082763672,8.869522094726562,8.70351791381836,9.095765113830566,3.0582809448242188,7.750667095184326,0.10945652173913044,0.07193508655319578,1584.2312710517374,613.1283929625124,1571.7620390959391,343.7550109973068,3351.406649616368,1162.5845692558867,0.6390215754508972,1.0320072174072266
-506.0995788574219,78.22460174560547,-3.0453312397003174,11.950650215148926,6.687952518463135,3.2080910205841064,-5.644285202026367,-1.8311936855316162,2.0817534923553467,-1.5734717845916748,-1.634033441543579,-3.8623547554016113,-2.096349000930786,158.17825317382812,77.57992553710938,39.82992935180664,18.440715789794922,24.34281349182129,14.505205154418945,18.871999740600586,15.18492603302002,11.547059059143066,13.811861991882324,9.53597354888916,12.109902381896973,10.787484169006348,4.010706424713135,8.740020751953125,0.15277118644067797,0.18508120805894493,1889.2506921406866,1289.786094055536,1640.4676189411816,703.78957675316,3708.8813559322034,2168.6896229840822,0.7992474436759949,1.2386746406555176
-469.4976501464844,76.24850463867188,19.231103897094727,38.70404815673828,11.68994426727295,2.56103777885437,-5.951649188995361,-2.9158053398132324,4.729414939880371,-0.11681484431028366,-1.223673701286316,0.03643239289522171,-8.176243782043457,140.88961791992188,55.3982048034668,29.200801849365234,31.339086532592773,20.10749053955078,16.215988159179688,14.665363311767578,13.63643741607666,11.522575378417969,10.408263206481934,10.737472534179688,11.46407413482666,10.134808540344238,6.828221321105957,14.485440254211426,0.12604861111111113,0.12186724789369004,1728.2688720384613,935.0023922930327,1705.3918721607586,427.14706179443266,3379.1111111111113,1631.3236918693729,0.7240246534347534,0.9229974746704102
-514.70654296875,51.58795928955078,-1.5011229515075684,26.803003311157227,5.9937849044799805,-3.0176806449890137,-10.964015007019043,-11.395036697387695,5.437201023101807,-0.859047532081604,-5.906246185302734,-3.267369270324707,4.137601852416992,156.02383422851562,63.05925369262695,31.36750030517578,23.8139705657959,17.729785919189453,17.452425003051758,18.754995346069336,21.049360275268555,11.182343482971191,10.490116119384766,12.437989234924316,14.306233406066895,8.987733840942383,3.885136365890503,9.757979393005371,0.13421921921921923,0.12279783303784225,1834.569225692565,918.542361822615,1738.078534287757,498.38508892864166,3805.285285285285,1566.8735706751115,0.7008321285247803,1.0450489521026611
-386.4979248046875,99.88646697998047,22.802135467529297,23.503807067871094,14.303754806518555,8.584439277648926,-2.016690731048584,-4.050936222076416,-10.565893173217773,5.614762783050537,-6.579294204711914,5.87059211730957,0.5751700401306152,132.5425567626953,80.99393463134766,33.20447540283203,34.504634857177734,23.485857009887695,18.241361618041992,21.404590606689453,17.032062530517578,17.36098289489746,13.733591079711914,13.460500717163086,14.761028289794922,12.05605411529541,9.371259689331055,10.784444808959961,0.1287059471365639,0.19959317651163835,1596.4166985431032,1534.8375140214634,1439.6087984658593,548.2547310947182,2776.9162995594716,2223.4685779707597,0.908470630645752,0.9079301357269287
-416.13275146484375,108.4201889038086,-7.480175971984863,22.499462127685547,-6.788361072540283,8.940740585327148,-4.359131813049316,-3.1232352256774902,-3.09106183052063,-7.208273887634277,-6.35329008102417,-5.665278911590576,-4.876578330993652,131.39642333984375,63.11821365356445,37.71086883544922,30.118059158325195,25.386995315551758,14.663713455200195,17.66260528564453,15.272761344909668,16.080867767333984,14.652188301086426,13.281216621398926,11.827085494995117,11.618337631225586,17.2662410736084,25.777921676635742,0.0874937965260546,0.14047989122094107,1147.490116782459,947.9491854299698,1195.8819701362859,495.0765462295378,2065.1116625310174,1608.6122666000172,0.9008681774139404,1.1314843893051147
-489.4314270019531,87.41132354736328,21.816133499145508,38.752140045166016,20.06694984436035,3.415428400039673,-7.161797523498535,-8.80226993560791,9.024665832519531,3.7490768432617188,-3.620044708251953,0.554152250289917,-5.696059226989746,157.9739227294922,60.72907257080078,25.295230865478516,32.619842529296875,16.19867515563965,17.093111038208008,17.357955932617188,21.092674255371094,13.748001098632812,11.563582420349121,9.958508491516113,10.686358451843262,12.789101600646973,8.840621948242188,14.795245170593262,0.11097596153846154,0.1186711150902685,1616.9030415812829,962.2150429463412,1676.9578039277922,534.8535355205754,3291.153846153846,1855.974608005759,0.6651284098625183,0.9325191378593445
-471.1909484863281,107.0299301147461,24.774560928344727,23.050844192504883,6.3203444480896,13.222738265991211,9.213457107543945,0.813706636428833,-3.7458486557006836,5.818063259124756,-1.3228046894073486,10.40392017364502,1.3124256134033203,158.86590576171875,78.26702117919922,31.042985916137695,26.07415008544922,30.595632553100586,20.43194580078125,15.50263786315918,15.898958206176758,17.483293533325195,12.205127716064453,12.671213150024414,11.478753089904785,10.64991569519043,5.495613098144531,10.568594932556152,0.07955382436260623,0.12442899015177337,1185.09688556523,1093.6046041285967,1332.0636952538837,584.0491170114668,2157.9603399433427,1998.5321323360022,0.8887431025505066,1.4247630834579468
-426.21502685546875,97.1641616821289,-1.1078343391418457,18.555591583251953,-10.517868041992188,7.237934112548828,-11.414942741394043,-3.3202109336853027,-11.946998596191406,2.117051839828491,-6.848269939422607,-12.212220191955566,-7.328075885772705,149.22613525390625,67.0305404663086,40.21083068847656,30.348033905029297,26.38173484802246,21.070209503173828,22.54415512084961,13.972756385803223,19.636682510375977,13.38154125213623,12.568614959716797,16.50864028930664,20.28108787536621,11.884254455566406,15.643287658691406,0.13272000000000003,0.19287846328711764,1558.2471371427762,1272.7055616779962,1412.9234117310455,532.9916584025373,2840.0,1952.6490724141909,1.0211310386657715,1.350169062614441
-522.2930908203125,58.625648498535156,-0.5795546770095825,29.141521453857422,0.8370311856269836,-2.2908802032470703,-2.29113507270813,-9.367778778076172,-1.2190855741500854,-2.9810752868652344,-4.526818752288818,-5.038963794708252,4.216006755828857,164.63038635253906,65.15791320800781,36.573917388916016,23.9978084564209,21.151954650878906,18.606212615966797,17.178041458129883,20.23110580444336,14.526774406433105,11.149857521057129,11.193286895751953,12.626554489135742,8.322549819946289,4.891845703125,11.598028182983398,0.10790677966101694,0.10615169328811717,1752.2454051696143,887.4382593787388,1755.9607139168832,581.8637981399086,3772.0677966101694,1666.890171205424,0.6565426588058472,0.9327151775360107
-525.1402587890625,80.91098022460938,24.994291305541992,28.3687686920166,9.39395523071289,-0.6059486269950867,-0.7882640957832336,-10.269231796264648,-3.894652843475342,-8.500497817993164,-1.4857661724090576,-9.922741889953613,3.7661378383636475,142.12588500976562,47.734619140625,26.59513282775879,28.171384811401367,19.472827911376953,17.75423240661621,17.180334091186523,22.739032745361328,17.6343994140625,16.74444580078125,11.432992935180664,14.886205673217773,8.874585151672363,3.9674105644226074,9.785967826843262,0.09006880733944954,0.12089164091669732,1561.6018088000155,941.8952175379089,1833.9566690046595,564.9210407411778,3539.4495412844035,1888.0298137818554,0.6573689579963684,0.9398053288459778
-476.3714904785156,83.60358428955078,-13.109916687011719,4.3581767082214355,-9.1914644241333,0.5105007290840149,-10.309666633605957,-12.339770317077637,-8.951884269714355,-9.348442077636719,-7.230463981628418,-12.787714958190918,-7.558132171630859,157.3070068359375,67.52326202392578,43.91667175292969,23.71401596069336,23.619285583496094,14.479859352111816,20.57633399963379,18.915536880493164,15.221883773803711,13.943902969360352,11.767817497253418,13.718871116638184,11.708858489990234,6.183365345001221,9.304533958435059,0.1299322033898305,0.1349897817108077,1675.6473832212137,1129.1800425031286,1504.8756374419393,637.5561008588021,3100.7457627118642,2101.6211949891945,0.9686329960823059,1.397823691368103
-537.9693603515625,52.719242095947266,11.008842468261719,25.695348739624023,1.6944671869277954,9.273567199707031,3.6985983848571777,2.5665900707244873,-0.6265972852706909,-2.869206666946411,1.3006136417388916,0.7851777076721191,-0.14985261857509613,163.00450134277344,59.77659225463867,29.80508041381836,18.98970603942871,24.943269729614258,16.301733016967773,15.383051872253418,13.139984130859375,14.423240661621094,11.190430641174316,9.410099029541016,10.74295425415039,7.09438943862915,5.073149681091309,13.360041618347168,0.125765306122449,0.13331992244786572,1923.068787941779,996.5545094831015,1835.6686236870382,460.15855672415745,3977.5510204081634,1508.1030982263483,0.5511652231216431,0.8877744674682617
-399.2481689453125,92.27973937988281,-2.6883044242858887,43.128055572509766,-4.575165748596191,1.7012147903442383,-19.47305679321289,-3.216197967529297,-15.725706100463867,-4.406389236450195,-4.83781623840332,-4.498315334320068,-6.706669807434082,122.15483856201172,63.2028923034668,37.132389068603516,35.18632888793945,22.715003967285156,16.48715591430664,16.8030948638916,17.947525024414062,16.40854263305664,16.942890167236328,11.564844131469727,12.988048553466797,10.582391738891602,9.96451187133789,13.75173568725586,0.14487612612612613,0.1738066174974187,1679.568447899929,1213.4292963988303,1425.5028019874626,457.5964143344441,3119.7297297297296,1771.5763629708044,0.815211832523346,0.8169651627540588
-473.21148681640625,66.43514251708984,-1.0650699138641357,21.026573181152344,-9.899463653564453,-1.6784476041793823,-11.299671173095703,-3.8021862506866455,-15.145872116088867,-1.4226460456848145,2.0957019329071045,0.23480185866355896,-3.460998058319092,128.70574951171875,51.7602653503418,33.85653305053711,23.645584106445312,28.366561889648438,15.117148399353027,20.32213592529297,14.362235069274902,18.176118850708008,12.201014518737793,10.125043869018555,15.989962577819824,11.15234088897705,3.395347833633423,6.919652462005615,0.16888535031847135,0.20654515069551424,1729.4753887037477,1317.676502131193,1480.182007464866,463.1207010135073,2979.235668789809,2037.8612309697442,0.7718312740325928,1.0062956809997559
-447.7388000488281,84.4396743774414,-7.523708343505859,15.24116325378418,0.9809757471084595,6.707023620605469,-22.780364990234375,-5.993815898895264,-20.196592330932617,-1.4485276937484741,-13.616621971130371,-3.388097047805786,-6.602677822113037,149.7269744873047,85.61819458007812,37.4973030090332,31.961254119873047,21.225601196289062,20.447662353515625,21.11078453063965,17.107200622558594,17.703256607055664,12.503828048706055,13.323458671569824,12.188542366027832,12.53933048248291,6.171092510223389,10.28331470489502,0.18950757575757576,0.24138458708459792,1888.5464242598375,1627.154906955626,1350.6049132259968,526.4618525748284,3124.5454545454545,2098.4938190378225,1.0099478960037231,1.3960427045822144
-481.4039611816406,98.67868041992188,13.753276824951172,40.856197357177734,9.92342758178711,-0.5436825156211853,6.479617118835449,-0.8223915100097656,-8.62364387512207,7.034244060516357,-5.22489595413208,12.094225883483887,-2.9207897186279297,190.91995239257812,71.97343444824219,31.90679931640625,28.501014709472656,21.5267333984375,21.63833999633789,18.014528274536133,14.821434020996094,18.491941452026367,16.19163703918457,15.924793243408203,10.640190124511719,12.857476234436035,5.498268127441406,8.161789894104004,0.087081589958159,0.13897650623217336,1178.331367748133,1105.8146472734645,1280.4521503174817,383.0043887025753,2010.2092050209205,1776.603747810792,0.775892436504364,1.0298593044281006
-485.6613464355469,77.92032623291016,12.998004913330078,33.387413024902344,4.253931045532227,-3.405768394470215,-4.679724216461182,-4.758134365081787,4.255430221557617,-3.8394885063171387,-0.24680747091770172,-3.70914888381958,-4.83804988861084,161.1538543701172,63.32829666137695,38.809425354003906,24.597742080688477,17.366748809814453,18.851564407348633,18.75792694091797,17.79525375366211,11.456792831420898,13.34543514251709,9.388051986694336,11.359235763549805,10.2855806350708,8.75289535522461,15.884867668151855,0.12807291666666668,0.13981517398910664,1891.9977077296835,1000.1121933921752,1837.5850025748603,621.6584312301962,4088.0555555555557,1843.6743497767418,0.654657781124115,0.9067251682281494
-460.1504211425781,67.30026245117188,13.188819885253906,23.347930908203125,-2.4288878440856934,-1.0523403882980347,-8.0075101852417,-9.144835472106934,-9.45173168182373,-7.612431049346924,0.4521845281124115,-0.8352274298667908,-1.3166013956069946,137.1918182373047,54.3398551940918,33.61862564086914,23.431472778320312,26.25668716430664,17.283771514892578,20.633708953857422,18.35538101196289,14.612133026123047,11.502023696899414,11.58850383758545,9.30263900756836,11.713723182678223,6.441365718841553,12.48275375366211,0.1257,0.13193068045168435,1753.2290433310457,1112.1329108947475,1693.3803461876935,538.3684677045925,3498.311111111111,1895.9528337103538,0.8788824081420898,1.1950798034667969
-518.5711669921875,75.70647430419922,0.7064600586891174,17.09039878845215,-1.142549753189087,0.22937898337841034,-12.2891206741333,-3.3226122856140137,-11.410161018371582,-1.7381398677825928,-7.668733596801758,-9.680044174194336,-2.9112637042999268,146.98265075683594,75.14122772216797,32.9053955078125,32.432613372802734,23.838233947753906,17.772403717041016,24.746854782104492,14.687752723693848,17.39474868774414,11.833846092224121,11.547704696655273,13.891783714294434,12.064995765686035,2.9923760890960693,5.514542102813721,0.14446843853820598,0.17141040830020085,1771.043463659359,1303.3449760160943,1546.8591429704911,600.262293122954,3335.813953488372,2145.1860079200737,0.8557813167572021,1.262129545211792
-504.701904296875,105.61027526855469,34.210784912109375,32.31990051269531,16.6956729888916,10.107975006103516,0.7472352385520935,0.7451503276824951,-0.7870798110961914,7.6035614013671875,-0.06545805931091309,8.070940971374512,1.6289472579956055,143.94381713867188,69.40955352783203,39.184112548828125,20.94700050354004,22.538782119750977,14.218753814697266,15.855941772460938,13.211716651916504,14.753179550170898,13.942922592163086,11.361968994140625,10.085514068603516,8.494894027709961,15.65883731842041,25.5684814453125,0.061735159817351594,0.06012081213239286,1236.8077479024703,703.0929313455356,1563.775409204037,637.9633335132683,2750.6849315068494,1762.8974143227701,0.5048156380653381,0.6643047332763672
-428.5950012207031,114.66735076904297,-16.386690139770508,28.153858184814453,-6.012184143066406,-0.2807924747467041,-10.366561889648438,-0.520202100276947,-14.904273986816406,-2.7875773906707764,-8.13531494140625,-13.07391357421875,-3.7987656593322754,144.57180786132812,65.69058227539062,42.01156234741211,33.144775390625,24.699840545654297,17.105926513671875,21.434814453125,15.675761222839355,16.657180786132812,12.61786937713623,13.154080390930176,15.056119918823242,10.069974899291992,7.4290289878845215,10.780631065368652,0.09622727272727273,0.12565970191262504,1249.6359318210916,911.7305552175887,1224.9538791141022,497.91902484427254,2366.025974025974,1560.6582192291264,0.9595380425453186,1.2590500116348267
-451.81378173828125,102.87991333007812,-5.351025581359863,15.4110107421875,0.9534234404563904,2.811694860458374,-5.032946586608887,-2.2798728942871094,-6.471169948577881,-5.822863578796387,-1.5522782802581787,-9.358682632446289,-0.4638470411300659,130.81930541992188,78.73157501220703,38.56758117675781,31.91217613220215,22.15572738647461,15.395838737487793,16.91741943359375,13.657979011535645,13.769597053527832,14.700514793395996,12.760122299194336,14.407952308654785,9.645015716552734,4.325283527374268,5.273337364196777,0.15037270642201836,0.19577743275740173,1730.3521414775012,1404.6222100980176,1450.2485543171756,637.4766572071976,3128.440366972477,2201.354534764517,0.957589864730835,1.167946696281433
-488.3125,86.8542251586914,10.635337829589844,20.336687088012695,3.2572381496429443,4.6542887687683105,-4.75394344329834,-5.312089443206787,-4.887220859527588,-6.496813774108887,1.7668273448944092,-2.4641120433807373,2.5314481258392334,162.688232421875,50.351837158203125,31.08422088623047,25.726924896240234,21.927120208740234,15.54850959777832,20.625539779663086,17.715484619140625,16.494306564331055,12.680878639221191,10.89903450012207,14.945635795593262,8.560867309570312,4.926364898681641,8.95829963684082,0.10034,0.12699265490570705,1549.633105623183,982.084525711818,1690.7596949397584,517.9110383246091,3197.28,1713.4570323179978,0.6999596953392029,0.9460659623146057
-417.5044860839844,81.95648956298828,-11.094653129577637,14.664705276489258,-9.333952903747559,1.2393569946289062,-10.881753921508789,-2.6594226360321045,-5.385423183441162,-3.036965847015381,-18.18105697631836,-11.488783836364746,-8.676448822021484,168.49710083007812,65.65675354003906,44.89895248413086,26.086721420288086,27.999263763427734,17.902021408081055,19.476518630981445,14.684986114501953,15.96311092376709,13.913094520568848,16.996299743652344,13.502994537353516,13.023982048034668,9.842618942260742,13.654419898986816,0.14687777777777777,0.17278278449337464,1771.422180221247,1203.8014613834023,1586.4035100972776,620.7315830525333,3319.288888888889,2198.565882289051,1.0731801986694336,1.6322699785232544
-489.6007080078125,70.56964874267578,-9.216172218322754,17.340450286865234,-8.200814247131348,7.452193737030029,-5.73512601852417,-11.237447738647461,5.005492687225342,1.082712173461914,-1.0296440124511719,-2.680697202682495,-0.4921307861804962,151.26821899414062,55.63461685180664,36.91059112548828,27.025657653808594,30.25749969482422,17.122587203979492,19.05324935913086,21.197710037231445,12.268221855163574,10.314535140991211,14.476553916931152,9.724550247192383,8.926158905029297,3.141352891921997,7.855600357055664,0.10911237785016287,0.12668990422981427,1623.7032234584383,866.9299465472093,1673.0996041343237,547.2577872536015,3382.9315960912054,1566.8705314804674,0.7523760199546814,1.2611191272735596
-490.1998291015625,81.09852600097656,-9.548211097717285,30.101511001586914,-19.70160675048828,7.467787742614746,-10.657176971435547,-12.624056816101074,4.399763584136963,2.2032103538513184,-2.4315736293792725,-2.7377846240997314,-1.2589788436889648,155.4814910888672,53.95344924926758,44.32198715209961,27.76729393005371,35.38404846191406,16.237857818603516,22.27143096923828,19.36952018737793,16.94023323059082,15.33293628692627,12.43631362915039,11.689841270446777,11.628478050231934,4.3042707443237305,7.939950466156006,0.1455489417989418,0.1555079349833813,1593.1643851852123,1014.2834326860655,1427.1875342888927,491.6917296626915,2917.671957671958,1866.1866951827515,0.7817876935005188,1.1751588582992554
-366.51031494140625,111.09866333007812,-2.5578835010528564,34.60029602050781,6.576550483703613,3.411970615386963,-1.9567677974700928,-1.682901382446289,3.3159382343292236,-12.581940650939941,-6.03306245803833,-6.540116310119629,2.675217628479004,142.8939666748047,94.61669921875,35.338706970214844,35.10515213012695,20.598628997802734,16.414682388305664,17.99383544921875,14.738393783569336,13.24748706817627,16.828800201416016,11.528775215148926,11.247594833374023,11.43192195892334,9.170720100402832,9.651960372924805,0.14388833992094863,0.1882289831068368,1656.2824044918004,1428.1027945086173,1350.619243498402,538.2315372469226,2941.6600790513835,2107.2550216694185,0.8143858313560486,0.7740026712417603
-489.93035888671875,56.7099494934082,12.093764305114746,34.2821159362793,-16.086931228637695,2.4622411727905273,-7.30303955078125,-4.446996212005615,-8.88284683227539,-8.408171653747559,-7.150870323181152,-1.8480281829833984,-0.8302488327026367,152.05810546875,70.47615051269531,29.547529220581055,35.80691909790039,29.9249267578125,17.014320373535156,18.937265396118164,18.645809173583984,17.388551712036133,15.24272346496582,14.115419387817383,13.657576560974121,9.347396850585938,4.9593119621276855,9.183823585510254,0.1614640198511166,0.1938381511836931,1960.222789062518,1328.4345572696395,1652.8958762797542,482.77194307747845,3706.0049627791564,1785.9597637939673,0.7588882446289062,0.987625002861023
-417.9527282714844,75.14722442626953,-9.0191650390625,18.89337730407715,-3.754270315170288,-4.987590789794922,-10.849531173706055,-5.063028335571289,-5.982760906219482,-6.568580150604248,-14.311166763305664,-11.072793006896973,-6.4163713455200195,140.8402099609375,71.65596771240234,47.61688995361328,33.197044372558594,26.479198455810547,19.30396270751953,21.97353744506836,14.660289764404297,15.778118133544922,13.281493186950684,14.531786918640137,14.926206588745117,11.592630386352539,9.127256393432617,14.420365333557129,0.18991645244215938,0.2299423814869005,2002.6038434222744,1581.9220539795267,1500.5331031953115,557.623021954496,3419.1259640102826,2198.7508154989937,1.0851335525512695,1.412742257118225
-517.6083984375,61.171756744384766,10.883410453796387,28.984128952026367,-6.701809406280518,6.8224968910217285,-3.9406113624572754,-1.557508111000061,-4.18186616897583,-7.382472038269043,-6.664290428161621,6.099647521972656,-4.512582302093506,171.72718811035156,53.27477264404297,34.795814514160156,26.656997680664062,26.79636001586914,13.086761474609375,15.527257919311523,13.390722274780273,12.400845527648926,13.178200721740723,12.22434139251709,13.00449275970459,12.152535438537598,3.146238327026367,7.697583198547363,0.14714285714285713,0.19179717129434432,1637.4515056601406,1329.5307501137481,1455.8251254099262,394.1364937838199,2760.34632034632,1993.3082556745055,0.6900122165679932,1.0546140670776367
-532.228759765625,70.15606689453125,15.121681213378906,27.555768966674805,17.8395938873291,9.278751373291016,1.5274907350540161,-7.595901966094971,2.9249026775360107,-0.46695637702941895,-0.9365840554237366,0.8684543967247009,-8.13525676727295,156.1973419189453,63.686424255371094,30.792673110961914,26.35153579711914,14.994400024414062,14.239462852478027,14.576476097106934,21.68187141418457,11.817255020141602,13.985918045043945,8.697432518005371,8.882237434387207,14.603116035461426,4.189011096954346,9.673148155212402,0.12910472972972975,0.15109440571076455,1831.5307550503633,1067.7151833001376,1823.9083040053047,560.9056407556604,3902.027027027027,1845.1151577111618,0.6540027260780334,0.9044419527053833
-570.6142578125,68.33380126953125,10.468979835510254,34.03830337524414,10.07880973815918,-2.9196937084198,-0.35820287466049194,-2.676450490951538,1.0967748165130615,4.8872575759887695,1.6367099285125732,5.32560920715332,1.5922828912734985,154.52859497070312,65.43038940429688,26.040355682373047,30.52663230895996,15.692649841308594,24.517972946166992,16.051559448242188,16.200037002563477,13.197972297668457,9.474613189697266,11.53233814239502,8.258491516113281,8.655406951904297,2.828263521194458,7.305785179138184,0.09729461756373937,0.09155570541929878,1667.4926137427308,741.3425283561573,1816.7445832462813,604.8101139543527,3768.045325779037,1648.3278085738323,0.5583227872848511,1.0249484777450562
-437.87158203125,98.47213745117188,-5.102226257324219,30.290075302124023,3.0942814350128174,-2.867886543273926,-8.419081687927246,-13.257041931152344,-5.585085391998291,-8.317575454711914,-4.949671745300293,-3.333768606185913,-3.951603412628174,123.7251968383789,67.68205261230469,40.84252166748047,21.965742111206055,19.845657348632812,18.76095199584961,14.458516120910645,16.891586303710938,15.139437675476074,13.987719535827637,12.332847595214844,13.27349853515625,12.895622253417969,4.453135013580322,8.230053901672363,0.12174354243542437,0.13597580132825376,1468.8295906762287,1050.539726754151,1350.8484377148334,493.8681185178428,2634.0959409594097,1665.716996541294,0.8617942929267883,0.9727470278739929
-408.888427734375,83.01081085205078,9.299337387084961,13.34257698059082,-7.276439666748047,-0.8443534970283508,-2.3061909675598145,-11.774941444396973,1.5695160627365112,-11.578786849975586,-1.1307172775268555,-1.382326602935791,-9.412737846374512,149.360595703125,82.85746765136719,39.181663513183594,24.751670837402344,29.08185386657715,21.273508071899414,19.914175033569336,22.897462844848633,17.533374786376953,17.136459350585938,13.812721252441406,14.413139343261719,14.162992477416992,7.965262413024902,11.899739265441895,0.17049760191846522,0.20186816635857527,1924.238809300148,1472.773099252913,1550.004422213095,585.5017404822304,3380.047961630695,2288.7989158761825,0.9897481203079224,1.1722439527511597
-552.9652709960938,54.891517639160156,17.267433166503906,23.981918334960938,-3.2026822566986084,-1.6930392980575562,-9.564757347106934,-0.5269509553909302,-18.584392547607422,1.0847526788711548,-2.273780584335327,-10.90999698638916,-9.198847770690918,157.23922729492188,58.29176712036133,40.159297943115234,31.999067306518555,20.346017837524414,10.847122192382812,18.320880889892578,13.492170333862305,22.867469787597656,9.395359992980957,8.205772399902344,16.64920997619629,13.146560668945312,3.2651984691619873,8.734262466430664,0.1503614457831325,0.20147615353009696,1970.0456266769572,1312.5906846424994,1812.1097717569876,505.6209988366496,3940.722891566265,1932.0341880861754,0.9027508497238159,1.7744725942611694
-442.89068603515625,79.07408905029297,-1.9943383932113647,23.37294578552246,-0.8208094239234924,-5.46486234664917,-3.982309579849243,0.6214276552200317,-5.401398658752441,-10.333368301391602,-16.664169311523438,-14.019396781921387,-9.897191047668457,170.71922302246094,63.00828552246094,41.703224182128906,22.253847122192383,26.152584075927734,14.626261711120605,17.755800247192383,16.399141311645508,14.869650840759277,12.963641166687012,16.569055557250977,15.556676864624023,12.422296524047852,12.8025484085083,16.268497467041016,0.13805424528301885,0.17867160672030494,1674.6726433109475,1293.8286063232836,1541.7430476949326,690.8871926448403,3211.3207547169814,2244.5792459737377,0.9985813498497009,1.414228916168213
-433.1850280761719,118.22893524169922,1.4602755308151245,22.933063507080078,5.343369007110596,7.467495918273926,-1.654179573059082,9.856644630432129,-0.23887279629707336,-4.302158832550049,-11.051313400268555,-1.9323265552520752,-2.5228166580200195,160.3245391845703,98.61978912353516,33.545650482177734,26.369977951049805,22.581899642944336,17.865522384643555,18.80970001220703,15.350935935974121,15.011316299438477,14.877273559570312,13.747800827026367,14.808680534362793,12.559885025024414,6.908732891082764,9.363398551940918,0.12568872017353577,0.16329884626548202,1447.1784547042344,1234.495640775552,1281.1792905032635,617.4004260405934,2631.583514099783,1999.7054794178268,0.8211768269538879,1.0396621227264404
-418.63037109375,57.60774230957031,21.442859649658203,43.09020233154297,23.6585693359375,8.428902626037598,2.7905378341674805,4.166073799133301,-2.862208127975464,2.0863866806030273,-2.1211535930633545,6.197667598724365,1.7306370735168457,174.8931121826172,98.94171905517578,24.400686264038086,33.54304122924805,18.28707504272461,18.38493537902832,18.003955841064453,17.520654678344727,17.259923934936523,12.395374298095703,13.962559700012207,11.87445068359375,10.24541187286377,13.781149864196777,19.89373779296875,0.15385838150289016,0.21294257930937532,1823.767564737863,1619.5044140294626,1553.7329648154273,551.2551999512027,3247.1676300578033,2437.6496689057576,0.8978157043457031,1.4569528102874756
-560.0586547851562,48.00653076171875,4.407088279724121,27.56934356689453,-0.8009693026542664,5.541884422302246,2.7878105640411377,-2.7078287601470947,0.8711510300636292,-7.515913963317871,3.1105570793151855,-6.219600677490234,-0.7514792084693909,167.844970703125,53.36893081665039,33.53533935546875,23.448972702026367,25.223508834838867,13.618850708007812,13.82565975189209,15.363303184509277,13.53872299194336,14.195552825927734,8.768707275390625,15.519577026367188,8.209587097167969,2.1607167720794678,6.173900604248047,0.17116263440860216,0.1759935575144962,2148.285142971654,1107.8872898158324,1910.2657361091897,471.06876486038357,4436.774193548387,1537.0206911181856,0.6000460386276245,1.1351466178894043
-425.9139404296875,92.97750854492188,6.596965312957764,30.408544540405273,-6.519013404846191,-1.2697372436523438,-4.638838291168213,-8.745176315307617,-8.608838081359863,-11.504961967468262,1.508199691772461,-1.5790830850601196,-0.30054783821105957,139.8799591064453,67.28588104248047,34.776588439941406,32.63874816894531,28.029621124267578,18.291439056396484,16.537899017333984,19.427236557006836,18.53119659423828,16.540231704711914,11.890029907226562,12.89647102355957,9.668476104736328,7.993991374969482,12.219021797180176,0.12576373626373627,0.16242312366939582,1576.9176215297819,1196.9561258251556,1529.9733980711242,577.6742636367417,3084.21978021978,1915.3927655189025,0.6926807165145874,0.6450838446617126
-495.6530456542969,115.37157440185547,-10.150795936584473,20.805635452270508,4.5635809898376465,6.805007457733154,1.673467993736267,-0.8381989002227783,1.7942155599594116,0.42070481181144714,-0.7068899273872375,5.504476070404053,-3.5415685176849365,169.04306030273438,74.64433288574219,35.57080078125,25.18320083618164,24.15961265563965,13.925260543823242,14.839543342590332,13.46607780456543,16.508560180664062,13.8616361618042,9.419635772705078,11.133028984069824,12.999469757080078,3.6994218826293945,6.772304534912109,0.08904970760233917,0.09078831420943187,1388.0175580219902,805.4485548699311,1410.8070270385563,572.9507520557411,2757.66081871345,1615.1227287162126,0.8238080739974976,1.1083999872207642
-411.0433654785156,82.03827667236328,-5.23467493057251,17.774641036987305,-13.181336402893066,1.113816738128662,-11.932830810546875,-8.3628568649292,-3.936084747314453,-7.832828521728516,-19.92367172241211,-8.54810619354248,-10.915200233459473,140.58346557617188,60.956336975097656,39.87748718261719,34.581974029541016,32.089412689208984,17.280611038208008,18.43826675415039,14.560794830322266,14.996565818786621,12.135534286499023,16.359487533569336,15.04959487915039,14.521859169006348,8.134146690368652,10.041173934936523,0.13252783964365256,0.1452402272529277,1695.628885497859,1066.187029537691,1550.8431001679244,535.9095206931895,3148.240534521158,1942.6239401588025,0.9997151494026184,1.2859950065612793
-395.0713195800781,105.87853240966797,-1.1599431037902832,25.592533111572266,-4.213807106018066,6.875693321228027,-21.988224029541016,-10.733209609985352,-14.231680870056152,5.933258533477783,-13.992693901062012,-3.0982842445373535,-3.330169200897217,103.55233001708984,62.36857223510742,38.7039909362793,27.848474502563477,24.397563934326172,16.957216262817383,21.321020126342773,19.795122146606445,13.819099426269531,14.252957344055176,14.45423698425293,17.624347686767578,11.192195892333984,17.479005813598633,21.592809677124023,0.13867937853107346,0.1879073831206539,1449.0123923712852,1334.3465684386354,1174.9640474368439,484.3193238416803,2379.4350282485875,1919.386000433479,0.8678742051124573,1.0154798030853271
-504.060791015625,66.41499328613281,-15.410287857055664,3.4921698570251465,-16.616455078125,4.528566837310791,-9.7883939743042,-6.734561920166016,-4.049863338470459,-9.82827377319336,1.4158215522766113,-3.218780517578125,-7.023338794708252,131.8944854736328,54.694698333740234,40.110660552978516,21.924034118652344,30.181623458862305,17.06590461730957,20.27881622314453,17.375146865844727,12.035273551940918,12.30678653717041,11.122382164001465,11.500144958496094,12.969888687133789,2.496629238128662,7.041159629821777,0.16770909090909092,0.16893537470419356,1901.8362197408046,1094.5849352378407,1654.0289781104486,526.6041003902963,3623.5636363636363,1814.0952241583266,0.8491767048835754,1.1801042556762695
-482.95123291015625,60.44858932495117,17.75832176208496,13.62546157836914,1.1876100301742554,7.730113983154297,-5.3074750900268555,-8.443672180175781,1.4348552227020264,-13.915252685546875,-4.305208206176758,1.8973053693771362,-10.345169067382812,188.2876739501953,91.23396301269531,36.78825378417969,30.39175033569336,25.412065505981445,26.315824508666992,18.9783992767334,20.663192749023438,14.07514476776123,20.50950050354004,10.648780822753906,9.849404335021973,14.744630813598633,8.117613792419434,13.309037208557129,0.1875686813186813,0.20780122305909193,2205.3938870485053,1516.1733148180908,1711.1095469190732,594.9788927501268,3984.3956043956046,2299.158569827546,0.853227972984314,1.1566290855407715
-560.6854858398438,64.2867202758789,4.1177592277526855,20.164390563964844,11.535198211669922,4.959127902984619,0.5158818960189819,-1.8677103519439697,0.6491903066635132,5.154541969299316,0.02581898123025894,-2.458789825439453,2.582906484603882,159.15243530273438,74.10460662841797,28.652149200439453,24.781354904174805,16.006677627563477,13.88803768157959,13.15570068359375,15.920377731323242,10.420650482177734,10.20772647857666,9.395951271057129,7.998104572296143,7.1419358253479,2.4059574604034424,7.636019706726074,0.14254545454545456,0.10229371249349825,2026.015106314236,1004.6894483716096,1873.6643797848715,632.4135515852491,4169.727272727273,1980.9630160793968,0.6212877035140991,1.0475674867630005
-494.0706481933594,48.767696380615234,16.937557220458984,13.403498649597168,-3.945305347442627,4.306456089019775,2.829150438308716,-2.0393238067626953,-0.5437238812446594,-8.308859825134277,4.424601078033447,-0.19990456104278564,4.813957691192627,163.5767822265625,62.67229080200195,25.968198776245117,23.69798469543457,26.119647979736328,18.139514923095703,13.10973834991455,20.318382263183594,16.467639923095703,18.29989242553711,9.780940055847168,15.32544231414795,10.725193977355957,3.147188425064087,6.531039237976074,0.18106796116504856,0.2129667732627936,2134.4309993479724,1394.5918657376474,1886.8995594897438,426.93208116563903,4083.883495145631,1930.9599368419726,0.7053273320198059,0.8661014437675476
-465.8084411621094,83.33273315429688,11.51280403137207,35.68223190307617,3.631240129470825,4.234950542449951,0.7842428684234619,-5.345491886138916,3.5344009399414062,-3.743661403656006,-6.579440116882324,-1.1524066925048828,2.1517040729522705,167.51458740234375,87.2142562866211,34.6827507019043,28.744365692138672,27.17707633972168,19.030670166015625,16.3319091796875,19.66577911376953,12.736401557922363,15.243383407592773,13.203907012939453,10.316704750061035,12.229880332946777,6.09026575088501,9.672394752502441,0.12276470588235296,0.1577832918458029,1674.519014474618,1233.0765194417293,1552.297473205936,550.9959816415706,3234.4313725490197,1833.2177780506227,0.6919046640396118,0.8891615867614746
-514.7159423828125,58.9113655090332,-4.45361328125,5.9391093254089355,-9.145023345947266,2.5274147987365723,-6.135960578918457,-1.6774613857269287,-2.725836753845215,-3.6828372478485107,-6.92042875289917,-2.3550233840942383,-4.157010555267334,189.17637634277344,60.980201721191406,37.615108489990234,22.503150939941406,25.331260681152344,13.374368667602539,15.881352424621582,14.547584533691406,12.155365943908691,9.777115821838379,11.911638259887695,10.045073509216309,9.275552749633789,4.791472911834717,10.295186042785645,0.16359518348623853,0.14829242744130336,2077.95673785417,1057.868111733417,1817.3524698318595,595.2644949908223,4132.018348623853,1929.1673727172833,0.5827280282974243,0.8978341221809387
-572.3592529296875,63.45774459838867,9.789989471435547,26.49988555908203,10.446041107177734,10.897346496582031,8.992867469787598,-1.9512856006622314,-0.36606016755104065,7.506105422973633,4.881062984466553,2.3343725204467773,1.6636861562728882,155.0209197998047,70.74888610839844,33.21630096435547,20.24052619934082,17.270713806152344,13.109777450561523,12.426583290100098,18.20380401611328,13.731761932373047,9.288167953491211,7.405906677246094,7.843204021453857,8.21483039855957,1.620497226715088,5.440914630889893,0.10269591141396933,0.1343663117800569,1624.3935552121745,971.2115268249969,1753.10284917893,588.4535632007545,3559.4548551959115,1694.8688096821822,0.5842337012290955,0.9820400476455688
-413.54241943359375,118.17855072021484,-13.524430274963379,54.34212112426758,-13.29451847076416,11.549571990966797,-5.827815532684326,-3.9898581504821777,-0.5690785050392151,-2.8744585514068604,0.006609636824578047,-4.153905391693115,-3.476199150085449,132.43826293945312,73.91152954101562,39.00779342651367,29.129295349121094,25.056276321411133,16.858448028564453,17.622310638427734,18.604734420776367,12.898467063903809,14.349599838256836,11.528475761413574,11.153180122375488,9.799966812133789,6.0097503662109375,7.666237831115723,0.12410244360902255,0.14890816710600827,1385.8721434933268,1045.9938247547782,1222.1451561543934,398.3917575221928,2473.6090225563908,1623.044034326303,0.8589663505554199,1.0365208387374878
-455.5445861816406,78.94786834716797,-7.388988971710205,35.52477264404297,-8.602458953857422,-4.972957611083984,-5.104158878326416,-8.121036529541016,-2.5279202461242676,-11.239538192749023,-3.059148073196411,-2.599212169647217,-6.58199405670166,179.4331512451172,72.88970184326172,47.24274826049805,32.53954315185547,24.674968719482422,18.8881893157959,17.93453598022461,17.100282669067383,12.679652214050293,15.1014986038208,12.069231033325195,11.888595581054688,10.865598678588867,7.188774585723877,11.127828598022461,0.1398414985590778,0.16268265090694725,1741.5667612984507,1158.9920462113464,1517.0417173704395,496.6192029168004,3396.8876080691643,1628.915799509769,0.9174928665161133,1.3342760801315308
-521.0501098632812,57.898258209228516,9.947534561157227,20.43977928161621,3.3442866802215576,5.140822410583496,-1.7334816455841064,2.060781240463257,-1.9550658464431763,-2.228472948074341,-5.334436416625977,2.725233316421509,-2.1841983795166016,174.80804443359375,65.06244659423828,33.6958122253418,24.4508113861084,20.636215209960938,16.646284103393555,18.870990753173828,14.40047550201416,13.675436019897461,12.513511657714844,14.034708976745605,10.104500770568848,11.550772666931152,2.860830545425415,6.262126445770264,0.14486510791366908,0.19420436920922343,1945.2730270461666,1312.1830730797526,1833.7633124152817,564.8332018400155,3945.179856115108,1924.2501492052756,0.6655003428459167,0.9546682238578796
-457.8917236328125,93.67549133300781,4.188564777374268,21.331083297729492,-7.1846795082092285,5.952121257781982,0.9182692170143127,-5.271583080291748,0.4676877558231354,-5.5285773277282715,-4.427429676055908,-3.2628519535064697,-2.0630626678466797,144.76187133789062,80.92476654052734,41.13127136230469,26.958314895629883,22.994672775268555,16.395639419555664,16.20588493347168,14.103799819946289,13.078042030334473,13.334678649902344,12.136441230773926,10.999775886535645,9.898046493530273,5.112359523773193,7.278843879699707,0.12192873303167419,0.1717639520246809,1588.021226094198,1309.5319233855084,1415.9955077989346,601.053020793618,2921.719457013575,2094.5299871324332,0.9472809433937073,1.297433614730835
-475.47491455078125,122.46762084960938,-8.91011905670166,18.573423385620117,16.1312198638916,-1.4102500677108765,0.07305627316236496,-7.774667263031006,-3.874422073364258,6.4126715660095215,4.8306427001953125,-5.022011756896973,0.8668716549873352,172.91647338867188,96.37360382080078,54.86610412597656,26.187950134277344,16.630891799926758,25.074296951293945,17.70469856262207,19.706893920898438,16.920970916748047,13.728642463684082,12.960053443908691,12.486366271972656,9.225292205810547,4.127956867218018,6.8972625732421875,0.13664473684210526,0.17434796415180223,1616.5509698637659,1340.023087136021,1323.8238248237844,625.9600313023623,2938.0263157894738,2033.9503433730822,0.9540525674819946,1.417736530303955
-459.7693786621094,55.78214645385742,6.853626728057861,6.538021564483643,-3.779510974884033,3.204589366912842,-5.901732921600342,-10.491764068603516,4.381770610809326,-4.707250118255615,-1.485355019569397,-1.64515221118927,-3.8783977031707764,168.73619079589844,80.70935821533203,31.186391830444336,22.540239334106445,26.028411865234375,16.65667152404785,18.813358306884766,17.365346908569336,15.188158988952637,11.969110488891602,9.789337158203125,10.084304809570312,11.357645034790039,6.7443084716796875,17.22031021118164,0.22117753623188408,0.20539214261748748,2398.654121001298,1462.3543499360103,1832.1507245787404,601.6613142365343,4356.231884057971,2255.013802746584,0.7963703274726868,1.26775324344635
-505.29132080078125,81.5988998413086,-11.919865608215332,26.74934959411621,-17.146596908569336,4.815892219543457,-11.130468368530273,-2.2443490028381348,-4.944705486297607,-8.98382568359375,-2.563720226287842,-2.177150011062622,-0.10568917542695999,168.449462890625,61.3392219543457,45.196678161621094,25.184871673583984,31.801233291625977,14.493109703063965,22.365053176879883,19.226858139038086,19.167724609375,13.755212783813477,12.278081893920898,12.489931106567383,9.112924575805664,2.400599241256714,3.5618040561676025,0.1367652027027027,0.13480947430901297,1732.856591224991,972.5948079792939,1562.337947536268,476.3025543306332,3401.2162162162163,1518.1794331001806,0.7904877066612244,0.8201245069503784
-445.968994140625,64.17188262939453,16.031024932861328,27.09375762939453,-15.001336097717285,-1.8194167613983154,-10.76306438446045,-10.331778526306152,-8.723697662353516,-7.146594524383545,1.4633777141571045,-3.1269209384918213,-0.9035963416099548,148.92747497558594,61.88899612426758,33.845176696777344,29.063199996948242,32.90316390991211,17.066171646118164,18.92190933227539,20.640892028808594,15.521352767944336,14.289401054382324,11.863096237182617,14.379380226135254,9.874063491821289,7.767200469970703,14.528274536132812,0.14426395939086295,0.1814787785850153,1938.0822700357369,1242.8315588670082,1740.3982813493021,516.8795581368746,3808.3248730964465,1811.2484787620604,0.8892953991889954,1.4455134868621826
-469.4378356933594,102.59710693359375,0.36512109637260437,15.364869117736816,-9.869670867919922,9.373675346374512,2.694843292236328,-7.2541704177856445,-3.414519786834717,-5.126137733459473,-3.543794870376587,-5.596452713012695,-3.3103270530700684,155.58535766601562,69.3686752319336,38.04507827758789,29.504892349243164,28.547813415527344,14.935920715332031,19.165124893188477,15.618504524230957,13.519377708435059,13.788849830627441,11.653324127197266,10.873169898986816,11.921347618103027,8.633135795593262,11.781943321228027,0.09151234567901236,0.09151840901779268,1383.8632502687249,845.8079361707788,1449.4054130124177,655.245444483633,2853.1687242798353,1961.3007568384091,0.857471227645874,1.0983694791793823
-433.90625,117.19831848144531,-15.923479080200195,44.47161865234375,10.325118064880371,-2.520937919616699,4.400468349456787,-10.555459976196289,1.0396697521209717,0.3222011625766754,-9.309070587158203,6.885573387145996,-8.101044654846191,156.1263885498047,71.3993148803711,43.686248779296875,28.669837951660156,17.680418014526367,23.2217960357666,14.648091316223145,19.00879669189453,12.579568862915039,13.40567398071289,13.917226791381836,11.1410551071167,11.203062057495117,5.592669486999512,7.6753435134887695,0.10290909090909091,0.10956812289036903,1296.2613877100425,885.1440247180291,1277.4582595970573,441.8757350767883,2428.0,1566.570931955679,0.9431701898574829,1.2521684169769287
-454.92486572265625,51.79488754272461,15.280710220336914,35.1059455871582,5.335537910461426,6.928144454956055,-15.754761695861816,6.892181873321533,-17.59050750732422,-7.303554058074951,-7.335719585418701,-4.613016605377197,-18.207754135131836,186.94664001464844,70.22115325927734,26.33590316772461,33.453880310058594,17.242481231689453,15.410000801086426,22.711772918701172,19.444076538085938,16.08987808227539,17.535686492919922,11.020448684692383,14.73343563079834,17.426143646240234,8.216123580932617,12.434216499328613,0.15119444444444444,0.21688393842540205,1970.300214469439,1516.7523007536968,1612.4180216404243,472.869348090618,3593.777777777778,2040.9750272182155,0.9119840860366821,1.1804407835006714
-462.16912841796875,76.06846618652344,6.3991522789001465,22.472009658813477,-4.235439777374268,3.8094117641448975,-2.7773098945617676,4.13490629196167,-4.650267601013184,-5.682034015655518,-1.2683744430541992,-5.560887336730957,-1.1128016710281372,160.6879425048828,68.98538970947266,40.26599884033203,30.105876922607422,28.659814834594727,14.590797424316406,19.967817306518555,12.141762733459473,15.23663330078125,13.983150482177734,10.783703804016113,14.341620445251465,13.105270385742188,6.063719272613525,10.109062194824219,0.17339385474860336,0.22412571583499458,2043.5492206635975,1485.4495492937103,1702.5465776955177,624.0592394446395,3882.458100558659,2179.5583049482793,0.8717491030693054,1.1550002098083496
-418.1199951171875,92.91162872314453,4.769285678863525,16.279428482055664,11.564095497131348,9.983338356018066,-14.744962692260742,0.9173163771629333,-14.61043643951416,1.489379644393921,-2.119034767150879,-9.729131698608398,-1.1643469333648682,148.4688720703125,78.87206268310547,32.3483772277832,29.78179359436035,24.15115737915039,17.147573471069336,18.986064910888672,15.356517791748047,17.47303009033203,15.860095977783203,14.787500381469727,12.236051559448242,10.13044261932373,9.631422996520996,13.989875793457031,0.14558212058212058,0.1648853757103821,1708.8174314209157,1272.6667473020066,1529.394833578828,607.5533375502804,3211.226611226611,2215.3943423459614,0.842799961566925,0.9385984539985657
-542.7042236328125,69.0469741821289,6.446363925933838,23.562746047973633,6.136974811553955,2.8606905937194824,1.0022602081298828,-4.366213798522949,3.7025036811828613,-1.97626531124115,-0.17863841354846954,2.1799440383911133,-6.490746974945068,151.1786651611328,54.747581481933594,25.664127349853516,26.177461624145508,17.48974609375,13.749887466430664,11.885454177856445,16.903770446777344,12.720792770385742,14.832643508911133,9.243409156799316,9.780735969543457,11.338878631591797,2.2735962867736816,5.678379058837891,0.15900990099009904,0.12816745756703657,2022.8608737136324,937.2971987069704,1880.4739180863223,486.2364178812937,4144.3564356435645,1665.824456681551,0.6427891850471497,0.911489725112915
-412.7948913574219,90.83309936523438,12.51644229888916,31.27716827392578,9.80275821685791,7.933778285980225,-6.212291240692139,-1.0129138231277466,-7.011455535888672,-5.786770343780518,-10.83505630493164,-1.3365726470947266,-5.706427097320557,154.47137451171875,69.64190673828125,29.190631866455078,27.300628662109375,19.53460693359375,17.156600952148438,21.837602615356445,13.486800193786621,13.981670379638672,15.408559799194336,15.456865310668945,8.971632957458496,10.081037521362305,16.6713809967041,20.576784133911133,0.10792345276872967,0.12846351401733097,1528.5617295353197,1090.2724987304455,1583.7377275382557,583.2270952574041,3046.7752442996743,2125.0216381284663,0.7746930718421936,0.8881028890609741
-413.4315490722656,83.2542953491211,-5.9296875,16.343027114868164,-13.658233642578125,0.05737920477986336,-12.165240287780762,-9.960074424743652,-3.98370361328125,-8.527080535888672,-20.878450393676758,-8.213113784790039,-11.308666229248047,134.89622497558594,62.855384826660156,40.21928405761719,36.86267852783203,32.129180908203125,18.467214584350586,20.428504943847656,17.297622680664062,17.03011131286621,13.807679176330566,17.14653205871582,16.332271575927734,15.64027214050293,7.600091934204102,9.474242210388184,0.14354820627802692,0.15109338953856788,1722.5119417318651,1080.7958720001595,1539.287801100119,520.5101843102262,3174.080717488789,1912.8470394088677,1.027503252029419,1.236701250076294
-582.4832153320312,71.45687866210938,-2.9768788814544678,22.063262939453125,6.672393798828125,1.0539270639419556,-9.769309997558594,-14.197721481323242,-1.5545893907546997,0.09179400652647018,-7.0883965492248535,4.1457133293151855,-0.8241172432899475,168.7480926513672,58.42597961425781,35.80882263183594,23.411548614501953,15.84439468383789,18.976192474365234,21.224700927734375,20.66136360168457,14.2735595703125,11.304214477539062,13.052414894104004,9.533611297607422,13.730040550231934,1.9899858236312866,4.424403190612793,0.13380524861878454,0.12325875088035168,1553.5752179431163,870.2074365111205,1532.9077424482612,429.2379328622257,2976.740331491713,1431.7212852540868,0.607351541519165,1.108266830444336
-478.71002197265625,75.5550308227539,15.636919975280762,32.869041442871094,-0.557583212852478,-0.48680242896080017,-0.532903790473938,-13.549736976623535,2.9801599979400635,-2.427595376968384,0.7686625719070435,-4.213786602020264,-6.614837169647217,140.9368133544922,70.60550689697266,27.65574836730957,32.712867736816406,22.418184280395508,18.154752731323242,14.416081428527832,23.95553970336914,15.992107391357422,12.316583633422852,9.628536224365234,13.835005760192871,12.900023460388184,10.050201416015625,18.842477798461914,0.126968438538206,0.12232099199895474,1817.2274537254302,999.5223206906995,1753.9186531350279,639.5602701867591,3857.5415282392028,1972.8820855181543,0.7283538579940796,1.0061333179473877
-428.4061584472656,93.73017883300781,10.240448951721191,26.933212280273438,11.108858108520508,7.219906330108643,4.89021110534668,7.535421371459961,9.644774436950684,-3.899367094039917,-5.647957801818848,-5.061336517333984,5.066006183624268,188.44515991210938,94.67891693115234,32.0468864440918,27.584381103515625,22.63884162902832,15.683769226074219,15.4641752243042,11.900306701660156,14.211064338684082,16.317676544189453,14.243657112121582,13.710122108459473,9.410470008850098,10.162790298461914,13.91489315032959,0.12597701149425286,0.17862837728837494,1581.3109212533395,1403.4230341114767,1447.1590920405142,549.743237572844,2884.8275862068967,2180.0610884981706,0.889009952545166,0.957649827003479
-505.20684814453125,57.812564849853516,9.437020301818848,28.247581481933594,-0.6244370341300964,-2.691633462905884,-3.4798102378845215,-14.00459098815918,-6.913764476776123,-4.878269195556641,-6.15716028213501,-7.6575093269348145,1.7669597864151,146.4592742919922,50.5106315612793,30.13698387145996,32.67191696166992,24.0034236907959,17.312856674194336,17.963640213012695,21.646760940551758,15.176103591918945,11.204833030700684,11.173502922058105,14.962651252746582,8.888653755187988,5.386923313140869,11.631281852722168,0.12891304347826088,0.11871959746476164,1886.2977341151432,943.7284235983532,1808.4497351353539,542.4826733217983,3950.8951406649617,1678.5510030448684,0.5988335609436035,0.8066840171813965
-419.3343200683594,97.18537902832031,5.014002799987793,47.111595153808594,10.280425071716309,11.999783515930176,1.2293035984039307,7.5899763107299805,1.1375176906585693,-3.5713744163513184,5.055505275726318,-7.312672138214111,-5.347500801086426,148.7054901123047,70.20826721191406,34.8554801940918,33.58136749267578,26.525390625,15.273361206054688,18.3575439453125,14.783434867858887,13.199810981750488,18.089401245117188,12.842656135559082,14.042835235595703,12.53620433807373,7.770792484283447,12.567294120788574,0.07777372262773721,0.0941180789690187,1237.0790131019876,803.276389771324,1433.152038869879,460.61197011162835,2464.4282238442825,1591.1846117570599,0.9246895909309387,1.1593881845474243
-402.8079528808594,88.38932800292969,3.958937644958496,22.207603454589844,5.2835693359375,3.4777512550354004,-17.58106803894043,-8.086281776428223,-19.192766189575195,3.787720203399658,-13.01171875,-2.5477283000946045,-5.055751800537109,124.1555404663086,61.157588958740234,27.624988555908203,28.430753707885742,19.793840408325195,18.995698928833008,17.13301658630371,16.646038055419922,18.794357299804688,13.733485221862793,12.509167671203613,14.848637580871582,10.172334671020508,7.172171592712402,10.318998336791992,0.16379777070063695,0.1871672411014466,1739.703895595535,1270.055688542892,1488.5146446588158,442.18399605462287,2995.796178343949,1996.4701740594478,0.8499965071678162,0.9113732576370239
-406.5622253417969,88.92703247070312,3.8249030113220215,33.57468032836914,-8.033204078674316,7.602675437927246,-14.90256118774414,-7.753177165985107,-7.940107345581055,-7.674278736114502,-8.697125434875488,0.40246713161468506,-11.952750205993652,151.97607421875,76.12071228027344,35.908226013183594,30.864574432373047,29.35405921936035,17.729679107666016,22.066396713256836,20.47711944580078,15.036185264587402,16.979480743408203,12.505782127380371,12.455907821655273,14.157995223999023,6.534517765045166,8.893675804138184,0.15151149425287355,0.19008815222156425,1764.5996844605381,1359.2880299505473,1442.1257803918634,468.2605759838879,3189.1494252873563,1956.1632546445373,0.9990286231040955,1.09409499168396
-489.09716796875,71.71703338623047,7.421989917755127,11.757403373718262,-3.6644439697265625,1.7806843519210815,0.7364732027053833,-6.376272678375244,-0.8611853122711182,-12.98386001586914,3.2673017978668213,0.4456137418746948,0.9304368495941162,149.62594604492188,69.44281768798828,27.380998611450195,23.184019088745117,24.071426391601562,15.635613441467285,13.027763366699219,18.032888412475586,14.271363258361816,18.375459671020508,10.691305160522461,14.803019523620605,9.864584922790527,3.0503931045532227,5.94624662399292,0.1555737704918033,0.19438862259758224,1850.4663313013345,1333.8358433283083,1677.934692490494,519.5774310419351,3471.850117096019,2080.082212394981,0.8660986423492432,1.2684489488601685
-480.4412841796875,109.53245544433594,-6.631085395812988,44.168495178222656,6.170547962188721,-0.5114336609840393,10.3173828125,-6.137444972991943,-6.816794395446777,-3.1889235973358154,-5.947296619415283,-0.8735439777374268,-2.0015017986297607,160.9745635986328,66.38446807861328,34.89501190185547,28.173904418945312,26.23059844970703,20.81214714050293,15.335783958435059,19.712032318115234,15.220827102661133,14.274455070495605,15.978503227233887,13.065710067749023,11.262295722961426,4.3406782150268555,7.889040946960449,0.0841329479768786,0.08819750701641509,1298.9338500743697,803.5316205259772,1417.506620276312,558.6026222806477,2690.4046242774566,1678.6928435150933,0.9346550107002258,1.3420686721801758
-557.6070556640625,67.44507598876953,21.431400299072266,32.28461456298828,14.931714057922363,8.2927827835083,1.9541367292404175,1.44953191280365,0.9980785846710205,2.899385452270508,-2.8388655185699463,0.6785710453987122,-5.456611633300781,122.87678527832031,30.95448875427246,20.38997459411621,28.52685546875,11.561178207397461,11.31022834777832,11.46351432800293,9.750407218933105,12.542767524719238,8.873404502868652,10.703692436218262,7.041650772094727,10.212242126464844,5.599360942840576,16.312416076660156,0.09649166666666667,0.059422953734693765,1668.7953753552297,563.3254864468054,1833.7338226363745,321.5765665126813,3766.8,1185.2433336661295,0.5436691045761108,0.8271331787109375
-528.6732177734375,62.15249252319336,16.230283737182617,41.494110107421875,13.708344459533691,12.584610939025879,-3.383486270904541,2.8269832134246826,2.17673659324646,6.020553112030029,0.8656494617462158,7.084990501403809,2.3343122005462646,150.40878295898438,62.63958740234375,24.979816436767578,32.54897689819336,20.350994110107422,12.951387405395508,18.192466735839844,12.895358085632324,10.379440307617188,13.450462341308594,10.776347160339355,9.573814392089844,8.49807357788086,4.521829128265381,13.334301948547363,0.09086505190311418,0.09575928111937264,1258.560092182441,830.5902790989453,1403.5503270145668,368.2692890657423,2301.453287197232,1640.8317048997053,0.5770123600959778,0.8356615900993347
-429.9129943847656,92.93144989013672,3.0410473346710205,30.000869750976562,-5.144527435302734,-0.5670575499534607,-9.78886604309082,-6.963122367858887,-6.760089874267578,-8.902493476867676,-7.7954182624816895,-3.0220255851745605,-11.244926452636719,145.77098083496094,72.48291778564453,37.72860336303711,32.089595794677734,25.505084991455078,17.811002731323242,18.890005111694336,17.406116485595703,14.14041519165039,15.624446868896484,12.213841438293457,13.887892723083496,13.57027530670166,4.600019454956055,6.658270359039307,0.11998387096774193,0.15957908262307458,1536.3730742425012,1205.01825139978,1388.162555266639,543.568082066249,2837.483870967742,1932.0392347409934,0.9419506192207336,1.1136388778686523
-410.26702880859375,83.86579132080078,-8.328059196472168,35.97846221923828,-0.6569841504096985,-2.2847609519958496,-11.281450271606445,-4.103515148162842,-3.667644739151001,-8.838629722595215,3.743394374847412,-9.067218780517578,3.1779463291168213,150.27435302734375,65.00048828125,41.71738052368164,27.656578063964844,22.071800231933594,16.735210418701172,20.462753295898438,15.798134803771973,13.347092628479004,15.705577850341797,10.199584007263184,15.214908599853516,11.022753715515137,8.02614974975586,12.709955215454102,0.13748081841432228,0.14542154621188363,1738.9688442320696,1080.0969444571483,1553.4017352037988,504.2906018179008,3399.7953964194376,1681.1127599272038,0.8322045207023621,1.0820306539535522
-594.1775512695312,56.936309814453125,24.15424156188965,45.765193939208984,14.121833801269531,9.613351821899414,5.5371527671813965,-0.5553924441337585,7.454146862030029,0.25939881801605225,5.587994575500488,-0.31896331906318665,1.675895094871521,166.75039672851562,41.21527862548828,24.76604461669922,39.0858039855957,15.512019157409668,15.596039772033691,15.806360244750977,20.517438888549805,7.915618419647217,14.601274490356445,7.674602508544922,10.886832237243652,7.70229434967041,3.246882200241089,7.540481090545654,0.07013125,0.07492995661574547,1533.985009745339,627.5216438180693,1926.0759715241397,413.0196582629319,3817.4,1247.4009940672647,0.4230962097644806,0.767914891242981
-517.69873046875,72.05315399169922,21.258237838745117,30.529090881347656,15.4952974319458,9.482455253601074,11.710306167602539,-0.4843364357948303,2.36527943611145,4.675496578216553,1.391377568244934,9.271788597106934,5.305943012237549,177.292236328125,72.58036804199219,26.999298095703125,29.065990447998047,17.804161071777344,20.561809539794922,14.127182960510254,16.449310302734375,13.094292640686035,10.526556968688965,11.158659934997559,9.065059661865234,10.300642013549805,3.4521896839141846,7.1064910888671875,0.11196652719665273,0.17063145072291258,1663.6944375381397,1225.4372353040587,1701.1041046473003,533.4091306535905,3347.2803347280333,1899.3781543692887,0.6066087484359741,0.8401308655738831
-341.30902099609375,90.9832992553711,8.214324951171875,14.756387710571289,10.287046432495117,-5.419055461883545,-16.491901397705078,-16.690872192382812,-20.098203659057617,-5.184070110321045,-8.406183242797852,-7.309439182281494,-1.8328038454055786,104.45533752441406,66.31157684326172,33.41794967651367,31.4444580078125,19.977134704589844,19.59601402282715,19.376956939697266,16.04816246032715,17.77152442932129,16.236995697021484,13.184922218322754,12.652982711791992,11.69389533996582,16.030542373657227,15.85286808013916,0.14995351239669422,0.18339250349701522,1737.607566175594,1339.2279294209463,1552.9979123809064,508.99296052235076,3071.1570247933882,2093.4824836208954,0.9247142672538757,0.8892648220062256
-526.9597778320312,64.81230163574219,18.148914337158203,28.465818405151367,7.382241725921631,9.606209754943848,6.32485294342041,-6.271455764770508,-0.48722684383392334,3.9135513305664062,-3.881455659866333,8.27222728729248,1.680397629737854,155.65626525878906,62.32638168334961,19.90749168395996,27.446271896362305,14.58418083190918,14.189550399780273,13.121347427368164,17.853042602539062,13.958544731140137,11.625223159790039,11.6699857711792,8.83376407623291,9.154805183410645,4.1056742668151855,12.105052947998047,0.09141304347826087,0.10132230667462952,1554.0746081499308,806.1776958485543,1748.811465950818,483.4861330378336,3389.4202898550725,1617.7631578666392,0.5306381583213806,0.7986311316490173
-515.4569091796875,56.150306701660156,15.160411834716797,23.734241485595703,-3.215567111968994,2.83351731300354,-0.25895050168037415,-5.601319313049316,-0.2323700189590454,-10.696067810058594,-2.868704080581665,2.963587522506714,-0.5838697552680969,176.89263916015625,57.335655212402344,34.413536071777344,26.31753921508789,24.977602005004883,13.763818740844727,13.67168140411377,14.339978218078613,11.4447660446167,14.78244686126709,10.21744441986084,12.456868171691895,9.17044734954834,3.1271450519561768,8.037468910217285,0.16510822510822512,0.2039318311361162,1981.4102901198164,1350.322059815108,1758.4851111390878,409.13594646088524,3749.6103896103896,1742.8451945061754,0.7179818153381348,1.097922682762146
-589.8018798828125,63.9664306640625,4.994934558868408,31.018625259399414,9.709128379821777,4.060307502746582,5.273353099822998,-5.602761268615723,-0.314771831035614,-1.612375259399414,1.2018755674362183,-6.213562965393066,1.2667723894119263,169.9173126220703,42.003360748291016,37.72283172607422,27.343225479125977,14.557913780212402,18.18414878845215,12.84235954284668,21.427204132080078,12.702573776245117,13.905674934387207,9.994348526000977,10.601330757141113,7.846804141998291,1.8961538076400757,4.831035614013672,0.11828125,0.08738996988177478,1856.0055667869415,645.6604939908026,1909.6827455932973,467.1504500599085,4073.5,1314.1642781631222,0.5573687553405762,0.9940984845161438
-549.89501953125,45.240787506103516,15.61815071105957,16.559743881225586,5.476284027099609,6.390669822692871,-2.3494064807891846,1.4192214012145996,1.6963707208633423,3.8427577018737793,0.5252973437309265,3.1162450313568115,-0.4632405638694763,164.74526977539062,69.63561248779297,20.681936264038086,19.48514747619629,13.900525093078613,10.829090118408203,15.797699928283691,13.23261547088623,12.326752662658691,11.722983360290527,9.287772178649902,8.89482593536377,11.173718452453613,2.4555323123931885,7.598333358764648,0.13749327956989246,0.16766026062388853,1899.9242146002584,1157.883860254442,1827.9520951994627,527.0911301795358,3887.6344086021504,1729.0801195697431,0.5411930680274963,0.9081214070320129
-377.1570739746094,90.9771499633789,-7.34248161315918,35.02246856689453,-12.40540885925293,-5.62435245513916,-16.015830993652344,-7.190764427185059,-20.215803146362305,-9.725808143615723,-3.3434174060821533,-3.675645112991333,-1.8952986001968384,109.77466583251953,64.57270812988281,39.914405822753906,29.087352752685547,23.586145401000977,19.166648864746094,15.718666076660156,15.901162147521973,16.575468063354492,14.107735633850098,10.94416618347168,13.900046348571777,10.02786922454834,11.19985294342041,16.961429595947266,0.16717532467532467,0.17119298304275324,1735.9498097297571,1194.649735202827,1399.5952721957044,509.2882059023626,3139.5324675324673,1926.6229898580978,0.8676925897598267,0.8234055042266846
-522.0359497070312,64.15631866455078,22.479705810546875,20.372976303100586,0.200842022895813,7.265984535217285,4.978564262390137,-4.297187805175781,0.6668158769607544,-9.472411155700684,5.079479217529297,1.1832810640335083,1.0387284755706787,157.0081329345703,59.41389846801758,25.172958374023438,22.64425277709961,25.321489334106445,16.331104278564453,13.874462127685547,21.668176651000977,16.358200073242188,19.391399383544922,11.36316204071045,12.423354148864746,9.764250755310059,4.245316505432129,9.521239280700684,0.09157384987893463,0.13258182632662507,1554.5878307913001,989.4593352375396,1781.526765735855,458.89904653291205,3329.878934624697,1687.3158003291828,0.6556852459907532,1.2012732028961182
-472.75701904296875,77.85665893554688,12.78135871887207,25.83652687072754,12.504074096679688,1.0599201917648315,-2.3935813903808594,-10.729667663574219,0.0831298828125,-9.779871940612793,-4.396833419799805,-9.816253662109375,-0.23811538517475128,154.81912231445312,55.735050201416016,32.29225158691406,24.94974136352539,16.231943130493164,15.02458667755127,17.034528732299805,22.41375160217285,14.587592124938965,14.765454292297363,10.295618057250977,15.24699878692627,10.433332443237305,9.012051582336426,17.135229110717773,0.1018987341772152,0.13173634437305992,1680.1564536397552,964.6857719375942,1821.4154861964946,582.9272713693292,3708.8607594936707,1843.2948307128615,0.6570645570755005,0.8126429319381714
-458.3257751464844,65.83252716064453,21.583850860595703,26.329214096069336,9.335643768310547,7.617202281951904,-8.11695671081543,-4.9617390632629395,6.3067827224731445,1.466140627861023,1.879455804824829,0.5440961122512817,-2.70886492729187,158.25042724609375,66.31269836425781,22.608455657958984,24.10084342956543,16.694324493408203,14.61179256439209,19.921470642089844,14.782468795776367,15.601139068603516,14.834087371826172,10.19750690460205,9.651415824890137,11.037485122680664,5.4939351081848145,11.187145233154297,0.1788375796178344,0.1882336028043744,2133.9615480079415,1273.5928292508202,1839.8628693628673,410.8379688237802,4129.044585987262,1660.9335811733756,0.7787784934043884,1.0729029178619385
-451.8327331542969,108.51182556152344,32.39347457885742,31.449081420898438,3.655745506286621,10.949584007263184,-3.7489452362060547,-0.28609970211982727,-13.803590774536133,8.446439743041992,-6.627971649169922,5.918914318084717,-2.2699975967407227,124.56859588623047,80.29328918457031,35.52130889892578,33.67756652832031,28.833620071411133,19.369050979614258,17.71784782409668,12.18515396118164,20.36725425720215,13.270458221435547,12.632477760314941,10.603231430053711,8.972173690795898,8.781442642211914,11.258394241333008,0.1026975051975052,0.14210901233457138,1287.4778102001421,1134.8221317390187,1324.3269946621608,600.7638745888909,2356.091476091476,2094.2010081971584,0.8127539157867432,0.9815453886985779
-542.5313110351562,64.86224365234375,7.702382564544678,20.037269592285156,4.573368072509766,-0.26349547505378723,-4.033254146575928,-9.261083602905273,-0.9707911610603333,-2.914982557296753,-2.003903388977051,-4.3992133140563965,2.7398390769958496,153.1029815673828,65.44117736816406,36.521339416503906,22.792861938476562,19.800186157226562,19.81095314025879,18.427059173583984,22.072603225708008,14.55458927154541,11.473875999450684,11.171868324279785,13.190831184387207,9.486011505126953,3.7924513816833496,10.001964569091797,0.12499331550802138,0.1599789527708227,1797.0959199140368,1184.60599184627,1698.2638754317295,606.8371208408782,3656.577540106952,1874.4242747133292,0.6616392731666565,0.9088521003723145
-521.1572265625,55.14397430419922,12.73193073272705,14.94627857208252,1.2881022691726685,8.142223358154297,-1.933632254600525,1.8079644441604614,-0.13783888518810272,-8.631573677062988,-1.951256513595581,1.6778944730758667,-2.0881500244140625,171.7657012939453,61.047080993652344,44.823646545410156,17.848495483398438,22.172733306884766,14.820618629455566,15.03562068939209,13.555150985717773,13.426534652709961,16.287700653076172,11.169994354248047,11.147903442382812,11.995150566101074,3.5275416374206543,7.130847930908203,0.16465079365079366,0.1913904766775562,2171.343797566414,1268.383337769001,1881.2721540457983,488.27182106990006,4362.920634920635,1588.5739966735994,0.6374543905258179,0.8804636597633362
-426.5433349609375,101.92239379882812,-10.256017684936523,17.394630432128906,4.654751777648926,-5.082761764526367,-15.785093307495117,-0.5103546977043152,-16.921403884887695,-2.7022275924682617,-10.426724433898926,-6.2579240798950195,-7.490009307861328,144.81094360351562,72.4402847290039,40.7582893371582,31.676124572753906,18.58623504638672,19.62018394470215,22.80889892578125,17.921579360961914,22.201250076293945,12.572182655334473,12.299481391906738,11.639410018920898,11.023138999938965,6.534026145935059,9.51726245880127,0.11392061281337047,0.14641455804089187,1505.3233703983808,1155.9575510726581,1353.4027947322281,570.6003164428682,2800.5571030640667,1871.2794012958543,0.9234036207199097,1.1065064668655396
-429.8760986328125,89.56510162353516,-2.2293307781219482,30.87442970275879,2.0291635990142822,18.95484161376953,-19.3767032623291,1.6201252937316895,-2.992466926574707,1.7697676420211792,-0.2925735414028168,-3.6177759170532227,-5.413052558898926,178.41659545898438,75.25839233398438,35.48656463623047,28.073379516601562,25.804828643798828,15.487719535827637,24.364580154418945,17.613859176635742,13.128286361694336,17.413822174072266,12.513364791870117,12.105636596679688,11.89058780670166,6.285078525543213,9.381160736083984,0.12482522796352583,0.16741823028462272,1629.8989319065638,1205.4292467831724,1500.3716012328664,559.7571089045463,3106.747720364742,1929.443452568366,0.9523404240608215,1.3358471393585205
-430.05059814453125,93.06966400146484,2.0504398345947266,36.1400146484375,-10.014981269836426,1.0884779691696167,-4.513406753540039,-9.980204582214355,0.6666691303253174,-11.889659881591797,-6.674233436584473,-0.9507165551185608,-10.950610160827637,166.56118774414062,63.897891998291016,33.5263557434082,39.414955139160156,29.5345516204834,18.12493324279785,19.15953826904297,20.800399780273438,11.151750564575195,15.787955284118652,11.61387825012207,13.110013008117676,15.35365104675293,7.194433689117432,10.099648475646973,0.10413069544364509,0.1216669898530413,1477.145296869671,950.615565211833,1480.7249645033194,536.7028440622663,2982.3501199040766,1775.632353927168,0.9642928838729858,1.3547561168670654
-536.0376586914062,71.23008728027344,-5.424931049346924,24.759994506835938,-10.642181396484375,3.631361484527588,-7.335758209228516,-1.4387552738189697,-3.469024896621704,-6.285677433013916,-2.617408275604248,-1.907760739326477,-2.7574384212493896,167.21717834472656,56.40110778808594,37.11091613769531,26.356618881225586,30.616788864135742,16.3397216796875,21.8923282623291,16.26396942138672,15.24099349975586,15.34676456451416,12.118887901306152,12.258939743041992,9.9882230758667,2.560980796813965,5.757831573486328,0.11260080645161291,0.10599204892270696,1662.287957978316,849.1074141751646,1675.211718573362,597.6796134865135,3511.3978494623657,1654.255893792104,0.7372843623161316,1.2663960456848145
-405.0826721191406,137.80726623535156,-4.668868541717529,27.736509323120117,-6.8871073722839355,-4.00530481338501,3.7579636573791504,0.24856190383434296,-11.453625679016113,2.9143645763397217,8.764155387878418,-2.7669858932495117,-6.6828718185424805,129.2000274658203,84.10858154296875,31.765274047851562,32.06736755371094,30.312694549560547,22.823352813720703,17.62488555908203,16.55685806274414,13.305424690246582,15.099587440490723,11.997840881347656,10.763660430908203,9.320170402526855,7.817676544189453,11.936264991760254,0.11495515695067264,0.13027156959829403,1284.2593791295494,1021.1483751439673,1192.1388726300245,545.1818247926444,2308.878923766816,1762.6615878361115,0.807387113571167,0.8673758506774902
-419.6116638183594,61.49757385253906,-9.398905754089355,24.75959014892578,3.1682941913604736,-5.009094715118408,-10.254644393920898,-11.836090087890625,-4.584493160247803,0.7955820560455322,-6.940636157989502,-1.3104794025421143,-2.5200908184051514,123.04304504394531,80.17351531982422,37.07366943359375,34.86743927001953,18.459203720092773,18.747034072875977,18.528974533081055,17.857210159301758,12.796825408935547,15.478644371032715,12.638418197631836,9.444453239440918,9.897432327270508,3.8892581462860107,8.077457427978516,0.19211009174311924,0.16963657670159893,2065.809571309834,1244.2627106131613,1583.3818394633558,464.1717041260259,3647.5229357798166,1903.9568436070147,0.9274958372116089,1.0206429958343506
-425.5896301269531,126.85987091064453,8.30329704284668,35.996673583984375,3.67626953125,5.671699047088623,2.3977668285369873,-0.9109675884246826,-13.410727500915527,15.492461204528809,2.5916478633880615,9.756226539611816,8.170077323913574,146.45382690429688,89.5573501586914,35.82044219970703,25.7047119140625,24.81399154663086,17.836978912353516,14.979114532470703,12.796833992004395,20.390743255615234,17.96774673461914,11.295601844787598,9.905517578125,11.152462005615234,10.05265998840332,13.72492790222168,0.1024290780141844,0.12841503222748815,1385.1899134644266,1157.3978037951767,1287.9635944935694,585.2184034400068,2452.624113475177,1967.4816121555782,0.8580571413040161,0.9930267930030823
-557.6422729492188,56.59578323364258,15.400761604309082,27.339998245239258,12.376514434814453,5.624933242797852,7.915531158447266,0.647779643535614,2.234025716781616,6.523961067199707,-0.8862437605857849,10.464466094970703,-0.05996214970946312,175.33966064453125,62.33522033691406,25.22721290588379,20.718215942382812,13.489473342895508,20.593812942504883,12.4774751663208,18.518835067749023,11.248549461364746,12.850248336791992,12.072014808654785,11.845261573791504,11.506573677062988,3.9163215160369873,10.718363761901855,0.12700381679389314,0.14388271167258598,1914.4202286242205,995.7162996999847,1935.0642585720475,469.0361876640155,4159.541984732825,1542.079424195576,0.5993088483810425,1.1502453088760376
-468.7765197753906,91.55782318115234,10.193314552307129,33.448509216308594,8.235567092895508,17.947837829589844,-8.076842308044434,5.1987080574035645,2.2957944869995117,-10.551734924316406,-7.244412899017334,1.9864766597747803,-3.4022915363311768,172.5126495361328,98.64527130126953,36.47102737426758,30.882017135620117,23.911788940429688,20.45908546447754,22.902339935302734,13.033350944519043,10.420597076416016,21.551652908325195,12.670398712158203,12.5796480178833,10.23672866821289,9.420738220214844,14.012022018432617,0.11845375722543353,0.17018742014970653,1492.1557369035183,1327.7696436495162,1329.9617496052092,598.832979528813,2660.3468208092486,2051.1003379840618,0.8282994627952576,1.3024126291275024
-487.6110534667969,78.36000061035156,19.36659049987793,22.416744232177734,2.428119421005249,4.473108768463135,-0.000485639029648155,3.9101943969726562,2.1768085956573486,1.6428965330123901,0.6297004818916321,2.7834653854370117,-2.663846254348755,158.52783203125,73.05309295654297,27.42601203918457,24.007326126098633,19.037134170532227,13.229570388793945,18.90241241455078,15.385071754455566,14.597699165344238,15.937474250793457,10.91910171508789,11.608885765075684,12.523653030395508,7.103778839111328,18.088523864746094,0.12777597402597404,0.13428841694247898,1777.4022862451147,1069.8848732954452,1713.8755038317565,575.3633247821804,3661.904761904762,1823.1474163523408,0.693998396396637,0.94517582654953
-468.1349792480469,75.67131042480469,-7.262667179107666,22.649871826171875,-2.67401123046875,4.060890197753906,-5.402165412902832,-0.7111638188362122,-4.618624210357666,-1.5039268732070923,-12.00294017791748,-9.703352928161621,-1.4481202363967896,178.6934814453125,57.213768005371094,50.757598876953125,24.28595733642578,21.83272361755371,15.863387107849121,15.200177192687988,11.77369499206543,17.35552215576172,12.782970428466797,14.321094512939453,16.848421096801758,9.184816360473633,8.236868858337402,14.211099624633789,0.11500000000000002,0.09461659473897802,1616.9809081685319,729.24667085802,1608.2395678903097,581.0233138347552,3351.68,1664.8020836123433,0.9555559754371643,1.5785894393920898
-484.3004455566406,72.00373077392578,11.08323860168457,40.14469909667969,14.483065605163574,12.782597541809082,-12.212379455566406,3.575413227081299,-1.6051592826843262,8.612363815307617,-5.061687469482422,12.248465538024902,0.7091166377067566,156.8105010986328,68.95548248291016,32.45110321044922,34.025108337402344,17.47716522216797,14.545079231262207,21.52311134338379,15.010350227355957,14.587614059448242,13.140445709228516,14.45925521850586,13.391778945922852,9.240535736083984,4.168700218200684,8.575546264648438,0.1414450549450549,0.17548703734961232,1561.1947479853018,1247.067050529349,1416.5636981650234,418.161798632909,2675.868131868132,1947.0711913972323,0.7515777945518494,0.9999513030052185
-479.2543029785156,76.67872619628906,11.653468132019043,32.621612548828125,-3.3175272941589355,-2.4715142250061035,-2.4419586658477783,-3.522167444229126,-3.668156385421753,-14.763934135437012,0.4267919063568115,-3.4728176593780518,-3.4595894813537598,176.29656982421875,61.13882064819336,32.66326141357422,32.08537292480469,19.87470054626465,18.22658348083496,19.24622344970703,17.91205406188965,13.427653312683105,16.90770721435547,10.82820987701416,12.330635070800781,10.834092140197754,8.86409854888916,13.96493911743164,0.12857317073170732,0.1571367495548962,1733.0810856899031,1136.893988393781,1681.0199820386763,503.2460626993681,3555.317073170732,1702.0921192436774,0.7634151577949524,1.0617321729660034
-523.337890625,50.764404296875,22.44532585144043,30.566184997558594,-3.4854536056518555,8.442021369934082,-1.2913786172866821,-1.2453824281692505,-6.537199020385742,-4.002924919128418,0.41032710671424866,-0.6210035681724548,2.5964674949645996,134.7148895263672,65.27908325195312,24.718713760375977,26.390830993652344,29.216617584228516,13.944828033447266,18.258270263671875,18.118629455566406,18.05514144897461,15.583121299743652,12.230422973632812,13.444602966308594,7.7488508224487305,4.576612949371338,11.975916862487793,0.13533457249070632,0.1824759482900997,1791.5168502102986,1291.2185714416294,1672.7889622973714,480.2924221034222,3457.2490706319704,1901.1872286769303,0.7615485787391663,1.3344087600708008
-432.4385986328125,102.62682342529297,5.812137126922607,23.73105812072754,11.40452766418457,0.9303122162818909,5.405982971191406,3.88289475440979,5.283113956451416,-3.222789764404297,-7.3065385818481445,-6.007188320159912,1.382369875907898,162.13558959960938,98.77298736572266,34.115478515625,30.90806007385254,21.747282028198242,18.44060707092285,18.58943748474121,14.689546585083008,14.14454460144043,16.69927215576172,12.464788436889648,14.494575500488281,12.379051208496094,4.7499823570251465,6.618120193481445,0.13507982583454284,0.17211754518578995,1594.0956497043169,1383.386711442718,1387.262215555244,544.3212330183343,2821.190130624093,2171.0514678807285,0.8655860424041748,1.0342720746994019
-512.7411499023438,61.719722747802734,-13.138849258422852,23.91825294494629,-13.509588241577148,0.9516825675964355,-3.9039671421051025,1.0670925378799438,-5.086171627044678,-3.1522510051727295,6.014553546905518,3.712109327316284,-2.5893681049346924,150.3769989013672,44.463375091552734,37.651729583740234,24.02813720703125,31.54660987854004,15.73141860961914,22.114299774169922,14.691255569458008,16.46787452697754,13.977055549621582,9.882739067077637,14.403298377990723,11.25995922088623,4.174375057220459,8.948710441589355,0.1462236286919831,0.17015142979692552,1614.2516727204325,1027.1690298117953,1504.2309354165182,400.9526605336745,2987.8481012658226,1800.9769998925485,0.6931031346321106,1.0857266187667847
-467.12347412109375,87.21185302734375,-4.299222946166992,20.2169189453125,-2.272550106048584,-0.12359702587127686,-3.4834532737731934,-2.9281678199768066,1.193009853363037,-4.475346088409424,-3.7429146766662598,-0.8063881993293762,2.369939088821411,140.89573669433594,67.57564544677734,31.757246017456055,22.71446418762207,24.155868530273438,17.02338409423828,15.508293151855469,16.207958221435547,13.71430492401123,12.750227928161621,12.326560974121094,14.634170532226562,8.870441436767578,4.662250995635986,9.912592887878418,0.1162524366471735,0.1296720564391506,1565.8940385915291,964.2353345323115,1543.0740780617737,532.2206384089235,3108.7719298245615,1719.2968134616306,0.7251742482185364,0.8480793833732605
-565.6021118164062,68.74323272705078,9.20018196105957,26.55646514892578,11.196795463562012,0.8165658712387085,-10.40347957611084,-4.855244159698486,0.10780744254589081,-8.232171058654785,0.42974424362182617,-9.453400611877441,-0.7369562983512878,167.1478271484375,46.9150390625,35.88700485229492,23.084545135498047,18.667909622192383,16.3012752532959,21.158367156982422,17.21305274963379,14.03061294555664,15.332795143127441,12.171563148498535,18.114456176757812,8.951128959655762,2.903932571411133,6.551684856414795,0.10766536964980546,0.11146354330256934,1745.1149409165735,826.2971540785053,1885.1306018921127,547.7552467053023,3902.4124513618676,1803.207371877351,0.6276341080665588,1.0935704708099365
-497.1330871582031,70.08634185791016,8.932332038879395,30.425050735473633,8.2933988571167,5.845707893371582,-2.144676446914673,-2.84121036529541,4.514684677124023,2.957015037536621,-2.146632194519043,7.052984714508057,0.8225106596946716,176.34019470214844,56.383262634277344,31.670021057128906,20.346281051635742,16.63006019592285,20.597278594970703,14.86357307434082,15.7857084274292,9.836908340454102,11.03820514678955,11.51594066619873,11.572857856750488,11.886265754699707,4.080996513366699,9.989437103271484,0.12402416356877323,0.11213084982749592,1714.7199886499525,872.5922585395392,1722.6363346939038,482.2695279931253,3521.3382899628255,1614.1506199391256,0.7699298858642578,1.014310359954834
-567.1241455078125,76.35062408447266,11.66526985168457,29.34305191040039,-1.2650786638259888,6.741160869598389,-2.2552309036254883,1.259386658668518,-1.894521713256836,-3.6386606693267822,-5.883854866027832,2.093677043914795,-5.740303039550781,170.36300659179688,49.40506362915039,35.38471603393555,19.29204559326172,26.240177154541016,11.671570777893066,17.735366821289062,15.018507957458496,14.52277660369873,13.418225288391113,11.887283325195312,12.324028015136719,10.85225772857666,3.0028975009918213,5.878604888916016,0.0941254752851711,0.12444227454211516,1333.073956204731,992.0548234691792,1465.619333882425,447.349531162933,2496.1216730038022,1863.9657262250528,0.6123250126838684,0.9022276401519775
-505.7304992675781,49.35407638549805,6.862123966217041,17.73129653930664,-11.51412582397461,-3.227461814880371,-0.8214296102523804,-11.197278022766113,-6.087234020233154,-9.146697998046875,-14.066576957702637,-10.250414848327637,-6.870317459106445,160.86471557617188,48.81256103515625,27.45685577392578,29.84810447692871,24.387304306030273,11.462796211242676,16.291606903076172,20.45892333984375,11.116707801818848,12.012370109558105,17.175540924072266,12.642805099487305,9.645927429199219,9.653414726257324,21.371112823486328,0.15337591240875914,0.1627917345440067,1978.6973180996083,1085.552067891911,1882.8055754990726,529.6508437653035,4196.204379562044,1901.8723511268624,0.7185387015342712,1.1263923645019531
-462.38995361328125,94.35559844970703,5.1355695724487305,34.24260711669922,7.188698768615723,9.406123161315918,-20.4057559967041,-8.479751586914062,8.514615058898926,-5.170845031738281,4.094329357147217,3.1530070304870605,-1.666195034980774,140.1040496826172,78.4146728515625,32.96753692626953,29.34284782409668,25.713401794433594,17.76160430908203,23.012182235717773,19.428293228149414,11.976215362548828,17.359214782714844,13.060461044311523,12.869617462158203,11.559709548950195,6.7893900871276855,12.895620346069336,0.14088790931989925,0.1307807475679046,1677.4745608550375,1102.0200444773923,1470.1182473966717,559.7278114110884,3148.5138539042823,1875.851862356354,0.7157518863677979,0.7563137412071228
-393.9684143066406,103.9076919555664,-4.446685314178467,21.65898895263672,-12.93660831451416,7.976736068725586,-19.177888870239258,-8.504932403564453,-13.58993911743164,-5.238994598388672,-3.9819211959838867,4.867313861846924,-7.624237060546875,116.3110122680664,74.49346923828125,37.687068939208984,33.31441116333008,29.600431442260742,20.641300201416016,18.187255859375,21.20716094970703,12.635074615478516,15.67891788482666,11.288338661193848,16.11760902404785,10.24146556854248,12.7361478805542,15.68184757232666,0.16515555555555558,0.21209085637533903,1692.364141682628,1473.184350554114,1254.8517847296323,492.3647335337842,2840.711111111111,1984.9458836420843,0.9223356246948242,1.0774706602096558
-487.1056213378906,98.92039489746094,-6.895888328552246,1.2316854000091553,-3.6999096870422363,9.045802116394043,-13.585328102111816,0.5870385766029358,-10.01999568939209,-5.128885746002197,0.28320202231407166,-12.524476051330566,-4.46775484085083,180.44558715820312,88.91885375976562,41.87519073486328,20.02717399597168,24.156463623046875,15.182339668273926,23.72152328491211,13.365114212036133,16.2279109954834,12.667632102966309,12.483267784118652,15.641535758972168,10.708512306213379,5.581722259521484,8.832657814025879,0.1504733009708738,0.1753828697056556,1754.702202342362,1317.0033085646555,1478.6375866923565,701.7964308081099,3249.7087378640776,2267.5351042810676,0.8942699432373047,1.0853121280670166
-513.650146484375,69.10505676269531,14.304421424865723,27.37289047241211,5.370713710784912,9.035128593444824,-1.8753080368041992,9.718274116516113,1.9206788539886475,6.193117618560791,-3.7247025966644287,4.5149736404418945,-4.419556140899658,182.11337280273438,73.21812438964844,28.14613151550293,25.174362182617188,16.314367294311523,15.045080184936523,21.786914825439453,12.5120849609375,13.843605995178223,14.997297286987305,13.541046142578125,8.129500389099121,10.873291969299316,6.520971775054932,12.891924858093262,0.10908441558441559,0.16534857714815146,1539.7014014924664,1114.7218941449044,1607.650025053112,464.6858904114428,3120.2077922077924,1581.3510444090418,0.5466670989990234,1.101631760597229
-472.81817626953125,67.4949722290039,15.358270645141602,40.172340393066406,-1.2191773653030396,2.4473800659179688,-5.686925888061523,4.389096260070801,1.162725567817688,0.02451513707637787,-8.65973949432373,6.287158966064453,-4.557689666748047,167.4337921142578,74.6536636352539,24.094762802124023,36.39098358154297,23.807823181152344,16.150619506835938,19.87282943725586,18.50700569152832,14.224358558654785,15.765121459960938,14.29090690612793,9.944321632385254,13.081613540649414,6.69844913482666,12.669151306152344,0.13543999999999998,0.18018335032220187,1486.5267069689817,1298.2084113260935,1316.3864149825797,354.14907173039813,2512.1066666666666,1782.9789572385748,0.6503409743309021,0.7746357321739197
-517.3787841796875,55.80437088012695,3.960136890411377,34.35917282104492,-1.9331361055374146,3.377329111099243,-4.705948829650879,-0.6188284158706665,-8.334268569946289,-6.377626895904541,4.8098835945129395,-0.2605183720588684,-3.3952364921569824,162.83389282226562,50.14051055908203,31.3432559967041,34.73772048950195,25.45315933227539,13.537976264953613,18.547794342041016,15.886691093444824,17.40842628479004,18.528547286987305,10.34065055847168,13.997977256774902,10.584932327270508,5.933717727661133,10.937844276428223,0.13173972602739725,0.1824445517115817,1592.2848299605387,1233.3848160835296,1536.7770846123515,455.0763477332133,2882.7397260273974,2046.0316822049033,0.6018497943878174,0.9684698581695557
-555.0556030273438,82.76571655273438,20.258438110351562,28.421180725097656,17.801551818847656,11.19206714630127,8.513495445251465,2.9032318592071533,4.4674763679504395,2.8349361419677734,-2.243401288986206,1.3637845516204834,-4.692283630371094,143.191650390625,56.992733001708984,27.658004760742188,18.91929817199707,14.104349136352539,13.87501335144043,13.325201988220215,16.27716827392578,9.338831901550293,9.734546661376953,12.328032493591309,11.504101753234863,9.58244514465332,5.9367475509643555,14.732553482055664,0.07866295264623956,0.05488328251769365,1580.7371194286573,695.5868584051368,1858.4269047746432,573.1533532191814,3693.4818941504177,1731.5222243622748,0.4922349750995636,0.803773820400238
-482.890380859375,83.11094665527344,11.579597473144531,11.275153160095215,1.044008731842041,10.002958297729492,1.6815344095230103,-4.840639114379883,-5.809535026550293,6.298488140106201,2.71659517288208,5.0235443115234375,3.4551923274993896,149.69944763183594,92.80430603027344,30.72385597229004,19.70928955078125,32.34532165527344,13.488324165344238,18.42099952697754,12.234099388122559,16.44029426574707,10.881037712097168,10.70644474029541,10.702863693237305,8.964547157287598,7.189744472503662,18.863826751708984,0.14620941558441558,0.15627142183226156,1873.655304650126,1312.386959800238,1614.5637655792161,707.2407400208724,3558.961038961039,2344.4699145649574,0.666418731212616,0.975034236907959
-450.6507263183594,75.59880065917969,13.649145126342773,42.27876663208008,9.156745910644531,13.954917907714844,-20.706724166870117,0.09362078458070755,2.0112662315368652,-3.929032325744629,6.004788875579834,4.847845077514648,-6.793797016143799,159.6898193359375,71.6832275390625,26.796606063842773,31.040109634399414,22.677715301513672,15.366240501403809,27.101436614990234,18.20901107788086,11.964044570922852,17.522314071655273,11.167994499206543,11.116024017333984,11.587157249450684,8.363541603088379,14.06861400604248,0.12970541401273888,0.17292794236601336,1529.2051207305901,1216.991533561471,1476.6074233363754,445.0860406937489,2871.082802547771,1885.4108270544941,0.7151814103126526,0.8696116209030151
-381.7861328125,95.02686309814453,-4.92039155960083,30.645652770996094,-6.948797702789307,-10.39034652709961,-14.421085357666016,-2.6401009559631348,-17.236907958984375,-10.763691902160645,4.185353755950928,-11.808509826660156,2.234528064727783,127.65877532958984,67.28028869628906,37.974769592285156,30.531660079956055,25.682083129882812,19.5924129486084,20.478322982788086,14.638084411621094,16.18604278564453,13.969054222106934,12.690973281860352,15.9224853515625,11.953349113464355,8.867704391479492,10.327228546142578,0.16974820143884892,0.19980955297681327,1797.9223903669965,1352.3317078907075,1485.3668270822898,494.10758648689745,3254.580335731415,1913.5268526280013,1.0322080850601196,1.1897515058517456
-566.7068481445312,62.526206970214844,-3.8737802505493164,22.18876838684082,-0.6312276124954224,4.619424343109131,-9.227384567260742,0.9277819991111755,-4.452781677246094,-1.657518982887268,-7.725334167480469,3.3700973987579346,-1.212059736251831,185.2880401611328,53.63618087768555,40.51982879638672,24.374549865722656,23.36202049255371,13.009765625,21.26291275024414,13.07744312286377,15.372342109680176,11.767621994018555,14.475624084472656,9.594561576843262,10.581143379211426,1.5882230997085571,3.767590284347534,0.13291086350974932,0.16668326131748387,1668.0000938738178,1062.7230963146528,1672.3784566246159,511.2540346760044,3346.2952646239555,1644.2554450355663,0.7003673911094666,1.0018476247787476
-480.1375732421875,86.62946319580078,-3.751526355743408,15.788809776306152,0.9012271761894226,-4.8491668701171875,-12.835221290588379,0.6592891812324524,-10.220117568969727,-2.0410594940185547,-4.810403347015381,-8.625112533569336,-3.530872106552124,154.59832763671875,84.66400146484375,41.163597106933594,34.02547836303711,21.42757797241211,15.80486011505127,22.81252670288086,12.058064460754395,16.923213958740234,11.733577728271484,10.610102653503418,14.146023750305176,9.088068008422852,4.84628438949585,8.225793838500977,0.16916233766233765,0.2129365560284016,1884.1726409503876,1520.6213278416149,1474.9227766689235,664.0394061789724,3408.4155844155844,2217.9864119046106,0.9137933254241943,1.218123435974121
-447.6668701171875,124.40835571289062,9.804019927978516,42.699073791503906,10.855052947998047,2.7381768226623535,-2.719210386276245,-4.407293796539307,-8.135480880737305,5.669682025909424,0.6533834934234619,3.5233726501464844,6.947059631347656,134.65879821777344,84.96443939208984,37.04740905761719,28.8017578125,26.17384147644043,19.29219627380371,17.0528507232666,16.790313720703125,18.33315086364746,11.705411911010742,11.269354820251465,8.996224403381348,12.460179328918457,7.501558303833008,11.407986640930176,0.09189826302729527,0.12283747588115726,1190.9127060941555,998.6570486091621,1198.2205519493739,546.4747646835223,2148.287841191067,1682.3113594693336,0.8179949522018433,0.9547365307807922
-497.40618896484375,61.90658950805664,-1.6470892429351807,13.41618537902832,-0.6912060379981995,-0.7999169826507568,-13.077973365783691,-6.079489707946777,-11.717988014221191,-6.62221622467041,-8.882119178771973,-3.3347294330596924,-8.779677391052246,170.5275421142578,73.7593994140625,43.50925064086914,27.232166290283203,23.206573486328125,17.367511749267578,18.56391716003418,14.298128128051758,15.847456932067871,11.608260154724121,14.585437774658203,7.991437911987305,11.608351707458496,5.488518238067627,8.741271018981934,0.14588709677419354,0.17488377290948165,1915.7125600705997,1371.1873033954273,1650.8066541971084,688.6463630165795,3576.0,2381.657216472218,0.9695467352867126,1.2798089981079102
-394.06219482421875,102.00631713867188,5.702651023864746,56.381954193115234,-6.149960994720459,3.8610455989837646,-3.8860971927642822,-3.3496363162994385,7.69862174987793,-9.061981201171875,2.618547201156616,-3.138242483139038,0.9309293627738953,140.3371124267578,69.71576690673828,31.823205947875977,37.17497634887695,19.932403564453125,17.748756408691406,16.3509521484375,15.133221626281738,11.204606056213379,14.045845985412598,9.232088088989258,9.288524627685547,9.355863571166992,15.929227828979492,20.908639907836914,0.13055180180180181,0.1554039875408619,1542.390162538116,1051.5832174645113,1465.7187484482354,457.51565724087317,3004.324324324324,1544.0753503655594,0.7329195141792297,0.8795927166938782
-504.9649658203125,85.52368927001953,1.655821442604065,36.844970703125,2.5903899669647217,-12.463271141052246,-7.354827880859375,-8.064372062683105,-3.761357545852661,5.202990531921387,0.09890133142471313,6.675666332244873,-1.3532267808914185,159.49407958984375,60.21993637084961,38.6271858215332,33.46941375732422,20.826379776000977,25.830692291259766,16.465595245361328,15.850088119506836,13.327178001403809,14.32626724243164,14.548566818237305,9.795567512512207,10.886882781982422,4.72931432723999,10.208207130432129,0.12287925696594426,0.09991032807680017,1671.6878277522057,833.6946696432516,1615.740463246393,510.8877543645181,3381.795665634675,1595.9051300919048,0.794893741607666,1.1489927768707275
-450.7234802246094,106.92593383789062,-10.240256309509277,20.199851989746094,-3.460808753967285,7.084806442260742,-8.298187255859375,0.2560695707798004,-9.408631324768066,-3.264616012573242,-6.310001850128174,-5.885363578796387,-4.223031520843506,128.5810546875,76.38255310058594,38.58037185668945,30.778226852416992,22.106834411621094,14.762568473815918,16.83737564086914,13.667269706726074,13.516849517822266,15.325677871704102,11.341817855834961,14.1682710647583,9.926337242126465,4.690275192260742,5.756336212158203,0.13529243119266052,0.1863110251297947,1558.0884411449751,1292.7794039500661,1334.9403450790737,617.3844634629962,2798.440366972477,2043.2572818513086,0.9072680473327637,1.1355359554290771
-522.7614135742188,66.12030029296875,15.376376152038574,36.67189025878906,18.280193328857422,0.4860793948173523,8.42965030670166,-3.7463691234588623,-0.92027747631073,3.3259382247924805,-0.4680493175983429,6.424748420715332,1.8571234941482544,160.6493682861328,59.508731842041016,26.080087661743164,30.527353286743164,19.49309539794922,21.468626022338867,12.567461013793945,18.804595947265625,15.361008644104004,13.714652061462402,13.915116310119629,7.26121711730957,8.925532341003418,4.9014482498168945,12.079452514648438,0.06609296482412061,0.09660261631107354,1354.7030915781354,798.6670255660463,1700.2267828938832,531.2998707992338,3034.572864321608,1575.2797289974528,0.639376163482666,1.3234267234802246
-459.0059509277344,106.4831314086914,10.989477157592773,43.1489143371582,12.659965515136719,12.500997543334961,0.7685014009475708,-2.3060362339019775,-0.7320681214332581,2.0490825176239014,-9.74782943725586,4.783794403076172,-11.883905410766602,148.3784637451172,74.34733581542969,34.684024810791016,31.686063766479492,19.581050872802734,22.075937271118164,18.52299690246582,19.1519832611084,12.698553085327148,15.115718841552734,15.985027313232422,12.793192863464355,13.911578178405762,6.251134872436523,9.836080551147461,0.10246031746031747,0.1373899213508331,1401.621279001157,1103.4161633350707,1350.2285047765947,506.77756303849117,2736.931216931217,1718.7226401567555,0.8208812475204468,0.9695772528648376
-432.58099365234375,81.60468292236328,4.885354995727539,16.490720748901367,3.0874340534210205,4.550795078277588,-9.963926315307617,-14.900177955627441,1.4861290454864502,-7.004683971405029,-2.8553478717803955,-5.304678916931152,-4.5596489906311035,177.74563598632812,79.81017303466797,44.9034423828125,26.548662185668945,23.370830535888672,17.0021915435791,18.11591911315918,20.684499740600586,13.241131782531738,13.908061027526855,10.345402717590332,12.630339622497559,12.997746467590332,6.712437629699707,9.89323902130127,0.13526132404181182,0.17152262272644306,1758.0228814628226,1356.1951017101517,1562.4514108818869,614.8738386716384,3294.076655052265,2178.462145222132,0.9675760865211487,1.2780061960220337
-531.1318969726562,85.8436279296875,-3.388174295425415,24.227561950683594,-4.010261535644531,10.574409484863281,-4.5808424949646,-5.568570613861084,-6.0545148849487305,-8.05888843536377,1.4658197164535522,-9.86701774597168,-2.4921367168426514,154.0879364013672,56.141963958740234,42.026123046875,22.128145217895508,25.094324111938477,13.388843536376953,17.317142486572266,17.400283813476562,16.015565872192383,13.601166725158691,8.43804931640625,14.526500701904297,8.688884735107422,2.303412675857544,6.284623146057129,0.07682926829268294,0.07468985546391627,1141.4742175281917,545.091949894029,1370.0481334294402,386.15317054348066,2131.9024390243903,1226.1980861913858,0.6662675738334656,1.1118860244750977
-489.73333740234375,103.75176239013672,-13.24947738647461,13.127893447875977,3.8136746883392334,4.920675277709961,-5.886264324188232,-0.44510239362716675,-3.2472519874572754,8.121613502502441,4.181952953338623,1.2417324781417847,-3.3626208305358887,155.29541015625,94.28437042236328,45.4127082824707,19.1519718170166,24.500076293945312,20.270009994506836,23.658971786499023,13.990809440612793,14.054658889770508,11.290143013000488,11.544270515441895,11.174041748046875,8.419181823730469,2.62630033493042,7.704601287841797,0.15515368852459016,0.17946285960665528,1636.740534620284,1211.5363567626046,1379.2780683742126,619.195112248553,3002.2950819672133,1883.5181534134754,0.787874162197113,1.0193586349487305
-467.2021789550781,97.16058349609375,-11.608631134033203,11.3577299118042,-3.822556495666504,-4.048129081726074,-13.83454418182373,0.5419384837150574,-9.695158958435059,-1.2561427354812622,-2.8931643962860107,-13.528141021728516,-2.7755117416381836,152.50071716308594,77.69851684570312,44.302001953125,26.704877853393555,23.225317001342773,15.78348159790039,23.184492111206055,14.853365898132324,14.668821334838867,13.28531551361084,13.807565689086914,16.051427841186523,10.985468864440918,5.049954891204834,7.99637508392334,0.15147251308900522,0.18861910676860655,1729.0601391821956,1361.5060980775852,1438.3135196936807,654.8059086284311,3140.418848167539,2216.5956238440845,0.946568489074707,1.1311129331588745
-533.542236328125,66.52593231201172,15.218530654907227,32.10548400878906,8.202399253845215,10.540596008300781,11.933504104614258,-4.474903583526611,-2.5798423290252686,5.0064167976379395,3.8249905109405518,4.1015801429748535,1.0196031332015991,160.78179931640625,76.00996398925781,29.102684020996094,22.734405517578125,21.025840759277344,15.428948402404785,13.138625144958496,21.06615447998047,15.98669719696045,9.159242630004883,9.508194923400879,7.285181045532227,9.617748260498047,4.169494152069092,10.44864559173584,0.0898270893371758,0.12903895068368051,1538.523908019871,978.0346136038053,1724.0818265342032,579.7717627734439,3360.5187319884726,1748.4286124293164,0.516139566898346,0.8194277286529541
-537.4185791015625,82.61996459960938,17.952077865600586,24.867494583129883,-5.47339391708374,7.188066482543945,0.34991884231567383,-1.6534476280212402,-5.823205471038818,-9.925775527954102,-0.4793545603752136,2.409747362136841,-6.519530296325684,163.5020294189453,61.48343276977539,23.981229782104492,20.933788299560547,33.245967864990234,17.207239151000977,16.705718994140625,17.458480834960938,18.1038761138916,20.158676147460938,9.969265937805176,11.614896774291992,13.039172172546387,2.394104480743408,4.2310709953308105,0.09645032051282051,0.14948013524622797,1397.8487839094596,1017.1101089414542,1537.0562973562094,468.368263377124,2822.4358974358975,1656.8781936083788,0.61460280418396,0.8522999882698059
-517.673095703125,78.00867462158203,6.561212539672852,27.29283332824707,0.6642489433288574,12.127459526062012,-0.6387856602668762,3.190122604370117,-2.981030225753784,-3.9269063472747803,-2.5525479316711426,-2.9981839656829834,4.583070278167725,164.30401611328125,54.876895904541016,26.068891525268555,23.99159049987793,24.335723876953125,15.56864070892334,13.17435073852539,11.091809272766113,12.831792831420898,15.487822532653809,10.020363807678223,10.961172103881836,10.985786437988281,2.9885189533233643,6.9863762855529785,0.13578530259365995,0.11556984807460052,1817.539633224704,864.6305719252666,1730.3042646796007,399.89832870951784,3632.8530259365994,1444.2794594790082,0.771573543548584,0.9768658876419067
-471.8896484375,83.10818481445312,0.6863679885864258,31.167879104614258,-11.161503791809082,0.42489734292030334,-3.6771857738494873,-4.705958843231201,-7.107017993927002,-8.095001220703125,-0.4089621901512146,-4.172104835510254,2.606773853302002,148.2886505126953,51.7057991027832,40.61823272705078,33.43126678466797,30.19440460205078,16.849102020263672,16.639549255371094,18.837987899780273,18.710189819335938,14.415848731994629,10.808345794677734,15.92638874053955,10.854782104492188,4.2611775398254395,7.999453544616699,0.12550488599348533,0.1274343957510167,1660.0803078947772,895.0855526874254,1623.4520895304597,512.737140258055,3383.973941368078,1574.5826723785651,0.7464315295219421,1.119748830795288
-432.4685363769531,116.29874420166016,6.344705104827881,24.954233169555664,14.484906196594238,3.3646793365478516,0.4548022449016571,4.9890031814575195,5.206989765167236,-4.870174884796143,-6.254062175750732,-7.442986011505127,1.1439101696014404,142.07325744628906,94.2730712890625,38.350563049316406,30.656368255615234,25.542682647705078,18.981361389160156,17.306583404541016,14.357114791870117,13.571734428405762,18.026044845581055,13.475591659545898,14.103386878967285,13.31245231628418,3.8100342750549316,5.432962894439697,0.1308464125560538,0.16161746709742345,1527.0853606826909,1332.2134868601827,1338.260992452192,588.7158230109243,2725.0224215246635,2155.6799254994494,0.9597868919372559,1.0046488046646118
-446.8125,81.53970336914062,16.680767059326172,33.357112884521484,7.073825359344482,12.454368591308594,-3.6840732097625732,-5.632077693939209,3.4190316200256348,-4.1187238693237305,5.966150760650635,3.095707416534424,0.03686996549367905,145.39297485351562,85.78298950195312,33.33905792236328,31.316694259643555,26.80733871459961,14.297595977783203,17.229238510131836,18.494991302490234,12.673501968383789,14.540557861328125,11.072244644165039,10.386537551879883,11.515213966369629,7.031740665435791,12.284801483154297,0.1489301634472511,0.1903215087631796,1746.4072296295813,1393.7400883728785,1526.0006248537218,578.1164101037467,3259.9108469539374,2091.886397329589,0.7500979900360107,0.9908751845359802
-442.2887268066406,65.82833862304688,-22.401687622070312,27.835960388183594,-21.056255340576172,-1.9202282428741455,-6.605926990509033,-6.755760192871094,-8.375894546508789,-13.528117179870605,5.604537010192871,-8.382320404052734,0.3251506984233856,152.3321990966797,49.123897552490234,42.92460632324219,26.378637313842773,34.0458984375,15.615762710571289,19.002273559570312,18.573474884033203,16.468782424926758,14.708727836608887,10.524112701416016,18.99853515625,9.766776084899902,8.55269718170166,14.024002075195312,0.13149764150943397,0.13837297064048124,1762.266965702511,962.5512662280125,1531.6650226746406,515.3055802496632,3377.5471698113206,1656.5346936213668,0.7863907814025879,1.4204882383346558
-430.8024597167969,96.7049560546875,-7.684846878051758,49.14985275268555,-9.074188232421875,7.02670431137085,-7.066804885864258,-0.8751817941665649,-4.3396453857421875,-1.6447116136550903,-3.1987435817718506,-2.9498229026794434,-2.090289354324341,152.84945678710938,79.53160858154297,42.04185104370117,30.094554901123047,26.887643814086914,17.29166603088379,19.327980041503906,16.25112533569336,12.38365364074707,13.514971733093262,10.795088768005371,9.529606819152832,9.865775108337402,7.564947128295898,11.469158172607422,0.14977333333333334,0.17124713707258163,1686.1675869304836,1118.0250502203558,1406.7218519739574,479.97521731234644,3157.866666666667,1600.6384503968686,0.8691736459732056,1.2485871315002441
-553.8602905273438,50.617733001708984,9.324350357055664,17.94342803955078,9.355789184570312,5.742950916290283,-2.4915711879730225,3.9781618118286133,2.1082992553710938,0.031142204999923706,-1.866548776626587,3.921290636062622,-0.31402626633644104,152.72518920898438,65.7065658569336,30.2244930267334,23.576778411865234,19.053823471069336,14.23309326171875,15.65271282196045,11.683287620544434,9.894012451171875,11.661535263061523,9.723249435424805,7.752770900726318,8.54025650024414,1.1978312730789185,4.248910427093506,0.17399859943977591,0.189661985557321,2096.9696967555747,1290.3013665697729,1767.7269213690806,514.5219909634903,3949.5798319327732,1831.2846487958604,0.6904147267341614,0.997831404209137
-405.373291015625,103.28316497802734,-13.317386627197266,20.32037925720215,-15.992287635803223,14.371185302734375,-5.535102367401123,-13.236678123474121,-2.618046283721924,3.5969464778900146,-2.2502100467681885,-4.299968242645264,-5.757339954376221,164.8468780517578,76.00899505615234,44.61690139770508,29.509862899780273,23.22420883178711,15.873856544494629,18.040752410888672,18.551734924316406,15.447752952575684,13.53470230102539,11.886425018310547,17.13834571838379,13.60329818725586,15.817386627197266,19.5997314453125,0.12299645390070922,0.19756658359136592,1383.2248102091578,1337.9204295539464,1233.225836496011,504.55837831422883,2274.0425531914893,1913.1552708517434,0.8923923373222351,1.4176620244979858
-509.9424133300781,76.04446411132812,2.198047399520874,22.21698570251465,9.934316635131836,6.662014007568359,3.0239291191101074,-9.4595947265625,0.9556863307952881,-2.021914482116699,2.106959819793701,-3.5659472942352295,-1.1911343336105347,178.67666625976562,73.08980560302734,45.28504180908203,23.427574157714844,19.444868087768555,15.171276092529297,14.036407470703125,23.788253784179688,14.743460655212402,14.53438949584961,9.265863418579102,11.015726089477539,9.40841007232666,4.462927341461182,8.503425598144531,0.14320253164556962,0.16775942537967084,1920.3720532439602,1199.1617877538504,1769.4015356236455,583.3447528044188,3868.0506329113923,1850.3405085108816,0.731583297252655,1.0934579372406006
-451.5049743652344,71.34732818603516,-15.472196578979492,12.230433464050293,-21.29243278503418,0.9478296041488647,-13.295421600341797,-6.065817832946777,-7.031604290008545,-8.849357604980469,3.1322784423828125,-3.462686777114868,-2.8642375469207764,140.97349548339844,60.15855407714844,42.08700180053711,30.832876205444336,35.268497467041016,17.216121673583984,21.261327743530273,14.266472816467285,14.7202787399292,13.575545310974121,11.750885963439941,15.604551315307617,8.736509323120117,4.665987968444824,7.077290058135986,0.20257225433526013,0.22389273594079978,2123.007980153879,1423.8425451220237,1627.8425967388505,601.8084231228738,3810.4046242774566,2165.177470300689,0.8742203116416931,0.9373369812965393
-393.6894836425781,106.68272399902344,-27.960247039794922,21.004215240478516,-1.6222704648971558,-4.511101722717285,-22.5692195892334,-3.7691586017608643,-23.981531143188477,1.5487112998962402,-16.990530014038086,-4.720565319061279,-13.719342231750488,132.01361083984375,75.29939270019531,46.04615783691406,30.663429260253906,21.299232482910156,18.197566986083984,18.938467025756836,17.086835861206055,16.797691345214844,14.140978813171387,12.213001251220703,11.997587203979492,10.239195823669434,6.849478721618652,8.684673309326172,0.15695478723404255,0.19367955638680293,1665.0366873973721,1368.0404755888528,1242.4193134480029,484.75965242075404,2798.723404255319,1899.0810958464035,0.9435492157936096,0.9983599185943604
-393.44769287109375,95.26513671875,-1.3237075805664062,29.345048904418945,-21.626371383666992,-0.8625257015228271,-21.183332443237305,-5.14422082901001,-18.402305603027344,-8.687737464904785,-5.771340847015381,3.021685838699341,-9.38818073272705,104.77659606933594,59.24463653564453,37.31456756591797,30.455577850341797,25.70456886291504,22.05830955505371,19.203229904174805,17.578725814819336,17.669017791748047,15.073524475097656,14.096683502197266,14.427363395690918,10.798422813415527,9.26092529296875,11.296378135681152,0.13532608695652174,0.16120501849988242,1526.2332280028083,1143.6071618252013,1334.547101517068,425.37282061759805,2753.9641943734014,1726.834807953825,0.8531157970428467,0.8959074020385742
-498.2618713378906,66.75990295410156,2.9427132606506348,31.03714370727539,3.4897313117980957,5.425215244293213,-7.88177490234375,-1.845290184020996,-6.862149238586426,2.46213698387146,-5.937780380249023,3.2408080101013184,0.1411113440990448,138.68557739257812,57.61585998535156,27.51645278930664,24.24759292602539,19.483375549316406,13.354629516601562,16.628520965576172,19.652324676513672,14.125051498413086,13.111865043640137,12.816736221313477,12.680095672607422,10.679266929626465,3.759786367416382,8.114599227905273,0.16945616883116885,0.18172951713194654,1774.1250508883516,1254.2434178085362,1503.3206353955422,424.46092739117205,3150.12987012987,1986.5904312603814,0.7349132895469666,0.9344239234924316
-577.1359252929688,51.55905532836914,16.761159896850586,27.476064682006836,8.87312126159668,12.082383155822754,7.396367073059082,5.8789873123168945,7.786057949066162,2.526442289352417,0.939274251461029,3.704392433166504,3.7158429622650146,138.30780029296875,44.092071533203125,24.978551864624023,21.974424362182617,22.029687881469727,12.541553497314453,14.221235275268555,13.474584579467773,11.925889015197754,12.293414115905762,10.706485748291016,9.494641304016113,8.908674240112305,4.6338982582092285,13.171323776245117,0.0703421052631579,0.09140699222240503,1448.091676063714,640.6883853534554,1870.765334621155,441.13028978306863,3446.6526315789474,1344.9944454467268,0.3595881462097168,0.7474353909492493
-526.1328735351562,74.29996490478516,24.886348724365234,40.53374481201172,14.478544235229492,18.048845291137695,-5.697847366333008,5.0277509689331055,0.4358111023902893,7.305183410644531,-0.681668221950531,9.79015064239502,1.1270639896392822,151.2768096923828,62.63548278808594,27.860088348388672,26.83443832397461,19.930294036865234,14.865970611572266,20.295032501220703,14.295114517211914,12.26222038269043,12.164382934570312,11.955181121826172,10.736040115356445,8.74450969696045,4.001506805419922,8.260231018066406,0.10490853658536586,0.1356948272655922,1299.3193516194774,1089.5546270605494,1395.8494336159445,460.9091216538202,2263.0243902439024,2004.808031535078,0.6698090434074402,0.9799063801765442
-475.847900390625,66.9300537109375,5.26367712020874,23.545856475830078,3.453058958053589,0.5702897906303406,-16.512922286987305,5.431044578552246,-13.846210479736328,-9.504213333129883,-1.8120571374893188,-11.762248039245605,-0.799261748790741,168.60003662109375,77.57209014892578,44.79574203491211,32.27450180053711,19.970380783081055,13.397942543029785,22.901674270629883,13.687101364135742,18.7519474029541,13.17989730834961,10.49605655670166,15.65040397644043,9.269525527954102,3.7281908988952637,7.40956974029541,0.1838095238095238,0.22719112541827172,2110.4485509636015,1620.291330270869,1628.1474544675507,615.9814515984247,3796.785714285714,2252.6902756240497,0.8857912421226501,1.2233307361602783
-422.15032958984375,90.53372192382812,7.161509037017822,29.700206756591797,-7.130576133728027,-0.8731757998466492,-4.668807506561279,-8.032750129699707,-8.554346084594727,-11.423965454101562,1.5044996738433838,-2.1276140213012695,-0.21250703930854797,140.52598571777344,67.00772094726562,34.58595275878906,32.35740661621094,27.93026351928711,18.34149169921875,16.41543960571289,19.075220108032227,18.545869827270508,16.66884422302246,11.883435249328613,12.853114128112793,9.735589981079102,7.743583679199219,11.832779884338379,0.1350714285714286,0.16878690595906395,1636.750242697514,1204.2748710115718,1561.256714587893,570.3129367662763,3216.263736263736,1926.6549320380336,0.7027392983436584,0.6375515460968018
-417.3623046875,105.7404556274414,-4.045677185058594,18.87149429321289,-4.980662822723389,6.1810688972473145,-3.4143595695495605,-3.4633147716522217,-2.3442273139953613,-8.53310775756836,-4.681651592254639,-8.485339164733887,-2.975447654724121,133.8557891845703,65.67803955078125,38.3757438659668,31.384973526000977,25.219417572021484,15.721729278564453,18.321374893188477,15.088040351867676,15.888285636901855,14.458089828491211,13.387049674987793,12.413819313049316,11.910826683044434,16.74567985534668,25.323657989501953,0.09687807881773401,0.14682329293081522,1350.6994510756472,1067.3282036071312,1354.0161185874085,584.7803467320018,2557.3399014778324,1873.9565418974335,0.9216758012771606,1.1384462118148804
-496.70562744140625,67.76483917236328,22.346899032592773,32.02560043334961,6.579761981964111,8.900126457214355,-0.0038163771387189627,-0.6422107815742493,-3.022627592086792,3.862732410430908,-3.5797958374023438,9.644074440002441,0.5942435264587402,160.8197784423828,64.5211410522461,20.634065628051758,25.158550262451172,18.484867095947266,14.187027931213379,14.518689155578613,20.012338638305664,15.716254234313965,11.866812705993652,12.92753791809082,10.434372901916504,13.735700607299805,7.500466823577881,16.050132751464844,0.10894495412844038,0.16128650414555246,1393.4685605746113,1199.1385342972007,1494.1946523474737,445.0884108727624,2480.183486238532,2043.9985913796904,0.7255551218986511,1.10616135597229
-495.6620788574219,61.017005920410156,1.1953661441802979,22.83692169189453,-9.337037086486816,6.049531936645508,-8.198726654052734,2.631580114364624,-6.618043899536133,-0.6514273881912231,-6.520329475402832,3.2704458236694336,-3.7129855155944824,151.97940063476562,62.40971755981445,33.55083465576172,23.18779182434082,27.800655364990234,15.633039474487305,21.750612258911133,15.695167541503906,17.481056213378906,14.79464054107666,13.85256576538086,14.061605453491211,10.955321311950684,2.837451457977295,6.38775110244751,0.16308460076045628,0.18636756368338797,1750.8949763918022,1278.8756039182813,1526.0731362477766,436.1558820721149,3012.0152091254754,2020.4841041141124,0.8117798566818237,1.0565757751464844
-503.95068359375,77.22331237792969,4.053131103515625,35.28329849243164,3.408113956451416,6.5669355392456055,-11.585339546203613,-3.051835060119629,7.8505682945251465,-3.87203049659729,3.543128490447998,4.408533096313477,-0.07313830405473709,156.59681701660156,65.61488342285156,31.277963638305664,29.851394653320312,24.449796676635742,12.406509399414062,21.075761795043945,17.626461029052734,11.275696754455566,15.625312805175781,10.8164644241333,10.23784065246582,9.857714653015137,3.792098045349121,9.591085433959961,0.11517441860465115,0.10352984536101623,1688.0193274963774,907.3567122905516,1652.7610731676962,584.7548252158409,3442.2093023255816,1793.6632005821966,0.6662847995758057,1.0372034311294556
-585.2454833984375,52.772743225097656,4.153012275695801,24.13202667236328,11.288187980651855,8.665258407592773,4.023910045623779,-4.508382797241211,4.098430156707764,4.32923698425293,1.9506429433822632,-1.587105631828308,1.202085256576538,178.0343780517578,52.665157318115234,36.63973617553711,17.108901977539062,15.13569164276123,13.168228149414062,14.345038414001465,22.13359260559082,11.389710426330566,10.92577838897705,8.922208786010742,10.864419937133789,8.557908058166504,2.0708537101745605,6.387463092803955,0.14989875389408103,0.14163077748993547,2158.3308540008347,961.6715094194074,2002.0653884279625,472.0690276802001,4575.202492211838,1454.437202432382,0.669034481048584,1.147140622138977
-400.1944580078125,86.6352310180664,7.762430191040039,52.37418746948242,4.49007511138916,18.234439849853516,-13.622282028198242,5.540640354156494,-1.6958823204040527,-4.057904243469238,0.22432537376880646,-10.379249572753906,-12.958252906799316,158.6167449951172,63.35634231567383,33.78449630737305,32.92392349243164,23.81253433227539,12.397287368774414,25.49374008178711,13.942866325378418,18.050870895385742,18.998912811279297,11.840665817260742,16.370418548583984,15.858710289001465,8.768451690673828,11.280814170837402,0.10320809248554912,0.16578255499734612,1354.1510956103089,1206.557564918418,1332.675677689092,326.69932784105015,2434.450867052023,1790.7990157016438,1.0289864540100098,1.482749342918396
-437.8253479003906,90.48026275634766,22.719392776489258,40.46579360961914,17.26985740661621,22.002696990966797,8.863556861877441,-0.5115827918052673,1.5638916492462158,8.882437705993652,2.078742504119873,6.356044292449951,4.509030342102051,173.0967254638672,86.97785949707031,35.5305290222168,27.609867095947266,26.88368797302246,19.129791259765625,15.82034969329834,20.037429809570312,19.6718692779541,15.80184268951416,14.156939506530762,10.679133415222168,10.45492172241211,12.197503089904785,16.040483474731445,0.11190277777777777,0.18126012689887164,1391.9668281050128,1477.1710393379433,1319.1980188558102,581.3988983975406,2377.777777777778,2331.6002029020415,0.885493278503418,0.9964365363121033
-469.42230224609375,81.40708923339844,2.361274242401123,46.34736633300781,-3.6031172275543213,8.60533332824707,-0.5995163917541504,-1.9628623723983765,-0.6881966590881348,-5.560740947723389,2.866285800933838,0.6223361492156982,-5.005043983459473,174.7150115966797,63.945281982421875,32.569786071777344,31.7712459564209,20.775569915771484,12.767684936523438,16.717578887939453,18.151954650878906,17.821645736694336,16.728763580322266,14.57191276550293,12.336370468139648,11.125332832336426,4.568608283996582,7.271149635314941,0.13615234375000002,0.1571863824338223,1678.1777232973852,1098.1763381993603,1525.0846987543387,353.61593844060155,3316.71875,1510.7971350907565,0.8225526213645935,1.1327033042907715
-450.1300048828125,95.58922576904297,12.614921569824219,38.08693313598633,17.728971481323242,6.133376598358154,1.9620170593261719,-6.004642486572266,2.339409351348877,3.1036570072174072,-5.475404262542725,-1.350164532661438,-13.879446983337402,146.43455505371094,70.86886596679688,26.68410873413086,23.78858184814453,14.983627319335938,17.33843994140625,13.883993148803711,21.114810943603516,13.249482154846191,12.318068504333496,13.964314460754395,8.925920486450195,15.768433570861816,6.914918422698975,11.966535568237305,0.10336875000000001,0.12600624348990608,1596.7039650703227,1096.1363739585875,1622.7404617616278,580.3565352734064,3240.8,1901.7989799134923,0.7004227638244629,0.7970905303955078
-448.5286865234375,89.72410583496094,3.2423462867736816,41.085594177246094,10.089859962463379,3.797058343887329,7.844222545623779,-6.5895562171936035,6.081051349639893,-12.242111206054688,1.5323433876037598,-0.0992908850312233,-3.5557308197021484,189.61962890625,67.25251770019531,30.924352645874023,34.33491516113281,21.3614501953125,16.91969108581543,12.30660629272461,19.291173934936523,12.435856819152832,20.91685676574707,10.43622875213623,10.171133995056152,12.393148422241211,8.85944938659668,12.516965866088867,0.10553116147308782,0.13518224669742596,1596.1083307095755,1020.2524656002331,1634.6157925865737,502.6799275592768,3337.790368271955,1667.7513456613933,0.7823771834373474,1.152086615562439
-483.8299560546875,100.67774963378906,10.118288040161133,23.701866149902344,-6.529317855834961,5.554510593414307,-6.189178466796875,-9.892577171325684,4.746353626251221,0.7345696687698364,-4.4746527671813965,-1.6481107473373413,-8.126072883605957,153.79397583007812,62.509220123291016,34.801666259765625,24.964595794677734,26.362701416015625,15.123693466186523,16.377901077270508,22.858739852905273,12.24215030670166,9.907291412353516,11.229602813720703,10.42663288116455,12.778383255004883,6.44285249710083,10.949020385742188,0.09243506493506493,0.07473434990795473,1308.6796880653067,672.2166276422203,1363.1787116546066,446.1972528593047,2744.805194805195,1399.1733277231863,0.6983562111854553,0.9017055630683899
-433.9551696777344,78.71586608886719,5.84298849105835,39.18210220336914,0.9951120018959045,2.988250732421875,3.8446028232574463,-11.816993713378906,4.502662658691406,-16.396821975708008,0.5620912313461304,0.7688954472541809,-2.0294249057769775,159.60452270507812,66.71257781982422,30.115924835205078,33.815574645996094,21.159212112426758,14.110030174255371,18.189170837402344,21.089353561401367,13.384446144104004,20.500030517578125,10.098483085632324,12.818740844726562,11.862008094787598,5.559760570526123,8.77438735961914,0.15613787375415283,0.15846954420118994,1914.8520363359653,1163.8793374671807,1657.8834116217215,446.40475342881535,3634.9501661129566,1699.5370918047768,0.9718681573867798,1.1812504529953003
-515.8212890625,71.03242492675781,-6.155333518981934,30.44682502746582,-14.871095657348633,4.977119445800781,-7.6285505294799805,-14.607844352722168,-2.293543815612793,-2.4793834686279297,1.2385849952697754,-11.943086624145508,0.19120857119560242,158.40428161621094,57.32011795043945,46.04335021972656,27.939340591430664,33.79924392700195,19.310331344604492,20.569074630737305,22.693693161010742,15.255257606506348,13.570985794067383,12.46890640258789,15.904901504516602,11.848952293395996,2.6012520790100098,5.8556036949157715,0.1379432624113475,0.15184336708715257,1791.1156844015766,1031.7183725592588,1670.891188529999,562.9049251912273,3674.7990543735223,1702.8590600908183,0.7336428761482239,0.871428370475769
-505.5726318359375,85.23326110839844,1.3916667699813843,12.866464614868164,10.200552940368652,0.5702043771743774,-6.25254487991333,-10.241964340209961,2.633399486541748,-9.817802429199219,2.047928810119629,-13.245187759399414,2.692234992980957,158.41600036621094,54.722755432128906,39.0739860534668,23.14383888244629,17.12870979309082,17.750789642333984,19.668134689331055,21.95171546936035,13.709901809692383,17.810916900634766,12.982555389404297,19.034896850585938,9.71257209777832,7.071162700653076,13.853412628173828,0.11433183183183182,0.11817344333841763,1685.297941248773,877.1603311389956,1783.5001448493601,578.5124864168886,3653.5735735735734,1845.9892791566,0.670015811920166,0.8523550033569336
-463.1466979980469,99.04966735839844,-15.929354667663574,17.881052017211914,-11.941655158996582,0.8723568916320801,-16.381649017333984,-3.4630019664764404,-18.87126350402832,-5.276394844055176,-9.837258338928223,-6.58948278427124,-11.79588508605957,152.06321716308594,70.89488983154297,54.99660110473633,26.48131561279297,24.757957458496094,18.107248306274414,18.11526870727539,16.18638801574707,16.143098831176758,11.64088249206543,11.985556602478027,13.386749267578125,11.59240436553955,4.821403503417969,7.010920524597168,0.13298591549295774,0.14235565884236412,1572.9688556896638,1136.5897960747332,1294.7105366422381,619.5939801790297,2767.323943661972,1984.6317696886963,0.9967565536499023,1.1147830486297607
-485.0010986328125,67.79149627685547,1.0272716283798218,19.846759796142578,-12.677168846130371,1.326338291168213,-2.661841869354248,-6.095727443695068,-7.678306579589844,-10.389269828796387,-7.237408638000488,0.32258832454681396,-3.536329984664917,163.09970092773438,70.88789367675781,38.9782600402832,38.04563903808594,29.651927947998047,15.75133228302002,14.285598754882812,19.64633560180664,13.539241790771484,15.331672668457031,12.050373077392578,10.840810775756836,9.8593168258667,5.028524875640869,10.005966186523438,0.15523015873015875,0.20617541124382924,1821.5733112056444,1388.3793097569612,1551.2258559583752,515.4326640142559,3368.3809523809523,1855.301690510681,0.751599133014679,0.9076382517814636
-509.4187927246094,68.12196350097656,-9.131793975830078,17.340463638305664,-7.396610736846924,2.5325570106506348,-5.451298713684082,1.516318440437317,-2.584771156311035,-3.123121500015259,-12.080510139465332,-7.03751277923584,-6.972143173217773,183.9415740966797,65.70751190185547,41.97540283203125,24.74698829650879,24.552845001220703,15.5341157913208,16.662761688232422,13.0238618850708,10.577486038208008,11.418306350708008,15.829570770263672,12.811406135559082,11.32225227355957,5.641167640686035,10.410598754882812,0.0879124149659864,0.1196262869788443,1524.9177179261605,798.5227852611268,1709.2563414452154,639.2048043982321,3501.9727891156463,1704.6695131078727,0.6840482950210571,1.2419430017471313
-423.5553283691406,127.29344940185547,-3.994788646697998,34.06130599975586,3.5291285514831543,0.6592394113540649,-5.613840579986572,3.5772905349731445,-8.753799438476562,8.65633487701416,0.7299825549125671,-1.100735068321228,-3.485872983932495,145.02723693847656,83.63396453857422,48.049686431884766,26.851116180419922,22.089067459106445,20.389019012451172,20.05998992919922,17.801610946655273,17.166027069091797,12.600671768188477,11.320204734802246,12.229134559631348,11.473041534423828,4.457108974456787,5.338807582855225,0.13217299578059072,0.17385603685018577,1485.0905776854277,1300.8952874946826,1246.0088750466869,536.3040094974015,2579.240506329114,1881.5653139777799,0.9528362154960632,0.9966071844100952
-566.2669067382812,84.7713851928711,28.270668029785156,35.88677215576172,19.280736923217773,17.408374786376953,7.203543186187744,9.071277618408203,4.283478736877441,-1.5455553531646729,-0.06942807883024216,6.932887077331543,-1.511614441871643,155.30828857421875,56.5140266418457,22.862873077392578,20.80853843688965,15.982307434082031,11.639213562011719,13.97273063659668,14.097865104675293,11.118637084960938,14.141451835632324,11.670674324035645,8.787748336791992,11.561003684997559,2.508404016494751,6.405124664306641,0.05701315789473685,0.0791897970048972,974.5191984313037,823.0503515306431,1329.264357370996,453.13088035735086,1762.0350877192982,1736.8651127308312,0.5832338333129883,0.9617732167243958
-554.3378295898438,72.04838562011719,20.947853088378906,30.11962127685547,3.5147018432617188,2.225903034210205,2.598520040512085,-1.942262053489685,5.190700531005859,1.166780710220337,0.7455951571464539,-1.9835419654846191,-3.6877095699310303,164.57449340820312,49.04524612426758,33.69831466674805,28.857454299926758,19.610013961791992,16.121192932128906,15.026627540588379,18.613117218017578,10.593149185180664,12.024548530578613,8.938765525817871,10.419949531555176,8.730743408203125,4.040950775146484,8.658350944519043,0.11194444444444446,0.13037509091462857,1925.713413674625,911.3898780028422,1988.86734640394,496.8737252215034,4421.741741741742,1422.9194176194264,0.6589457392692566,0.9437854290008545
-449.11029052734375,95.95726013183594,7.73829984664917,40.133766174316406,10.890625,12.911104202270508,-8.947761535644531,0.43844279646873474,-7.595781326293945,6.367687225341797,-2.051175594329834,6.403605937957764,0.35394319891929626,137.48147583007812,84.41822052001953,36.268856048583984,22.828594207763672,23.772611618041992,21.972240447998047,16.504262924194336,15.9293851852417,16.04680824279785,13.550847053527832,11.336828231811523,10.245734214782715,9.573822975158691,5.875317573547363,10.502426147460938,0.1415470852017937,0.15959279398082823,1547.9572092389394,1186.650555838218,1328.2207361507985,513.7297245125187,2667.085201793722,1909.1824435098197,0.9957857131958008,1.2405694723129272
-567.44482421875,70.37394714355469,23.098268508911133,22.339977264404297,-0.3865606188774109,7.4182281494140625,8.831093788146973,-3.81160044670105,4.5032806396484375,-6.887635231018066,5.184615612030029,-1.378150463104248,0.3628156781196594,179.34500122070312,50.12989807128906,30.0787296295166,21.136816024780273,27.901016235351562,17.419422149658203,10.159395217895508,20.869047164916992,12.03842544555664,20.90576934814453,8.089329719543457,12.476165771484375,7.725026607513428,3.714130163192749,7.470793724060059,0.0792481884057971,0.10747029837564429,1484.4578339565408,811.5654616601969,1838.865549450357,469.06905804999684,3308.695652173913,1650.9601185884237,0.5544807314872742,0.8488765358924866
-466.99273681640625,63.742008209228516,9.043085098266602,36.31369400024414,2.8599843978881836,2.7444934844970703,-4.265903949737549,-0.08340827375650406,-0.617707371711731,-6.9409685134887695,-1.563444972038269,0.19557464122772217,0.00233719265088439,164.3533935546875,68.86705017089844,36.7930908203125,31.214229583740234,21.140609741210938,18.10478973388672,20.047574996948242,16.06231689453125,14.539602279663086,16.867998123168945,10.443404197692871,12.391676902770996,8.839035034179688,7.194974899291992,13.215895652770996,0.14510791366906475,0.18642723581580187,1842.500130696574,1306.5784150724937,1695.6905484589552,555.2362295096568,3716.546762589928,1845.5041146694043,0.688346266746521,0.8411097526550293
-530.7180786132812,72.41397857666016,12.638031005859375,27.80926513671875,5.105678558349609,5.317167282104492,-6.692691802978516,3.649130344390869,-0.8894222378730774,7.3490400314331055,-5.912023067474365,4.466162204742432,-5.34267520904541,163.11322021484375,75.72970581054688,25.50685691833496,25.758464813232422,17.55419921875,13.818585395812988,20.336034774780273,15.929020881652832,15.053237915039062,15.522710800170898,13.642011642456055,9.327892303466797,11.300104141235352,2.5110671520233154,7.134869575500488,0.11147058823529414,0.17764846488535882,1342.82868816477,1220.073088838504,1408.5190939248685,487.6899231711675,2267.529411764706,1786.9947864451108,0.5570166110992432,0.7493863105773926
-444.3993835449219,69.84879302978516,-14.198742866516113,39.19118881225586,-18.801088333129883,-3.21468448638916,-10.742372512817383,-1.2758113145828247,-3.314110517501831,-14.136434555053711,3.6869685649871826,-1.9780997037887573,-2.7184550762176514,170.98129272460938,68.83224487304688,49.23974609375,31.985200881958008,32.57826232910156,19.904966354370117,20.697866439819336,15.479704856872559,14.715585708618164,16.444028854370117,14.888251304626465,12.812590599060059,11.581295013427734,5.8999762535095215,9.454939842224121,0.15666071428571426,0.14122016458425504,2048.9419856143068,1078.053828375606,1655.0769320158554,572.6064772673994,3917.0,1711.5730859567257,0.8277919888496399,0.9992385506629944
-427.66552734375,82.77415466308594,7.176290988922119,31.69769859313965,-4.151270866394043,-2.9707345962524414,-17.268638610839844,-9.575371742248535,-11.211479187011719,-13.327560424804688,-2.2992193698883057,-14.131564140319824,-9.656800270080566,134.93246459960938,62.68423843383789,32.700931549072266,32.598182678222656,21.79667091369629,17.951358795166016,17.758729934692383,15.477240562438965,15.646879196166992,20.01508903503418,12.25725269317627,13.918519020080566,12.24197006225586,11.471177101135254,15.322500228881836,0.10314549180327869,0.12787620622703985,1562.087036330491,1041.2643536322437,1613.867513352689,570.9951066498226,3199.8360655737706,1987.0383198622299,0.7187409400939941,0.7507006525993347
-575.7247314453125,42.673919677734375,11.340559959411621,24.100175857543945,6.376082420349121,9.02613353729248,2.943197727203369,2.13480806350708,-1.680503487586975,1.4772288799285889,-3.127704381942749,-0.2971678376197815,-2.0573177337646484,125.52483367919922,27.632734298706055,23.447078704833984,22.439453125,17.3570556640625,8.570993423461914,14.830048561096191,14.955945014953613,17.735509872436523,8.574737548828125,11.859688758850098,11.0071439743042,8.845186233520508,5.049158573150635,15.742114067077637,0.08369426751592357,0.10227296823126282,1154.4900034042805,761.2376328362951,1373.6125818207317,329.8970234952874,2149.2993630573246,1510.074075312046,0.310058057308197,0.5680476427078247
-415.0621032714844,84.2178726196289,7.389496326446533,13.529401779174805,1.9343011379241943,10.79620361328125,-6.5895795822143555,-5.2081098556518555,-12.905405044555664,0.09526899456977844,-5.6111979484558105,1.5193660259246826,-10.700464248657227,133.9276123046875,84.03987884521484,33.41353225708008,22.259899139404297,18.975833892822266,20.516855239868164,17.886680603027344,20.0275821685791,16.713590621948242,14.661986351013184,10.092713356018066,13.819438934326172,11.972073554992676,10.536430358886719,16.458847045898438,0.1948837209302326,0.22308979413370703,1937.3882180934954,1551.8925154488595,1470.2366872158213,575.6220794716976,3317.953488372093,2331.2548767053017,0.8512767553329468,0.8430556654930115
-415.56524658203125,94.12126922607422,2.3194987773895264,18.541278839111328,-6.309622287750244,0.5070422887802124,-6.085794448852539,-11.198723793029785,2.53908634185791,-11.173166275024414,-2.0902466773986816,-5.971315383911133,-8.914054870605469,150.65411376953125,69.66936492919922,43.35139846801758,29.79420280456543,27.9378719329834,16.722484588623047,20.48242950439453,19.203432083129883,13.957219123840332,15.57068920135498,12.45175838470459,11.892865180969238,13.990616798400879,5.963764190673828,9.35140609741211,0.11840198863636363,0.15974840275741514,1551.2796875720815,1213.2198940869664,1431.645858141937,528.0317256238789,2873.8636363636365,1901.3508546068108,1.0049372911453247,1.2658129930496216
-442.829345703125,73.0201644897461,-10.436938285827637,13.432716369628906,-5.487438678741455,0.6802057027816772,-4.3143839836120605,-1.3085289001464844,-3.425272226333618,-7.561762809753418,-13.39884090423584,-8.702081680297852,-6.402485370635986,161.14828491210938,73.804443359375,41.11149215698242,25.623912811279297,22.896648406982422,17.502511978149414,16.437597274780273,14.464532852172852,13.109663963317871,12.573874473571777,14.84034252166748,12.950181007385254,10.459630966186523,7.93478536605835,12.837790489196777,0.1540670731707317,0.1872602086538734,1835.941310393516,1302.9654708996277,1574.7006017473964,594.8457874171215,3447.2195121951218,2052.9485221849145,0.8832622170448303,1.2349971532821655
-510.6405334472656,77.4544677734375,16.285823822021484,20.910490036010742,8.337034225463867,6.983548164367676,-1.9701586961746216,-1.292738437652588,11.480707168579102,4.094948768615723,1.9052350521087646,-2.5453851222991943,-1.7014517784118652,159.3882293701172,57.28664016723633,28.0332088470459,27.368955612182617,18.141870498657227,15.066108703613281,16.124055862426758,17.947250366210938,12.736799240112305,13.956223487854004,11.213927268981934,10.82756233215332,9.085959434509277,5.357653617858887,13.053023338317871,0.12135678391959798,0.11960878793997913,1812.7567586209036,875.4617273190522,1849.234681509373,413.593746224764,3813.165829145729,1488.499135377069,0.5848522782325745,0.810198962688446
-517.6096801757812,105.76214599609375,20.524505615234375,25.733293533325195,17.12689781188965,13.164509773254395,9.10767650604248,-0.07455208152532578,0.68793123960495,2.3227121829986572,-5.135181903839111,6.354325294494629,-9.79613208770752,157.90562438964844,72.9266357421875,32.61970901489258,23.833629608154297,13.84958267211914,17.261049270629883,14.676977157592773,18.55495834350586,15.522247314453125,16.435062408447266,15.18696403503418,11.68095874786377,17.291044235229492,3.699370861053467,7.219237804412842,0.08499255952380952,0.09635787448050741,1515.7225914338098,937.0535588542779,1689.6390138889753,670.0492732701764,3318.3333333333335,1945.9083038478784,0.7011475563049316,0.8339024782180786
-458.0990905761719,99.1117172241211,-16.72488784790039,13.098249435424805,-5.209225177764893,12.391003608703613,-6.927515506744385,-15.77955150604248,5.003666400909424,1.1292450428009033,-3.782268762588501,-6.6705732345581055,-4.171055793762207,163.8574981689453,58.22859573364258,50.17768478393555,25.75711441040039,30.134700775146484,16.040660858154297,18.45470428466797,22.498779296875,13.187960624694824,11.841449737548828,12.765607833862305,12.234785079956055,13.618363380432129,8.641444206237793,15.28528118133545,0.08921336206896552,0.07972778818822299,1307.5560365840859,582.4628947297033,1431.1253446135408,557.7074046851317,2545.862068965517,1321.000188575463,0.7435075640678406,0.9909847378730774
-478.3002014160156,100.20230865478516,20.362735748291016,36.823299407958984,15.31567668914795,-0.3408687710762024,10.392654418945312,-9.270155906677246,-9.870885848999023,-0.48794785141944885,-0.9737727046012878,7.103845119476318,-0.6175469160079956,167.5615692138672,77.69927215576172,41.81502914428711,26.29528045654297,20.952892303466797,25.178905487060547,17.351585388183594,19.35288429260254,16.597122192382812,13.708168983459473,15.139839172363281,9.766766548156738,10.638992309570312,6.805105686187744,11.356800079345703,0.08922916666666666,0.14450446786393453,1283.2380462009473,1110.7776022823366,1382.3221640979875,515.2860119398302,2387.3333333333335,1757.9115133842456,0.770673394203186,1.1131579875946045
-505.2256164550781,58.12497329711914,-3.8076343536376953,18.465538024902344,-12.299833297729492,2.393657684326172,-15.029208183288574,-0.024081772193312645,-10.591270446777344,-2.7441155910491943,-8.322022438049316,-3.2597975730895996,-4.746068000793457,180.3958282470703,60.826438903808594,32.18564224243164,24.808691024780273,27.4363956451416,15.60142993927002,21.022769927978516,14.169930458068848,14.52752685546875,12.11797046661377,11.256460189819336,14.580801010131836,9.7174654006958,2.9007222652435303,6.200484275817871,0.1390566914498141,0.18129479331596174,1726.1897620515372,1157.281748470393,1651.9057795031326,441.71376315082824,3325.0557620817845,1635.781504578037,0.6561493873596191,0.7894743084907532
-489.19805908203125,91.01940155029297,7.497542858123779,26.950679779052734,1.6711326837539673,-0.0189208984375,-6.801095008850098,2.609571933746338,-0.06330575048923492,1.912687063217163,-6.274796009063721,3.9137003421783447,-3.507172107696533,156.1153106689453,72.85877990722656,25.714994430541992,29.314128875732422,18.721227645874023,15.576662063598633,18.606319427490234,14.274664878845215,14.937834739685059,15.032025337219238,12.759389877319336,8.793624877929688,12.088327407836914,4.652358531951904,10.906227111816406,0.11095464135021098,0.1340638881546774,1350.4594643170688,990.4962718389801,1345.0449755475538,464.3815379688737,2484.4725738396623,1647.846899856279,0.6639525294303894,0.8748931884765625
-401.3499755859375,99.60401153564453,-7.014586448669434,22.35088539123535,-3.4008312225341797,-3.785534620285034,-16.309648513793945,-8.0855073928833,-14.52755069732666,-8.930071830749512,-0.6971623301506042,-12.810273170471191,-1.4071098566055298,111.21483612060547,73.85277557373047,36.89313888549805,29.00749969482422,28.41161346435547,17.062490463256836,17.30941390991211,14.614314079284668,14.63656997680664,14.130755424499512,10.944751739501953,15.975337028503418,11.376789093017578,7.156008243560791,11.421646118164062,0.16455882352941179,0.18780604234925022,1711.8173929499224,1347.4466058394576,1392.542194214058,584.7196724806915,3006.315789473684,2135.1708451662375,0.9457439184188843,0.8761724233627319
-405.81854248046875,77.34878540039062,3.582495927810669,41.33852767944336,0.44885507225990295,-4.1350321769714355,-12.67733383178711,-10.37132453918457,-5.054883003234863,-6.728637218475342,2.8612680435180664,-9.905826568603516,2.9175689220428467,134.86192321777344,68.46760559082031,35.84658432006836,35.01801681518555,23.903213500976562,15.668963432312012,19.57210350036621,16.060312271118164,14.284688949584961,14.643874168395996,10.967817306518555,15.504310607910156,11.768234252929688,9.069679260253906,12.25736141204834,0.15782683486238533,0.1963724033987144,1868.5134564947325,1391.098566002704,1556.0415825479786,522.8355676294211,3404.770642201835,2039.2297504003652,0.8456299304962158,0.9765095114707947
-475.58587646484375,62.99232864379883,0.8791210651397705,29.004308700561523,-1.827885389328003,7.603551864624023,-11.41060733795166,7.7999444007873535,-3.576439380645752,5.831036567687988,-9.540680885314941,8.098342895507812,-4.2844085693359375,169.12661743164062,71.36021423339844,35.25077438354492,34.751609802246094,19.408899307250977,17.75983238220215,17.296764373779297,16.116243362426758,16.010818481445312,13.01433277130127,17.929218292236328,13.811842918395996,11.511812210083008,3.2445180416107178,6.004980087280273,0.22737012987012986,0.22233354933460536,2292.499651252403,1471.7226081534977,1612.3731438902958,465.0518157807304,3932.2077922077924,1813.0254712551064,0.790573000907898,1.013904333114624
-535.543212890625,75.51155853271484,-11.916706085205078,22.064851760864258,7.053626537322998,0.13134950399398804,4.121541976928711,-14.772711753845215,4.082696437835693,1.7469896078109741,2.993105411529541,-3.8043408393859863,-2.827279806137085,180.24411010742188,57.166831970214844,44.971534729003906,28.736867904663086,16.977819442749023,20.360197067260742,14.726277351379395,23.195072174072266,13.954094886779785,14.760334014892578,10.65980052947998,13.849451065063477,12.244084358215332,2.2903058528900146,4.569310188293457,0.16033216783216786,0.15011919441451893,1958.0679260173163,1045.546738886496,1723.8730567572823,516.3269240863623,3826.3869463869464,1693.252549167087,0.9092935919761658,1.3239855766296387
-460.4046630859375,89.30377197265625,5.445016860961914,17.04330825805664,4.98598051071167,11.532601356506348,-13.78386402130127,-6.662712574005127,-9.128310203552246,6.9567670822143555,-6.5088677406311035,-2.068567991256714,-0.06356136500835419,174.85369873046875,78.00769805908203,29.506938934326172,21.632749557495117,26.878089904785156,14.192992210388184,23.4282169342041,15.43709659576416,15.022134780883789,13.22598934173584,11.816167831420898,10.247858047485352,7.423676013946533,8.789595603942871,13.872987747192383,0.10565882352941176,0.128317992222555,1528.8642304109435,1035.7647937960978,1579.8555550652054,593.6681382050175,3096.6588235294116,1955.261773074305,0.7815691232681274,1.0351736545562744
-489.26361083984375,95.49766540527344,-0.23044434189796448,38.66426467895508,1.5666146278381348,9.039299011230469,-1.2168384790420532,0.49450722336769104,1.470779538154602,1.992294430732727,1.5371202230453491,2.5600292682647705,-3.698486566543579,159.5743408203125,48.54264450073242,34.04399108886719,29.76828384399414,22.512758255004883,13.55735969543457,14.84736442565918,14.237714767456055,15.997949600219727,13.942608833312988,9.938626289367676,12.384933471679688,10.431656837463379,5.3482346534729,10.897560119628906,0.10137962962962963,0.07173200737010159,1552.8776715866884,601.2169924738412,1643.9942070427537,409.3055175997172,3440.5925925925926,1207.1096565383334,0.6715435981750488,0.9062285423278809
-534.79638671875,63.91518020629883,8.877655982971191,28.996606826782227,8.774147033691406,7.825803756713867,0.1228385791182518,-5.500181198120117,-3.9022715091705322,-4.205020427703857,-2.8509814739227295,5.4681525230407715,-8.804667472839355,164.5680389404297,61.5538215637207,30.249818801879883,21.571399688720703,15.206119537353516,15.169146537780762,15.186591148376465,21.607812881469727,14.430304527282715,14.999531745910645,10.113716125488281,10.915202140808105,15.749743461608887,4.1513800621032715,10.494108200073242,0.09781506849315069,0.13128567373900663,1317.5430075130464,992.6257807339616,1493.2285115946981,400.9454735980544,2258.6301369863013,1850.8611213698912,0.5862512588500977,0.8430150151252747
-527.2785034179688,74.21939086914062,17.256940841674805,29.17377471923828,12.26992416381836,4.4700026512146,-0.9649640917778015,-4.125240802764893,4.199760913848877,-1.9584240913391113,-3.895070791244507,-0.0008702169870957732,-1.1498527526855469,140.1403350830078,55.186187744140625,31.366914749145508,19.09407615661621,19.018896102905273,13.154221534729004,13.45223617553711,17.288921356201172,10.235982894897461,13.36420726776123,10.488490104675293,9.615396499633789,8.737263679504395,3.4862630367279053,7.100755214691162,0.12426136363636363,0.13917212052789668,1872.5642326288037,1041.1897437623882,1851.6956804996312,559.9298890121963,3916.0227272727275,1889.2152289513372,0.736671507358551,1.1248068809509277
-398.10272216796875,102.92278289794922,-0.851946234703064,41.90793991088867,13.145736694335938,6.301039695739746,-2.886190414428711,-14.997109413146973,4.084130764007568,-2.4661567211151123,-4.852165222167969,7.4392828941345215,-4.549716949462891,149.0244140625,82.19792938232422,33.213531494140625,27.010480880737305,17.115751266479492,18.469633102416992,15.30068588256836,19.532045364379883,11.746065139770508,15.312150955200195,12.364931106567383,13.971821784973145,14.507049560546875,9.940577507019043,13.640195846557617,0.13464831804281344,0.14416051468984828,1605.6708332746,1135.0296521380374,1462.778425206643,538.269902635371,3029.6024464831803,1902.4875461768281,0.9470204710960388,1.196265459060669
-609.9440307617188,46.072959899902344,17.41916275024414,31.653406143188477,12.161589622497559,11.998311996459961,7.502110004425049,3.1447362899780273,7.006712913513184,3.6478922367095947,5.095573425292969,4.007319450378418,3.9855263233184814,137.62879943847656,44.464298248291016,25.6314754486084,27.680177688598633,14.129350662231445,8.80806827545166,11.154388427734375,16.991180419921875,7.905996799468994,10.032999992370605,5.451505184173584,6.142076015472412,5.71665096282959,1.9360462427139282,7.286320209503174,0.05909814323607428,0.06896219832352675,1441.246522322612,534.7444351634075,1917.600702639426,396.71013136388194,3614.8541114058357,1203.9898491955216,0.3725143074989319,0.9281318187713623
-511.7052307128906,72.46504974365234,-7.101041316986084,19.27771759033203,-5.41016960144043,5.348768711090088,-10.343371391296387,-9.44454288482666,5.470841407775879,-1.240769386291504,-1.9845916032791138,-4.546315670013428,-0.16648611426353455,144.70709228515625,64.0517807006836,40.91817855834961,22.27269744873047,31.750858306884766,17.23077964782715,20.959983825683594,19.69037628173828,15.193838119506836,12.488299369812012,13.299846649169922,14.402400970458984,9.918170928955078,2.233661413192749,5.543829441070557,0.12835907335907337,0.16748238086527084,1646.338031713714,1142.8166761601337,1576.03245098186,568.8652316011182,3213.745173745174,1852.648179955634,0.7962719798088074,1.0678825378417969
-398.658447265625,82.90248107910156,-10.624885559082031,23.069843292236328,-7.990735054016113,0.025624698027968407,-13.68895435333252,1.8553663492202759,-11.15596866607666,-4.034809112548828,-16.5040283203125,-8.125205039978027,-10.887271881103516,149.84829711914062,58.661441802978516,45.669158935546875,26.406234741210938,28.22270965576172,17.82591438293457,18.65143585205078,15.434258460998535,13.218863487243652,13.129708290100098,15.588726997375488,13.196783065795898,11.409785270690918,11.417511940002441,14.624835968017578,0.14584313725490194,0.17318944320372548,1717.9588875845827,1154.215645690906,1517.2480442208905,578.0880435779297,3247.2156862745096,2005.1098675460182,1.0201181173324585,1.4050772190093994
-478.5938415527344,44.46424865722656,20.371871948242188,15.653369903564453,1.4907046556472778,3.589428186416626,-1.9305245876312256,2.1056671142578125,-9.21286392211914,-7.335474014282227,-2.6475062370300293,1.3043034076690674,-1.7505851984024048,154.8536376953125,70.10671997070312,37.559120178222656,24.62552833557129,19.542266845703125,17.61506462097168,17.118919372558594,16.97157859802246,16.79985237121582,16.046043395996094,11.369129180908203,15.366105079650879,10.463699340820312,7.660710334777832,14.253523826599121,0.19888576779026218,0.22204457043152026,2360.2872398323134,1493.5919007789303,1854.5126850823458,542.2243324553044,4510.711610486891,1821.008656574257,0.6490873694419861,0.8023169636726379
-538.0990600585938,75.70993041992188,20.93316650390625,27.741806030273438,12.022607803344727,8.695799827575684,11.256791114807129,-6.065706729888916,3.0926735401153564,2.808093786239624,2.026043176651001,7.523448944091797,-2.492769956588745,143.06854248046875,69.35324096679688,21.810871124267578,25.413347244262695,22.33887481689453,15.668153762817383,13.668004035949707,21.477846145629883,11.164836883544922,13.848580360412598,13.644067764282227,7.048707008361816,10.564411163330078,5.9538254737854,13.861178398132324,0.08850760456273764,0.11159950946358513,1415.3680805783047,818.063706633307,1690.763150281492,538.09961056053,3095.6653992395436,1724.122147882219,0.5726733803749084,0.9510589241981506
-405.1512451171875,85.31610107421875,-1.5338889360427856,29.780675888061523,-1.5779461860656738,13.217878341674805,-4.106335639953613,1.2251323461532593,-0.692714512348175,-4.684361457824707,4.858370304107666,-2.912670612335205,-7.950366973876953,181.25462341308594,73.73424530029297,33.930240631103516,28.361114501953125,29.233545303344727,12.502963066101074,20.052467346191406,17.636926651000977,13.913535118103027,18.027910232543945,11.923941612243652,11.266168594360352,14.701704025268555,10.512285232543945,13.315190315246582,0.10300675675675675,0.1517568733303203,1525.1110108000073,1150.4879963014814,1504.754668081536,519.434925896136,2940.5405405405404,1876.72795469243,0.88028883934021,1.421978235244751
-405.51409912109375,93.78157806396484,16.570758819580078,33.34447479248047,-3.3560895919799805,3.193204402923584,-3.173112154006958,-6.760663032531738,-10.198321342468262,-8.32027530670166,-2.616880178451538,-6.296726226806641,1.8261746168136597,122.40422821044922,76.01868438720703,36.3111457824707,32.92689895629883,24.794631958007812,16.863391876220703,20.584075927734375,16.28953742980957,17.06909942626953,12.900328636169434,10.954937934875488,13.732733726501465,12.145561218261719,16.47244644165039,21.203197479248047,0.14047961630695444,0.20154657765836664,1637.1498863829474,1471.477730879883,1445.441216597444,648.8128371632913,2953.4772182254196,2366.0661875605765,0.9268900752067566,1.0134533643722534
-457.9424743652344,98.7227783203125,-19.03029441833496,17.969472885131836,-12.520867347717285,0.8617182970046997,-16.489147186279297,-2.429065227508545,-18.437129974365234,-4.72934103012085,-9.601795196533203,-6.221798896789551,-11.14719295501709,151.3872528076172,71.20753479003906,52.42749786376953,25.503589630126953,23.749902725219727,17.382713317871094,18.32488441467285,15.92252254486084,15.221624374389648,12.301355361938477,12.484918594360352,12.799424171447754,11.972825050354004,4.920760154724121,7.220650672912598,0.12469359331476323,0.15149306864518183,1466.8888522703705,1178.8753395516362,1185.9055014433463,640.8076011096207,2550.08356545961,1959.0082601894135,0.9558829069137573,1.1006159782409668
-394.7281494140625,50.727848052978516,16.301332473754883,51.2509651184082,7.241391181945801,5.976221084594727,-14.625826835632324,5.483043193817139,-3.230523109436035,-9.028687477111816,0.5682296752929688,-11.449049949645996,-9.571572303771973,156.5581817626953,72.83885192871094,29.091325759887695,44.63710021972656,26.546415328979492,13.574399948120117,22.21608543395996,13.971566200256348,17.57195281982422,19.500802993774414,13.78148078918457,15.812722206115723,14.455029487609863,12.121237754821777,16.747737884521484,0.1551136363636364,0.2282174965315773,1854.5329411501975,1586.5561031411678,1527.3686326650316,375.47168389273355,3245.0,2144.869671819458,1.0511877536773682,1.6158660650253296
-438.87872314453125,85.46440124511719,-14.7330961227417,12.909640312194824,-4.146904945373535,-9.970322608947754,-21.201950073242188,-6.0376811027526855,-14.893681526184082,-6.826807022094727,-10.084033012390137,-8.995837211608887,-6.789918422698975,162.7979278564453,67.20558166503906,53.15474319458008,29.364887237548828,24.68822479248047,17.22800636291504,20.275989532470703,16.66143035888672,16.910947799682617,10.962605476379395,12.001301765441895,12.08116626739502,9.874231338500977,6.370849609375,9.925450325012207,0.14545847750865049,0.1617012763528866,1758.0289627559678,1242.417289116577,1484.4507407925787,583.2365086745616,3153.3564013840833,1983.52247250431,1.077957272529602,1.488745927810669
-585.8970336914062,49.89482116699219,3.839461326599121,17.355876922607422,5.855064868927002,9.998329162597656,-7.170760154724121,-6.896148204803467,0.9239248037338257,2.022477626800537,-8.982500076293945,3.104569435119629,-2.794340133666992,171.8798065185547,55.307594299316406,36.191612243652344,14.639566421508789,15.453609466552734,11.972655296325684,20.798295974731445,18.007869720458984,10.246856689453125,8.87295150756836,14.288055419921875,9.557975769042969,9.144366264343262,2.5323665142059326,7.038766384124756,0.1668429158110883,0.14718623560949695,1859.1209773743008,1010.3877610928862,1680.4026061574864,381.24168455101807,3476.5503080082135,1633.8999869597187,0.5479419827461243,0.9303255677223206
-508.5084228515625,92.17207336425781,11.062024116516113,22.786182403564453,1.9387680292129517,0.16824345290660858,1.3802599906921387,-2.970928907394409,1.1274476051330566,0.8455635905265808,-1.3381999731063843,4.666252613067627,-3.4805047512054443,166.5038604736328,73.65821838378906,22.11345863342285,21.82858657836914,17.77223014831543,14.843756675720215,12.579784393310547,16.955671310424805,14.0894775390625,12.820344924926758,11.324090957641602,8.941690444946289,10.509353637695312,6.956359386444092,16.728242874145508,0.08383852691218131,0.07507406722365187,1428.2706597865017,781.0055004740809,1579.287896940122,586.8631918306394,3022.5495750708214,1699.0513145150571,0.5697087049484253,0.7656251192092896
-597.4456176757812,49.28433609008789,3.174372673034668,21.023645401000977,4.639739990234375,4.264767646789551,-1.0243099927902222,1.1503618955612183,1.651072382926941,-1.924024224281311,5.410295486450195,-0.24436575174331665,0.28566887974739075,146.74240112304688,47.240848541259766,29.963117599487305,16.621009826660156,17.177034378051758,12.115306854248047,17.544044494628906,11.903182983398438,10.239714622497559,11.266764640808105,7.099267482757568,10.006705284118652,6.850182056427002,1.242321252822876,4.722545146942139,0.11167349726775957,0.10373333341573292,1894.2486385915236,754.7419638928072,1963.9591203655773,508.66579207397615,4250.163934426229,1498.8744321288018,0.4479281008243561,0.8627022504806519
-481.1777038574219,79.64359283447266,6.25976037979126,25.78664779663086,0.5761776566505432,0.0013584836851805449,2.3168704509735107,-6.9519829750061035,-6.344056129455566,-3.327589750289917,-2.2845919132232666,1.9033392667770386,-2.542044162750244,155.1365203857422,77.61677551269531,39.10883712768555,25.578960418701172,23.540546417236328,19.235912322998047,16.009315490722656,19.107873916625977,15.09263801574707,13.233072280883789,10.889121055603027,10.366500854492188,11.725638389587402,4.860743999481201,10.61033821105957,0.1640310650887574,0.18714671983505196,1911.5625693246504,1315.1289964792504,1630.221931698935,563.4313221179881,3625.562130177515,2004.8626856100832,0.7694711089134216,0.9570891261100769
-431.7780456542969,123.712158203125,-17.935564041137695,21.992034912109375,8.990789413452148,-3.9863317012786865,9.956104278564453,-11.34924602508545,-15.823654174804688,6.737400054931641,6.420148849487305,-3.9864614009857178,-5.2342658042907715,139.91744995117188,78.86258697509766,45.29268264770508,26.45240020751953,18.17449378967285,18.797348022460938,19.9339599609375,15.752413749694824,15.9047212600708,21.249094009399414,13.806405067443848,10.328765869140625,9.584733963012695,5.2450337409973145,8.360886573791504,0.14684146341463417,0.16655766741122477,1627.0454195817756,1224.5134599834867,1376.744841169076,601.9836851044652,2981.8536585365855,1921.4482541089476,1.0021806955337524,1.4699805974960327
-382.3692626953125,105.21112823486328,1.1466792821884155,52.44105529785156,4.889568328857422,2.1847965717315674,3.9751956462860107,-3.5724174976348877,-2.888610601425171,-0.8330093026161194,-9.493788719177246,6.858179092407227,-8.820591926574707,122.4649658203125,81.98687744140625,39.12392044067383,33.237911224365234,24.925556182861328,24.094385147094727,16.81960105895996,16.19202423095703,13.318882942199707,13.874134063720703,11.654740333557129,10.685908317565918,9.616676330566406,9.653793334960938,11.859807968139648,0.12656156156156154,0.15711313121430662,1531.309977915933,1201.8058799078296,1304.4289896134019,457.256182746845,2784.3843843843842,1751.279582640353,0.9022650122642517,0.763592004776001
-413.2624816894531,84.1387710571289,-0.21776337921619415,4.214353561401367,-8.903334617614746,-9.717178344726562,-8.166924476623535,-16.126312255859375,-10.387324333190918,-1.7067770957946777,-9.301899909973145,-9.395066261291504,-19.386125564575195,159.10202026367188,68.00962829589844,34.28052520751953,26.173480987548828,26.020296096801758,16.669189453125,13.694540023803711,18.075056076049805,14.772154808044434,14.148709297180176,12.044112205505371,11.338647842407227,16.788572311401367,11.085039138793945,12.865103721618652,0.11638429752066115,0.1708649454632017,1584.2033980846795,1264.3245324064223,1485.4012195183095,554.3118927099413,2862.809917355372,2038.608025805072,0.9903970956802368,1.3210091590881348
-510.40069580078125,58.091548919677734,9.813111305236816,31.979511260986328,4.72949743270874,11.066235542297363,0.7033131718635559,6.060808181762695,1.8115490674972534,-0.9159127473831177,-0.705254077911377,6.334867000579834,-2.4665119647979736,169.7008819580078,70.9971923828125,27.472780227661133,24.52011489868164,21.877246856689453,12.000181198120117,17.11803436279297,16.314088821411133,12.538622856140137,14.753527641296387,11.070042610168457,10.092448234558105,11.303935050964355,4.547570705413818,9.33864974975586,0.15005487804878048,0.18634018533672922,1700.2964645518575,1335.9714698514647,1509.9177603053433,398.6736944075605,2913.4634146341464,2074.7476378722868,0.6684488654136658,0.8119146823883057
-446.5745544433594,73.74796295166016,5.409091949462891,19.197731018066406,2.8164422512054443,6.426899433135986,-6.301258563995361,4.028709888458252,-10.59803295135498,2.624037504196167,-5.35439920425415,0.959362268447876,-0.6282469034194946,176.19699096679688,62.71080780029297,34.064029693603516,24.717477798461914,21.604774475097656,17.72052574157715,22.129228591918945,15.282857894897461,19.945528030395508,14.267505645751953,13.335105895996094,13.958346366882324,10.478758811950684,6.757767677307129,10.834784507751465,0.1348087818696884,0.18288638977774768,1464.5682523794617,1328.8879221444818,1350.6720839859381,445.5546942989747,2505.4957507082154,2066.9251143793763,0.664914071559906,0.7737780213356018
-481.1875,63.061058044433594,14.33942985534668,22.871143341064453,13.716468811035156,6.319788455963135,-12.813735961914062,3.162691593170166,-9.547292709350586,-0.8306243419647217,-4.44105339050293,-3.7334647178649902,2.612004041671753,168.5301055908203,66.3435287475586,25.245176315307617,24.48900604248047,16.116975784301758,14.966779708862305,24.25266456604004,12.471360206604004,15.9412260055542,12.713908195495605,10.991043090820312,9.3997163772583,9.267878532409668,6.938241958618164,12.409351348876953,0.1232957957957958,0.137198636320302,1793.391639341817,1068.052603278029,1810.4301639703694,548.3898909622454,3735.255255255255,2027.3239386595749,0.8258268237113953,1.2114295959472656
-402.764892578125,89.73170471191406,-2.458573341369629,48.89140319824219,-2.086118459701538,-1.4175992012023926,-15.070244789123535,-5.797380447387695,-12.468178749084473,-8.09404468536377,0.4129844903945923,-6.801024436950684,0.014036879874765873,136.74366760253906,64.8627700805664,38.595035552978516,36.19227981567383,23.002300262451172,17.553922653198242,18.708925247192383,18.226211547851562,16.195215225219727,17.26018524169922,10.347335815429688,15.549522399902344,9.896124839782715,11.22854232788086,15.320343971252441,0.14178853754940712,0.1900119944909542,1585.2389697632334,1325.2058597608386,1330.7094499807504,469.9528176592997,2860.9486166007905,1952.9665003552784,0.925140917301178,1.0837970972061157
-477.078125,85.47523498535156,-13.072402000427246,50.4932861328125,9.610209465026855,-11.240313529968262,-0.28145864605903625,-11.572324752807617,-0.6085455417633057,-7.348339557647705,-10.283439636230469,-4.235167980194092,-1.5489579439163208,154.6343536376953,77.80631256103516,44.63677978515625,37.5865478515625,17.63793182373047,19.44746971130371,13.661107063293457,20.712871551513672,11.988682746887207,14.435729026794434,13.874032020568848,10.207446098327637,12.103198051452637,2.3300132751464844,4.150447845458984,0.1726926782273603,0.20942038891016715,1964.4331156418425,1432.3524032480398,1531.8133067412207,521.6723811038338,3596.2235067437377,1946.8580478118838,0.9865638017654419,1.2388969659805298
-537.8621215820312,96.38951873779297,-16.377391815185547,16.381799697875977,-0.6558606624603271,9.335041046142578,7.5174665451049805,-15.16494369506836,2.7466423511505127,2.802833318710327,-0.17718863487243652,-0.43163973093032837,-1.2330583333969116,172.61264038085938,54.06597900390625,44.115135192871094,19.116769790649414,24.194782257080078,17.235857009887695,12.68921184539795,29.994043350219727,13.5975980758667,12.34500789642334,10.711830139160156,13.50439739227295,8.88512134552002,4.077359199523926,7.304214954376221,0.11730483271375465,0.0550944104775086,1655.6998585255737,571.9929417296673,1643.1909063755395,540.1865360905455,3436.728624535316,1377.5517332051354,0.6045119166374207,0.8962084054946899
-520.6650390625,83.6238784790039,20.429540634155273,24.93510627746582,12.576213836669922,12.603862762451172,-6.596405506134033,0.6958904266357422,0.8672863841056824,4.085350036621094,2.3637843132019043,8.582191467285156,0.33461856842041016,157.42840576171875,65.4627914428711,26.48016357421875,37.219093322753906,28.113338470458984,16.23002815246582,17.783275604248047,13.798417091369629,13.323504447937012,11.064055442810059,9.660383224487305,11.80841064453125,10.963272094726562,4.506226539611816,9.918862342834473,0.09542299349240779,0.09118754382090184,1481.828879402702,778.3863273606764,1677.8102649038515,538.1357674017119,3139.783080260304,1750.0995808717626,0.648100733757019,0.9744718670845032
-510.6891784667969,114.33940124511719,-19.680164337158203,27.219100952148438,-4.354035377502441,4.368083477020264,-14.020342826843262,-3.373039722442627,-13.364139556884766,-2.582226037979126,-0.3969433009624481,-11.547819137573242,4.627362251281738,198.72389221191406,72.75245666503906,42.26432800292969,27.32140350341797,28.96902847290039,17.934389114379883,26.88347625732422,17.855859756469727,17.635427474975586,12.759976387023926,13.222440719604492,12.40149211883545,10.283629417419434,3.1098291873931885,3.713649272918701,0.08141379310344828,0.062283288975554,1240.0943864906567,470.7177604481111,1391.5557532693172,583.2780983891382,2686.896551724138,1308.2346711564005,0.721134603023529,1.4163908958435059
-538.1914672851562,51.702735900878906,-2.519843578338623,23.710176467895508,-2.4942545890808105,4.300914764404297,-6.326593399047852,2.940793037414551,-4.279613018035889,-2.615623950958252,0.37714898586273193,-3.9451746940612793,2.8427042961120605,195.28353881835938,52.60279083251953,34.83188247680664,26.207433700561523,21.882770538330078,13.735908508300781,20.816097259521484,13.013359069824219,15.866304397583008,12.150885581970215,10.21802806854248,13.118171691894531,7.179370403289795,3.6890082359313965,7.523304462432861,0.11911596958174905,0.10790831400621767,1874.342549675226,811.3372654213747,1859.3991824954894,528.7556700209875,4098.403041825095,1494.383565420576,0.5753434896469116,1.2114568948745728
-510.8251037597656,62.19935989379883,-3.2229626178741455,23.50223731994629,-12.208283424377441,-3.353214979171753,-11.510705947875977,-0.3303791582584381,-8.777956008911133,-6.161658763885498,-4.5999555587768555,-4.489131927490234,-6.250047206878662,173.9275360107422,53.263389587402344,36.46784973144531,28.028663635253906,27.27802276611328,16.098873138427734,20.846282958984375,13.457978248596191,16.43256378173828,13.786702156066895,10.24726390838623,13.33189582824707,10.045348167419434,3.620201349258423,7.2852783203125,0.14254480286738352,0.14382627401363676,1889.1022101790713,943.2701964863955,1713.747051325721,488.61555223847904,3847.2401433691757,1560.8808455534809,0.7053405046463013,1.0351009368896484
-379.22576904296875,84.78868865966797,-1.5112143754959106,25.54326820373535,-11.378381729125977,-10.044200897216797,-10.003804206848145,-1.3306796550750732,-20.17721176147461,-10.551494598388672,1.5810937881469727,-12.519510269165039,-0.31859487295150757,128.77084350585938,74.32156372070312,37.83927536010742,27.06061363220215,25.508506774902344,17.973026275634766,15.77104377746582,12.863157272338867,15.5359468460083,14.208203315734863,12.232178688049316,14.756754875183105,10.543259620666504,8.567534446716309,9.892756462097168,0.19357534246575342,0.19342645183303742,1986.792094884612,1370.5718610131273,1547.6879062936355,544.1851969726067,3561.095890410959,2063.795387572114,0.9412723183631897,0.9387316107749939
-456.4154968261719,95.93345642089844,4.02923583984375,22.18819236755371,3.328313112258911,-6.4651970863342285,-9.040712356567383,1.2386401891708374,-9.644869804382324,-1.697141170501709,-5.083678722381592,-7.207907676696777,-2.779221296310425,148.83314514160156,77.24790954589844,41.13719940185547,27.258350372314453,23.72088623046875,17.674976348876953,18.121774673461914,12.462977409362793,15.892558097839355,10.941325187683105,12.686980247497559,13.192519187927246,8.563347816467285,8.94023323059082,15.293089866638184,0.13780465949820792,0.18280396794143983,1664.241359322594,1389.0348525628349,1454.5642788100936,665.7861003869431,3081.0035842293905,2227.868871739217,0.7829312682151794,1.0093086957931519
-539.5805053710938,78.70518493652344,20.586729049682617,32.131473541259766,12.35235595703125,4.483401298522949,10.336592674255371,-4.353708267211914,-2.0766806602478027,1.5013556480407715,1.1029844284057617,6.70306396484375,-0.005318323615938425,167.4718780517578,72.21894836425781,28.49783706665039,24.422321319580078,19.940303802490234,19.826208114624023,16.46178436279297,18.862186431884766,15.654621124267578,12.90494155883789,13.960878372192383,9.383764266967773,11.227095603942871,3.830488920211792,8.53988265991211,0.08306712962962964,0.1308563192232223,1401.0197974317398,1011.0618251598958,1612.6945010412417,522.4824222656875,2946.296296296296,1722.8371263878537,0.7563275098800659,1.2117302417755127
-446.5169982910156,103.29386138916016,3.0968165397644043,30.78898811340332,1.5562089681625366,1.197066307067871,3.8426167964935303,-10.399737358093262,-4.6791839599609375,-2.5752627849578857,-7.145288467407227,-1.6488245725631714,0.4014374911785126,169.41534423828125,81.91714477539062,37.668025970458984,26.039827346801758,28.723527908325195,19.418508529663086,16.25212860107422,20.046674728393555,14.780004501342773,15.250268936157227,13.857259750366211,9.579626083374023,10.604398727416992,6.796713829040527,8.977039337158203,0.10533227848101266,0.13394949073365042,1470.4966006393697,1061.9043402884179,1449.8088590820278,526.9581557903043,2854.3459915611816,1670.8077124359372,0.8742965459823608,1.2843668460845947
-520.441162109375,31.122840881347656,-8.93476676940918,19.909427642822266,-15.094354629516602,-0.7334701418876648,-9.9216947555542,-2.5972979068756104,-10.54923152923584,-5.784077167510986,-4.899050235748291,1.4385943412780762,-3.991663932800293,145.3401336669922,47.300193786621094,40.869991302490234,27.98027801513672,26.288991928100586,17.80137825012207,17.778697967529297,17.393091201782227,15.869268417358398,12.799497604370117,12.735157012939453,14.61282730102539,10.739679336547852,3.122375726699829,9.552817344665527,0.20089285714285715,0.1821840231258299,2279.071583270506,1108.9415195872082,1723.2691149688653,399.8321878102917,4173.9682539682535,1463.0502380274538,0.8193904161453247,1.2401505708694458
-501.5044860839844,73.56888580322266,5.452643871307373,22.44417953491211,-0.135199636220932,6.567242622375488,0.634943962097168,-1.715408205986023,-0.8194363117218018,-7.323058605194092,0.6682568788528442,-2.347291946411133,-3.6615102291107178,169.57949829101562,61.347938537597656,40.27437210083008,26.16398048400879,29.50629425048828,21.107595443725586,16.18844985961914,13.962508201599121,14.67154312133789,17.5595760345459,12.65235424041748,12.902708053588867,9.638168334960938,3.2054686546325684,5.687772274017334,0.13712278106508877,0.1758131627860489,1873.7139478501117,1305.442993629126,1692.8720146470307,497.98316722500806,3554.319526627219,1844.025931907603,0.8170269131660461,1.1152143478393555
-434.6356201171875,76.29977416992188,7.624387741088867,27.758413314819336,-7.101948261260986,-1.6567165851593018,-5.992659568786621,-3.9689507484436035,-11.651957511901855,-10.248703956604004,-12.258092880249023,-14.56845760345459,-9.468469619750977,150.01544189453125,69.7447509765625,40.39246368408203,29.287126541137695,25.112211227416992,17.450204849243164,17.52191734313965,16.17487907409668,15.679076194763184,12.561009407043457,13.860489845275879,14.269861221313477,11.978554725646973,8.72421932220459,11.785490036010742,0.13597271126760563,0.18370930529071058,1712.1849949894834,1299.26842749202,1566.621007813868,613.3954411307691,3261.478873239437,2170.60206069461,0.9576407670974731,1.3520861864089966
-521.047119140625,66.02418518066406,6.119002819061279,28.17927360534668,3.4528801441192627,6.668240547180176,5.974851608276367,-2.2499306201934814,5.216324806213379,-5.494385242462158,2.2586281299591064,2.4081618785858154,0.23659758269786835,175.2424774169922,68.21881866455078,31.516691207885742,26.955446243286133,16.89927101135254,13.491386413574219,12.39925479888916,19.223953247070312,14.380555152893066,14.818562507629395,9.340879440307617,10.161417007446289,12.353410720825195,3.578575611114502,6.855597972869873,0.15741847826086958,0.16424362114277105,2060.8184282702805,1173.203740600053,1798.7401175976,490.0169748235791,4070.289855072464,1745.704019781042,0.7239089012145996,0.9892056584358215
-426.3389587402344,114.3338394165039,2.7368853092193604,28.09103775024414,14.99324893951416,3.5332190990448,0.6598193049430847,0.561016857624054,2.7907238006591797,-6.981910705566406,-8.647757530212402,-8.841817855834961,-0.5564874410629272,166.9774932861328,83.72837829589844,39.378173828125,32.78019332885742,20.518760681152344,18.288040161132812,17.668203353881836,16.772069931030273,13.450418472290039,14.187283515930176,12.429203987121582,12.347067832946777,10.989156723022461,6.20867395401001,8.11214828491211,0.1018004338394794,0.12592611923359973,1422.0387331673066,1075.6675557288856,1418.7681652799758,592.4922218230835,2744.989154013015,1941.940866100503,0.8789002895355225,1.1227971315383911
-511.31036376953125,82.20364379882812,5.747202396392822,26.929012298583984,6.561770439147949,7.7324676513671875,-16.019737243652344,-4.277883529663086,7.6517653465271,-8.036487579345703,4.468367576599121,4.944399356842041,-0.08553909510374069,138.45281982421875,73.41533660888672,25.752038955688477,20.152393341064453,23.03630256652832,12.423431396484375,27.39072036743164,15.043561935424805,12.574040412902832,16.200471878051758,11.911259651184082,10.175885200500488,10.076704025268555,3.6561925411224365,8.37980842590332,0.15156069364161848,0.15058095325741538,1734.4573198404846,1043.9758013814521,1638.5142815240108,572.4855798828578,3401.849710982659,1938.8731130508454,0.6458672285079956,0.7941189408302307
-507.6927185058594,48.94990921020508,-2.3814220428466797,13.21170425415039,-7.925811767578125,-3.228105306625366,-8.118184089660645,-1.6681599617004395,-4.390296459197998,-5.254751682281494,-3.9191811084747314,-4.161170959472656,-3.4655113220214844,168.29864501953125,58.994346618652344,33.63907241821289,23.786970138549805,25.526037216186523,17.357112884521484,18.448833465576172,13.730889320373535,14.657504081726074,12.244548797607422,9.474664688110352,11.461112976074219,8.114103317260742,4.288545608520508,9.397730827331543,0.19140811455847254,0.160336621671999,2244.5649981413044,1131.434297910675,1850.0742740353026,547.2621867496215,4372.505966587112,1780.093631882854,0.6051921844482422,0.9343953728675842
-509.8951416015625,79.13780975341797,-10.004449844360352,8.42757511138916,-7.682128429412842,6.741636276245117,-10.517571449279785,-0.30796900391578674,-8.295817375183105,3.233060836791992,-6.595265865325928,-11.197336196899414,-5.745011329650879,199.8891143798828,70.40989685058594,45.957801818847656,19.14040184020996,27.628360748291016,14.300591468811035,20.788646697998047,11.711714744567871,15.13652229309082,12.341227531433105,10.628692626953125,15.378287315368652,9.278406143188477,7.074822425842285,10.205531120300293,0.13685589519650657,0.1408499037664238,1833.7048231401877,1074.1834081063578,1657.1744747480543,654.2402596652047,3650.829694323144,2032.0423850989848,0.8176952004432678,1.3063504695892334
-375.9714050292969,93.27670288085938,2.125687599182129,15.507681846618652,15.733235359191895,-2.5586490631103516,-20.812885284423828,-8.092364311218262,-17.5129451751709,0.38454708456993103,-6.2510504722595215,-5.714575290679932,1.1769717931747437,112.49050903320312,70.28437042236328,36.08890151977539,29.93852424621582,18.635475158691406,18.840282440185547,21.170358657836914,12.928228378295898,18.042348861694336,13.047367095947266,13.58955192565918,12.77053451538086,9.5519380569458,9.572976112365723,13.677806854248047,0.15204218106995884,0.17795443702524344,1690.5343957028092,1307.852740029994,1460.5956996088728,467.57416097148194,2909.7119341563784,1973.117146811806,0.9261592030525208,0.9885972142219543
-477.5340270996094,87.64102172851562,7.689931392669678,30.018310546875,-0.9449802041053772,2.8003995418548584,-2.6671433448791504,-6.342276096343994,-3.7503695487976074,-7.687434673309326,1.799704670906067,-2.5676701068878174,1.357086181640625,166.468505859375,59.78121566772461,36.13688659667969,27.542203903198242,26.887121200561523,17.256248474121094,17.332223892211914,17.96170997619629,15.418191909790039,15.52535343170166,10.871358871459961,14.3317232131958,9.70449161529541,7.203983306884766,12.136008262634277,0.10751736111111111,0.13114165386766852,1570.1817652479042,965.6625202338855,1653.5937822788972,553.7196574725882,3292.9166666666665,1667.1382145427801,0.7032113075256348,0.8169359564781189
-463.99786376953125,105.88493347167969,-2.110689163208008,40.20051193237305,12.703255653381348,-5.8628692626953125,2.496154308319092,-9.33028507232666,-5.550113677978516,-7.8418378829956055,-5.268445014953613,-0.07647144049406052,-3.575869083404541,139.44602966308594,78.51385498046875,43.43647384643555,29.368770599365234,24.251712799072266,24.38991355895996,14.789423942565918,20.523313522338867,13.701719284057617,13.771822929382324,13.24927806854248,11.167966842651367,11.213035583496094,3.6560142040252686,7.516934394836426,0.13356697819314642,0.16983674413160368,1527.377672674799,1251.861658837152,1333.936848342167,525.5529669922215,2838.878504672897,1866.0899166811864,0.8918398022651672,1.0134978294372559
-509.4074401855469,77.35441589355469,16.10283660888672,21.119991302490234,8.753741264343262,6.20861291885376,-1.8226447105407715,-0.7587838172912598,11.2090482711792,3.935382127761841,1.7538998126983643,-2.554741621017456,-1.966322898864746,162.52133178710938,55.210697174072266,27.606958389282227,26.368762969970703,17.903871536254883,13.168858528137207,15.627445220947266,17.368541717529297,12.313179969787598,13.27530574798584,11.255373001098633,10.607658386230469,9.134885787963867,5.311488628387451,12.914353370666504,0.121007556675063,0.12071284887054592,1803.0480455873271,860.128849518931,1852.9828326567153,399.7826191026952,3812.2921914357685,1443.310648291113,0.5776669979095459,0.8121413588523865
-383.2941589355469,102.83505249023438,4.67423152923584,27.65084457397461,10.130575180053711,-3.08719801902771,-11.628974914550781,-12.433104515075684,-10.432361602783203,-9.922391891479492,-2.134737968444824,-8.501275062561035,-8.60462474822998,109.18777465820312,75.93170928955078,39.626861572265625,25.650909423828125,19.599763870239258,19.914936065673828,16.0225830078125,17.981441497802734,18.695228576660156,13.997642517089844,11.036025047302246,12.814083099365234,14.680767059326172,14.180182456970215,16.77391815185547,0.14327127659574468,0.16930504722361817,1591.9123952493492,1267.768566063734,1385.5879351293283,563.2932663522723,2793.936170212766,2066.447624102726,0.9453753232955933,0.9366061091423035
-429.4486389160156,130.50064086914062,8.966352462768555,34.0264778137207,12.231266975402832,0.267915278673172,-2.8484840393066406,-1.5741636753082275,-12.317882537841797,3.579150676727295,-1.6786839962005615,6.058112621307373,6.543003082275391,141.56729125976562,94.81883239746094,35.741817474365234,26.314735412597656,21.694232940673828,21.531435012817383,16.730140686035156,15.7031831741333,21.894245147705078,14.356511116027832,13.674765586853027,9.870243072509766,13.878944396972656,11.980191230773926,17.8221378326416,0.11310408921933088,0.14918219550401196,1351.990848485623,1212.9417292982191,1218.924064203804,609.3799259457207,2458.736059479554,2012.299698185341,0.788688600063324,0.9618340730667114
-518.38671875,65.50133514404297,-5.839316368103027,15.337662696838379,-3.300690174102783,7.763693332672119,-6.57579231262207,-2.7264533042907715,-2.0242462158203125,-1.4769169092178345,-1.008867621421814,0.2875589430332184,0.07522287219762802,148.53770446777344,46.23719787597656,37.0485725402832,17.605880737304688,23.792644500732422,12.247968673706055,21.169551849365234,14.35977840423584,14.402074813842773,10.012455940246582,11.685091972351074,13.222882270812988,9.99612045288086,4.106430530548096,11.481466293334961,0.10416299559471368,0.09644857727300472,1571.7093853024758,649.6726926194003,1663.8802031942594,486.5964656121526,3379.20704845815,1446.419028355575,0.7301061749458313,1.2246204614639282
-547.673828125,78.17964172363281,24.958406448364258,20.883251190185547,8.752321243286133,8.706780433654785,10.681690216064453,1.2099640369415283,5.39073371887207,-7.071082592010498,2.733795642852783,0.43472060561180115,1.9491686820983887,159.5067596435547,58.3893928527832,18.83432960510254,21.986867904663086,25.588947296142578,16.877477645874023,10.759171485900879,20.575904846191406,13.299708366394043,22.285846710205078,9.886940956115723,11.785809516906738,8.69117259979248,9.090072631835938,17.32996940612793,0.06787499999999999,0.12037318274848431,1331.3855488808213,876.3310994946274,1760.830325508611,498.3319870447198,2984.5,1690.0314839276416,0.4600224792957306,0.7828845381736755
-384.2669677734375,83.97056579589844,8.706103324890137,37.15410614013672,2.362072706222534,21.982498168945312,-7.309537410736084,6.379086971282959,1.4439901113510132,-2.568575143814087,7.934619426727295,-5.589456081390381,-4.8910603523254395,155.7923583984375,83.40299987792969,35.52581024169922,27.734394073486328,27.863950729370117,16.533998489379883,19.945816040039062,18.56744956970215,13.359166145324707,16.5482234954834,13.785747528076172,13.74851131439209,11.691892623901367,10.080368995666504,12.920134544372559,0.1287315634218289,0.16567055192945956,1625.3577359950996,1296.7327010329134,1480.1737370266296,482.9867328511557,3019.29203539823,2006.9573898971594,0.939967691898346,1.0818911790847778
-440.35308837890625,101.85423278808594,15.959786415100098,39.57317352294922,12.742751121520996,7.620816707611084,1.1618361473083496,1.0915992259979248,-9.005973815917969,4.699310302734375,-0.6330453753471375,9.00656795501709,-0.9991338849067688,138.0906524658203,76.70555877685547,35.7668571472168,32.88329315185547,26.737163543701172,19.6374568939209,19.88274383544922,16.104412078857422,18.515687942504883,13.732321739196777,13.188186645507812,12.362613677978516,11.494903564453125,5.825081825256348,10.266201972961426,0.08955421686746987,0.11170939094089942,1248.318716776016,994.7251250858747,1321.5054540073852,515.6783166862026,2327.8072289156626,1903.8246252749136,0.9410649538040161,1.291818380355835
-490.84332275390625,91.06495666503906,13.44906234741211,21.558490753173828,5.655869960784912,5.387958526611328,3.938039541244507,-1.5987234115600586,1.81271231174469,-4.84984827041626,-4.133823394775391,-2.8157925605773926,-2.1952109336853027,133.88296508789062,72.99919891357422,29.39937973022461,24.98189926147461,21.347122192382812,16.674367904663086,13.824588775634766,19.122224807739258,10.787306785583496,12.843833923339844,10.342962265014648,10.595614433288574,10.696155548095703,8.501729965209961,15.192971229553223,0.10585910652920962,0.12491987429704976,1508.6795205556018,1068.0641010246434,1523.7568290754016,537.6634738140287,2872.3024054982816,1789.9378527754357,0.7341020107269287,0.9926795959472656
-452.0080871582031,92.51482391357422,-1.0775357484817505,15.150763511657715,-10.584260940551758,5.810334205627441,-7.357039451599121,-9.928933143615723,-16.122724533081055,-9.032809257507324,-11.082655906677246,-6.646352767944336,-12.943824768066406,146.94374084472656,64.2049560546875,41.02226257324219,35.35505294799805,29.74017906188965,21.61273765563965,14.252860069274902,16.707101821899414,17.670515060424805,15.042448997497559,14.385153770446777,11.023141860961914,12.06270980834961,4.6895670890808105,7.682296276092529,0.1074004424778761,0.11591362763109725,1440.8812703277172,920.717351742734,1438.6441076606588,563.9177732179724,2700.1769911504425,1980.9901798262244,0.9642964005470276,1.1293801069259644
-541.9807739257812,60.8626594543457,-1.0063124895095825,18.043575286865234,8.715181350708008,8.070690155029297,-4.979332447052002,1.5785748958587646,4.950436592102051,-0.7438254952430725,-1.8778208494186401,3.058861017227173,-0.7617805600166321,165.4529571533203,70.19004821777344,37.24351501464844,20.321880340576172,21.027698516845703,12.118602752685547,15.624382019042969,11.501986503601074,12.128944396972656,10.044856071472168,9.903553009033203,8.024551391601562,8.975831031799316,2.064720869064331,5.823300838470459,0.14420612813370473,0.1557047617496869,1910.7765507864838,1072.6384804830666,1756.7909041477412,541.4160030515613,3810.9192200557104,1658.519322065322,0.6547905206680298,0.8949134945869446
-407.80792236328125,116.11270141601562,11.684598922729492,44.400211334228516,13.330188751220703,2.681746482849121,-0.47543156147003174,-6.889094829559326,-11.907169342041016,2.206449031829834,-1.588682770729065,5.541481018066406,3.99062442779541,117.61627197265625,91.3543701171875,33.879066467285156,26.757402420043945,25.223920822143555,21.596296310424805,16.98997688293457,13.08176326751709,19.999998092651367,15.924985885620117,11.629670143127441,10.364083290100098,10.988272666931152,11.544000625610352,17.199716567993164,0.11605849582172703,0.14088296246550816,1380.5238908879214,1163.9722709908613,1231.7148967208175,573.0230629727852,2450.0278551532033,1915.3721353959884,0.8665786981582642,0.8158498406410217
-451.62335205078125,66.50645446777344,22.453311920166016,33.14803695678711,13.386463165283203,13.078559875488281,-4.5859479904174805,4.705637454986572,5.5201849937438965,-1.9558069705963135,4.124194145202637,-1.9648942947387695,-6.23782205581665,163.26466369628906,81.69247436523438,36.00257873535156,29.45171356201172,22.612747192382812,16.020397186279297,22.427419662475586,18.10688591003418,12.960227012634277,15.44530200958252,11.412181854248047,11.23780632019043,15.28840446472168,3.93173885345459,7.396417140960693,0.17036962365591396,0.22075980979401225,1973.2748391606133,1620.7962733889585,1627.614293520012,509.6700619926823,3454.8387096774195,2293.2653213704875,0.9710072875022888,1.2707006931304932
-549.5289916992188,78.18755340576172,18.90615463256836,27.02079200744629,10.688960075378418,10.529119491577148,-1.2548021078109741,-5.497071743011475,4.012025356292725,4.613661289215088,2.9630253314971924,2.3806309700012207,5.233829498291016,152.23963928222656,59.641021728515625,25.167400360107422,18.66482925415039,20.57671546936035,13.447766304016113,21.038414001464844,23.225522994995117,13.523138999938965,10.285663604736328,9.493406295776367,9.512650489807129,8.4385347366333,5.873300075531006,12.643913269042969,0.05793650793650793,0.06315954594430005,1315.2458941250502,593.3316989750349,1749.2424904430802,584.0858701063142,3140.4232804232806,1572.825392411242,0.5404179096221924,0.9437435269355774
-394.7270202636719,83.56134796142578,6.58524227142334,36.60822677612305,8.085155487060547,-1.9786667823791504,-11.54216480255127,-16.07765007019043,-8.546114921569824,-8.429962158203125,1.1535098552703857,-10.194795608520508,0.5192378759384155,121.43609619140625,84.55377960205078,41.414920806884766,28.32619285583496,23.42667007446289,16.898197174072266,18.74855613708496,18.32345962524414,14.614852905273438,14.243560791015625,11.802042961120605,13.758432388305664,9.137147903442383,7.902337074279785,10.407760620117188,0.15982032854209446,0.2017380360070108,1834.8579480358353,1518.5265623689384,1479.4461012562185,550.0998285428755,3199.917864476386,2176.021649507754,0.9030106663703918,0.9899020195007324
-367.15301513671875,81.01941680908203,14.802082061767578,40.43708419799805,8.760411262512207,13.928499221801758,-9.18518352508545,-0.5510239601135254,3.5605833530426025,-7.85722017288208,3.0196714401245117,-6.609653472900391,-7.562839508056641,160.23118591308594,77.94497680664062,35.185298919677734,27.727149963378906,30.300626754760742,17.0543270111084,19.461671829223633,17.310941696166992,13.415861129760742,20.483732223510742,11.923981666564941,12.894761085510254,14.847631454467773,15.416613578796387,17.197317123413086,0.13152482269503546,0.18349801751920702,1645.7252514232393,1433.0009656306943,1465.3152073881097,512.4332348141077,2934.751773049645,2198.748380767904,0.9189797043800354,1.0805245637893677
-402.89959716796875,98.66007995605469,3.7072341442108154,22.776411056518555,-4.165064811706543,5.416901111602783,-8.843473434448242,-6.146332740783691,-4.791633605957031,-7.678682804107666,-4.826071262359619,-8.211529731750488,1.889649748802185,133.84397888183594,80.57621765136719,37.89095687866211,28.5106143951416,26.138296127319336,15.630232810974121,20.910730361938477,18.71701431274414,15.40357780456543,12.540902137756348,11.807608604431152,15.42825698852539,8.965555191040039,13.756892204284668,16.681364059448242,0.15428149606299213,0.2136255520030971,1715.0988988201368,1534.353967410398,1421.211894782953,645.4322236157707,3060.472440944882,2286.5046935896344,0.9131181240081787,1.0746339559555054
-470.0372619628906,97.02593231201172,8.608306884765625,34.81317901611328,6.504254341125488,15.181139945983887,-4.623927593231201,5.382977485656738,1.6894679069519043,2.765092134475708,5.84758186340332,-6.073246479034424,-5.607396602630615,167.50888061523438,71.12926483154297,38.64828872680664,28.791940689086914,29.537721633911133,18.86202049255371,19.5756893157959,15.874808311462402,16.399545669555664,16.681764602661133,12.337536811828613,14.484292030334473,12.470808982849121,2.49695086479187,4.155910015106201,0.10414930555555554,0.13587938994059717,1426.4260825088745,1080.780807996257,1451.3133154717773,509.86937603735396,2698.796296296296,1824.4020926160545,0.9417076110839844,1.2074002027511597
-525.9547119140625,48.57285690307617,3.902146577835083,25.14675521850586,-10.213359832763672,-2.4426262378692627,-6.55829381942749,0.8326409459114075,-6.904688358306885,-2.8824946880340576,-4.5297112464904785,-0.662430465221405,-5.230500221252441,168.9110870361328,49.82209396362305,33.35076141357422,25.98012924194336,29.706645965576172,14.39687442779541,18.826370239257812,14.623335838317871,17.421358108520508,11.051168441772461,11.050823211669922,11.370038032531738,9.844720840454102,4.111436367034912,9.803194999694824,0.1176529255319149,0.1534633199710851,1524.669251644162,1034.8570582265127,1546.1537065825132,390.935409519388,2828.8297872340427,1609.659245281818,0.5718840956687927,0.90401291847229
-498.5345153808594,64.39476776123047,12.091646194458008,34.54709243774414,4.629358768463135,3.8315579891204834,-14.381007194519043,-11.399214744567871,6.049562931060791,-2.2656428813934326,-2.394038200378418,2.3783934116363525,-0.2616347372531891,154.8966522216797,66.53833770751953,35.614681243896484,30.34067726135254,20.767385482788086,18.165517807006836,28.104520797729492,22.222434997558594,12.782670974731445,14.552139282226562,13.030046463012695,11.761375427246094,10.929597854614258,4.731861591339111,8.864622116088867,0.1341089108910891,0.16525055389970822,1809.073698421436,1209.743410765015,1706.7780233690544,540.4712231304597,3631.2871287128714,1864.392802366899,0.7863659858703613,1.0612696409225464
-523.5752563476562,86.16487121582031,21.482332229614258,35.73528289794922,19.2526912689209,9.115083694458008,3.4075124263763428,-1.9232847690582275,3.99599552154541,3.1451728343963623,-4.241519927978516,1.4837371110916138,-5.906111240386963,161.2084503173828,61.50325393676758,33.305213928222656,22.854955673217773,16.23814582824707,16.671588897705078,14.295292854309082,19.422868728637695,10.796713829040527,11.758828163146973,14.721504211425781,9.261252403259277,11.804224967956543,5.487061023712158,11.935229301452637,0.09752100840336134,0.1095701570070343,1687.061023172586,922.9854511995627,1862.9312811382852,600.9869436097397,3873.9495798319326,1837.6672972812632,0.630965530872345,0.8862469792366028
-458.3721618652344,104.8989486694336,-1.2349740266799927,40.844600677490234,11.414677619934082,-5.2216477394104,1.3021782636642456,-9.15332317352295,-5.8717265129089355,-9.158863067626953,-5.110819339752197,-1.078662395477295,-4.495687007904053,141.59788513183594,76.85926818847656,43.76266860961914,29.303037643432617,23.258012771606445,22.47275161743164,14.36577320098877,19.81574058532715,13.881291389465332,14.132708549499512,12.1297607421875,10.037333488464355,10.667756080627441,4.28515100479126,8.86255168914795,0.12659657320872275,0.1678059627692207,1493.9391204064043,1250.5501911168535,1329.528471867258,524.1688510102214,2755.7632398753894,1861.5002809480222,0.8776208758354187,1.0358949899673462
-431.0565490722656,109.13233947753906,-8.790590286254883,22.920047760009766,-6.622818470001221,4.579964637756348,-6.073257923126221,-5.1697773933410645,-4.757808685302734,-7.887031078338623,-2.258396625518799,-8.065585136413574,-2.382422924041748,147.48284912109375,66.55824279785156,39.66960906982422,28.47980499267578,28.661996841430664,16.095741271972656,19.285181045532227,15.523946762084961,14.168371200561523,12.602699279785156,10.380914688110352,12.629192352294922,9.888054847717285,8.20301342010498,11.645732879638672,0.0897244623655914,0.11063785017271432,1350.615357518074,893.1044222197814,1377.24164489514,593.3256835262738,2735.483870967742,1731.6761201863715,0.8744224905967712,1.1014761924743652
-507.8839111328125,105.04154968261719,-14.160494804382324,-0.3851323425769806,1.7851899862289429,-1.7308447360992432,3.5987229347229004,-3.692868947982788,-6.569821834564209,12.337717056274414,13.112316131591797,-6.004761219024658,-1.1182177066802979,168.7062225341797,92.17427062988281,45.552818298339844,18.906747817993164,21.33677864074707,17.104555130004883,13.84792709350586,14.125020027160645,11.72413444519043,16.174640655517578,13.267499923706055,12.073734283447266,9.612221717834473,2.56265926361084,5.731385231018066,0.18036585365853655,0.16703599817909284,1889.0352926334733,1235.8187362641231,1488.782622236138,710.7934519596995,3405.4634146341464,2169.475468779751,0.8498483300209045,1.273085355758667
-454.5523376464844,86.204833984375,-7.799171447753906,28.686992645263672,4.258553981781006,-3.1753079891204834,-2.91243052482605,-11.810900688171387,-3.120274305343628,-5.303375720977783,-2.805619955062866,0.0843123272061348,2.558509111404419,150.52415466308594,78.50253295898438,42.78387451171875,30.376813888549805,21.291351318359375,19.878034591674805,16.408546447753906,18.35038185119629,11.894034385681152,15.641879081726074,10.899922370910645,9.833226203918457,10.96120834350586,4.2515950202941895,8.62308120727539,0.16412779850746267,0.1617507035660391,1918.1783165994013,1220.0238536740615,1585.7649652645337,560.1895102261923,3594.8507462686566,1912.510358990432,0.8152762055397034,0.9020459055900574
-454.81988525390625,99.64408111572266,6.395704746246338,31.59280014038086,-6.417390823364258,9.007898330688477,-1.5278584957122803,-5.020088195800781,2.7385454177856445,-9.68066120147705,-6.61050271987915,-5.441239833831787,-4.576634407043457,152.21273803710938,67.98513793945312,42.2409782409668,25.304214477539062,24.349374771118164,15.789977073669434,17.514455795288086,13.0263671875,14.111357688903809,14.03011417388916,12.033464431762695,9.558228492736816,11.682600975036621,14.32645034790039,16.975303649902344,0.1050414364640884,0.18093993294113714,1393.2522944575164,1283.2466559685145,1340.8252519917455,669.3928701637882,2648.1767955801106,2183.0799601456956,0.8860608339309692,1.2647439241409302
-593.1221923828125,48.458858489990234,5.7975029945373535,29.051666259765625,0.6696678996086121,8.830455780029297,-3.298217535018921,0.980869710445404,0.40571510791778564,-3.296222686767578,-2.0148885250091553,3.326159954071045,-2.679859161376953,170.069580078125,47.15869903564453,36.06513977050781,28.327646255493164,30.225736618041992,12.410699844360352,23.36581039428711,15.55238151550293,16.467140197753906,15.50964069366455,11.7110595703125,11.652327537536621,9.606010437011719,1.1749027967453003,3.176499605178833,0.11561986863711,0.1793161029513274,1553.7991520057117,1148.8352989365635,1706.8206014136667,390.6487914044905,2840.5254515599345,1918.1668143081658,0.5668128728866577,0.9814773201942444
-573.7286987304688,50.47773361206055,11.661384582519531,15.604092597961426,7.3059587478637695,8.427273750305176,5.439279556274414,-0.2220861315727234,2.45440411567688,3.2565019130706787,0.4403558075428009,7.021364688873291,3.5923447608947754,136.8592987060547,60.2542610168457,25.613943099975586,18.639638900756836,21.94333267211914,12.21143913269043,13.995942115783691,14.761529922485352,12.419249534606934,10.409880638122559,11.185379981994629,10.444039344787598,10.267329216003418,1.6414498090744019,6.062753677368164,0.11264621968616263,0.12984026048099256,1710.6322727804438,896.6627706795965,1835.896968534868,491.1487793358918,3711.2696148359487,1609.6950252270747,0.4424508213996887,0.7318966388702393
-474.03521728515625,56.06538009643555,5.252750396728516,1.6388938426971436,-13.666119575500488,1.300144910812378,-3.610853672027588,-13.63442325592041,-0.44605356454849243,-5.509538650512695,1.7626110315322876,0.13805292546749115,-7.595599174499512,195.32470703125,76.3907470703125,34.46106719970703,14.478354454040527,29.429126739501953,13.602359771728516,15.823166847229004,21.53806495666504,10.004220962524414,13.885846138000488,9.871526718139648,9.220437049865723,13.941932678222656,8.8507661819458,14.568192481994629,0.18964139344262296,0.1918825243831029,2250.3195174731254,1366.5502011752883,1826.0002929434056,627.61182569515,4273.606557377049,2215.3899355450676,0.7737230658531189,1.4032847881317139
-419.2948913574219,99.78929901123047,-10.69453239440918,17.292770385742188,-6.843084335327148,7.765127182006836,-7.1840128898620605,-6.810539245605469,-4.1532697677612305,-5.80603551864624,-3.483973741531372,-5.078972816467285,-3.1085476875305176,144.7928009033203,78.64920806884766,39.37379455566406,26.512048721313477,21.8962459564209,15.673441886901855,17.677820205688477,14.570623397827148,13.001849174499512,14.360282897949219,11.147497177124023,12.233278274536133,9.63866138458252,11.332107543945312,17.285465240478516,0.12113583138173302,0.17654884431906598,1421.3996087515147,1190.1988243069882,1309.7568534460086,578.0921419620028,2495.5503512880564,1885.2112397354667,0.8248859643936157,1.1259129047393799
-469.5157165527344,124.60533905029297,-0.6520026922225952,20.30340003967285,4.391834735870361,7.4307732582092285,-0.8835553526878357,5.557132720947266,-6.083337306976318,-1.9607291221618652,-5.9403300285339355,2.996917247772217,-6.23895263671875,185.55812072753906,89.21440887451172,37.828365325927734,24.602245330810547,21.62706184387207,18.505584716796875,17.485143661499023,13.554863929748535,16.95574188232422,13.21621322631836,12.172052383422852,11.899497032165527,12.547258377075195,6.159489631652832,8.590717315673828,0.0844264705882353,0.10954149981473187,1202.7730571764155,924.4926728124581,1279.8927383809535,649.4493524367485,2359.0588235294117,1826.747429999665,0.8162575364112854,1.236588716506958
-441.0801696777344,74.43946838378906,12.775503158569336,45.215999603271484,4.742819309234619,10.210664749145508,-20.425661087036133,-6.561689376831055,5.666939735412598,-5.263883113861084,5.1960577964782715,4.1055006980896,2.8033392429351807,157.3572998046875,80.354736328125,33.224178314208984,33.44179916381836,20.69405174255371,14.949718475341797,27.16162872314453,17.37752342224121,14.122304916381836,17.503435134887695,10.920974731445312,12.058792114257812,10.46650218963623,11.141678810119629,18.4771785736084,0.1398076923076923,0.16074756437133944,1785.7431563389773,1235.3933241722873,1568.1704055161372,488.72011718161605,3342.937062937063,1856.989504999948,0.8787073493003845,1.0811631679534912
-542.7127075195312,72.72833251953125,0.23948673903942108,22.17227554321289,-8.143115997314453,1.7361478805541992,-6.727984428405762,3.6403141021728516,-3.3306221961975098,-1.7997016906738281,-4.551520347595215,-2.935343027114868,-3.357494354248047,189.38717651367188,58.785274505615234,35.36643600463867,21.213457107543945,31.21748161315918,17.163053512573242,20.061504364013672,9.404651641845703,14.4443941116333,12.499815940856934,12.475835800170898,11.646464347839355,8.358893394470215,3.44624400138855,8.064300537109375,0.0841246290801187,0.09626121678181937,1273.2497825644245,731.9883335110687,1470.7972221284394,419.3116393786335,2482.492581602374,1395.3235867231783,0.6171345710754395,0.8923472762107849
-536.9906005859375,79.11238861083984,12.85176944732666,20.27166748046875,1.581376552581787,3.8301477432250977,5.750251770019531,6.798775672912598,1.273699164390564,1.628857135772705,-1.9845712184906006,3.217768669128418,-1.2498738765716553,174.692626953125,80.85456848144531,22.874610900878906,20.988779067993164,22.616500854492188,13.251958847045898,15.055367469787598,14.197009086608887,13.210837364196777,13.60205364227295,10.585729598999023,9.599257469177246,11.147067070007324,5.809439182281494,12.608214378356934,0.09957278481012657,0.15113565167987508,1476.2581082728314,1076.6358775679826,1595.1812003753064,542.2495993885414,2986.8354430379745,1642.4337794128714,0.5533120036125183,0.8191816806793213
-411.5698547363281,65.51727294921875,0.699682354927063,32.15097427368164,-15.644159317016602,-0.33401915431022644,-11.543542861938477,-9.498347282409668,-10.453902244567871,-5.802190780639648,-2.46557354927063,-5.007096767425537,-13.360750198364258,140.05467224121094,86.7063217163086,27.270170211791992,38.28144836425781,24.780921936035156,17.89759063720703,22.22667121887207,19.730815887451172,17.43210792541504,14.8119535446167,11.068760871887207,14.685873985290527,15.048412322998047,15.181990623474121,19.68718910217285,0.14694940476190477,0.17276235776797688,1659.19560610133,1320.2457758757191,1325.6165428437869,432.6701316792604,2856.4285714285716,1997.3140552687628,1.0014482736587524,1.198194980621338
-479.62274169921875,70.74505615234375,16.408397674560547,32.12299346923828,4.275041580200195,-6.0307769775390625,4.547617435455322,8.253417015075684,8.15512752532959,-8.848800659179688,-6.959712982177734,-3.388885974884033,4.000823974609375,177.9363555908203,105.49169158935547,32.57447052001953,30.902999877929688,31.16598892211914,27.542375564575195,16.63068199157715,18.586389541625977,14.61268424987793,20.0888729095459,14.315860748291016,15.04344654083252,9.478541374206543,5.35763692855835,8.728967666625977,0.16328817733990147,0.18298023920369774,1977.0804460105403,1440.5623413786511,1611.567723333604,620.6157588313073,3719.2118226600987,2313.822114552296,1.0087370872497559,1.8663420677185059
-545.2030029296875,60.17656326293945,0.045177578926086426,16.091602325439453,5.495005130767822,0.23492152988910675,-7.606682777404785,-13.360956192016602,-0.01483505591750145,-2.1552321910858154,-3.7604598999023438,-5.017845153808594,2.8078882694244385,142.96713256835938,57.01805877685547,31.994850158691406,23.46565055847168,18.829269409179688,13.050172805786133,17.283185958862305,21.791906356811523,12.896014213562012,11.614034652709961,10.353890419006348,13.210350036621094,9.338637351989746,2.386434555053711,6.9843573570251465,0.12912470023980815,0.12726090117485342,1726.9548857570414,972.9868066284835,1675.0507203012176,529.6324094860394,3496.978417266187,1675.148722991037,0.5981454253196716,1.027733325958252
-570.260009765625,59.54357147216797,9.450448036193848,27.042604446411133,5.259816646575928,0.6350185871124268,3.2454733848571777,0.17400699853897095,0.9665254354476929,8.657039642333984,1.7033584117889404,5.791176795959473,1.6835483312606812,150.07244873046875,62.94919967651367,32.75387954711914,25.64116096496582,20.64379119873047,20.552284240722656,14.439587593078613,13.891308784484863,12.94420051574707,13.773468971252441,9.516084671020508,7.099042892456055,8.218681335449219,2.3532586097717285,6.939311504364014,0.09977337110481586,0.1127832520979576,1692.1308107385023,817.8688087069191,1846.6378235768364,568.1516379533939,3773.484419263456,1697.4366728263603,0.639316737651825,1.328943133354187
-422.25494384765625,71.95362091064453,-5.491586208343506,28.741838455200195,-0.17466768622398376,8.287934303283691,-19.488534927368164,2.8506927490234375,-9.16929817199707,-15.344677925109863,-2.848961353302002,-11.197552680969238,-5.46773624420166,163.3060760498047,76.17200469970703,47.25265121459961,34.84782409667969,22.898996353149414,14.299671173095703,22.35000991821289,16.002071380615234,17.060625076293945,19.76068687438965,10.028812408447266,15.658095359802246,10.047037124633789,9.48684310913086,13.472047805786133,0.1594503546099291,0.20396036592600186,1983.7121787759945,1461.49719897969,1558.8706884603812,559.0716168188288,3620.709219858156,2045.5555160756742,0.9350473284721375,1.1216543912887573
-523.4491577148438,92.22534942626953,5.831191539764404,25.460603713989258,12.379698753356934,4.61775016784668,-1.8203750848770142,-2.429004430770874,1.0798836946487427,4.565792083740234,0.09845235198736191,-3.4529805183410645,5.118295669555664,181.53323364257812,92.35680389404297,29.88265609741211,23.999961853027344,22.267375946044922,16.035940170288086,14.922411918640137,15.699915885925293,10.852537155151367,12.87840461730957,10.030435562133789,10.427431106567383,10.188212394714355,4.413448333740234,8.025245666503906,0.13629783163265308,0.11175332259084783,1897.7629379078755,1106.620882621788,1719.9586987955963,736.8931832193362,3869.387755102041,2224.1333172522027,0.6864722967147827,0.9832177758216858
-562.2173461914062,62.32148742675781,1.4741747379302979,25.011449813842773,-4.7267045974731445,7.84521484375,-5.979033946990967,-12.293523788452148,3.501695394515991,-0.628638505935669,-2.0722320079803467,-2.422753095626831,4.735592842102051,141.9852752685547,54.23225402832031,39.554141998291016,24.523704528808594,27.96600341796875,16.557710647583008,20.401506423950195,22.929094314575195,14.73560619354248,12.609947204589844,12.924975395202637,10.088910102844238,10.547995567321777,1.0110877752304077,4.346365928649902,0.1450836431226766,0.1630117548619083,1877.5067812924813,1078.2977631909446,1760.145303630741,536.0101660769504,3824.089219330855,1687.1796288026364,0.8871694207191467,1.2698594331741333
-479.1953430175781,63.10554504394531,-8.709437370300293,5.351051330566406,-8.312390327453613,1.9361541271209717,-8.929290771484375,-7.7803544998168945,-6.53129243850708,-3.1960299015045166,-7.069249153137207,-4.620033264160156,-7.466826915740967,149.69412231445312,69.8608627319336,39.85828399658203,22.306867599487305,21.31629180908203,13.771982192993164,15.945938110351562,20.16771125793457,16.19959259033203,14.224737167358398,14.864099502563477,13.78508186340332,13.65453052520752,6.9519267082214355,15.250794410705566,0.15023946360153256,0.17383221513096128,1852.6439890101722,1233.1180043377806,1581.6743767427456,641.4557833931403,3433.869731800766,2120.680682644806,0.8529419898986816,1.4907466173171997
-433.924072265625,66.20292663574219,7.2249860763549805,55.592979431152344,-4.22690486907959,7.970048904418945,4.149916648864746,-4.3698248863220215,-0.03370038792490959,-7.236279487609863,-6.6791276931762695,8.205577850341797,-7.307405948638916,157.05294799804688,72.42967987060547,29.39858627319336,36.801361083984375,22.700490951538086,15.807507514953613,17.03916358947754,22.54885482788086,11.659974098205566,18.312152862548828,14.376378059387207,11.26029109954834,13.255473136901855,7.3126325607299805,11.535321235656738,0.16340845070422536,0.16579291575486899,1935.0210915928324,1173.9984018749508,1556.3637402988911,347.88300292433246,3692.281690140845,1543.6317628379554,0.8179694414138794,0.9169281721115112
-434.37322998046875,98.85923767089844,-4.0785746574401855,7.29417610168457,0.7707874178886414,6.266589641571045,-21.3743839263916,-6.603806972503662,-4.051442623138428,6.834380626678467,-8.256864547729492,-0.4142783284187317,2.326474189758301,125.51775360107422,68.43158721923828,42.98474884033203,26.314651489257812,28.872533798217773,15.897188186645508,21.880090713500977,18.253740310668945,18.96476173400879,12.794872283935547,17.904720306396484,14.479262351989746,9.760132789611816,8.293604850769043,12.982795715332031,0.14241263440860213,0.15681829693741167,1686.6661020758438,1210.575355179657,1480.141144034978,628.6485335524222,3024.4086021505377,2068.251020707396,0.8670762777328491,1.00765061378479
-473.2654113769531,82.0542984008789,15.555567741394043,22.53158187866211,11.631452560424805,3.3568973541259766,-5.975150108337402,-15.707588195800781,-2.825963020324707,-11.022269248962402,-1.2437275648117065,-7.970536708831787,0.732586145401001,142.51519775390625,59.93267822265625,28.27939796447754,23.739389419555664,20.899553298950195,13.495522499084473,19.420883178710938,24.389694213867188,14.602893829345703,19.74750328063965,11.259589195251465,11.728395462036133,9.251415252685547,10.256056785583496,19.31653594970703,0.09727707006369428,0.12268051037994691,1547.9018865423022,1005.7620274901867,1725.6475560284252,623.9373098586414,3365.732484076433,1977.4068471771952,0.6255093812942505,0.8620172142982483
-395.6799621582031,109.49952697753906,-0.8044483065605164,27.371374130249023,10.050533294677734,4.390659332275391,-13.000777244567871,-13.722967147827148,-17.08930206298828,-2.48187518119812,-9.45468807220459,-4.430198669433594,-11.605103492736816,109.791748046875,64.10778045654297,37.43686294555664,25.819791793823242,21.5718994140625,17.266382217407227,15.421013832092285,19.67169189453125,15.992992401123047,16.495643615722656,10.884490013122559,11.841911315917969,12.993215560913086,12.741053581237793,15.206974029541016,0.12606060606060604,0.1467025714670795,1398.8999930336793,1111.6360922992988,1276.3176190482773,531.409298043442,2465.185185185185,1893.7903264942722,0.9189296960830688,0.8564406037330627
-572.3307495117188,51.50614547729492,1.2825862169265747,21.997661590576172,10.123769760131836,9.843188285827637,4.132240295410156,-1.1637734174728394,2.6177120208740234,2.7704014778137207,-0.7605559825897217,-2.2066023349761963,-1.928222417831421,161.0108184814453,50.0572395324707,40.578765869140625,17.92173194885254,13.38368034362793,11.115936279296875,13.28403377532959,18.54102897644043,12.653790473937988,11.511754989624023,6.940953254699707,8.116195678710938,7.0193095207214355,3.0449962615966797,8.497674942016602,0.08698248407643312,0.1236049175745303,1250.3048593374715,887.2542339359503,1497.4535539562103,366.12411256259935,2155.923566878981,1688.137312695465,0.48361730575561523,1.0063128471374512
-530.7239990234375,73.51373291015625,-7.390539169311523,28.6748104095459,4.707212448120117,6.660871982574463,1.6351346969604492,-12.224937438964844,-2.015791416168213,-0.27245843410491943,0.2703925669193268,-7.355905055999756,-0.6302167773246765,158.20501708984375,51.251708984375,35.69971466064453,23.821422576904297,20.09941291809082,13.414628028869629,13.111238479614258,23.784326553344727,14.601455688476562,13.872001647949219,10.921513557434082,11.084487915039062,11.054378509521484,5.921981334686279,11.429864883422852,0.14460526315789474,0.08657576031968041,1544.8299258508848,645.353993931651,1391.854057858445,371.21035874449115,2965.3947368421054,1279.2338792679923,0.5453622937202454,0.779269814491272
-494.9279479980469,72.29801940917969,14.290682792663574,16.9382381439209,5.0668182373046875,10.336003303527832,-2.480055093765259,7.421604156494141,-5.780660152435303,5.980803489685059,-4.345417022705078,7.213974952697754,-3.532099962234497,158.2429656982422,72.13444519042969,22.68807029724121,18.084108352661133,16.537633895874023,13.083395004272461,20.672998428344727,12.882597923278809,17.511022567749023,15.125099182128906,13.10212516784668,7.986170768737793,10.70304012298584,5.376451015472412,12.542716026306152,0.14284507042253522,0.1839228365365294,1584.7165905835166,1283.0917365810044,1401.1076723126012,415.203288565571,2768.56338028169,1879.4589926725907,0.6321312189102173,0.9253892302513123
-411.5112609863281,126.89140319824219,19.018674850463867,42.993526458740234,13.672805786132812,4.454452991485596,-6.385159492492676,-0.6357184052467346,-12.996623039245605,4.630547046661377,-3.9602949619293213,4.536132335662842,6.372573375701904,124.7867660522461,86.25885009765625,33.685726165771484,28.817045211791992,22.89917755126953,18.38194465637207,18.38773536682129,16.384859085083008,18.94562530517578,13.88205337524414,12.557297706604004,12.089723587036133,13.060575485229492,10.304525375366211,13.009543418884277,0.0987418655097614,0.12126598811776178,1262.0785971107578,1080.7955780531613,1255.262263826742,588.8171869379928,2337.960954446855,1909.7957797587517,0.8598812222480774,0.8000147342681885
-415.6990661621094,90.25054931640625,-13.176896095275879,22.402456283569336,3.6308822631835938,-2.398103713989258,-3.0443596839904785,-9.967405319213867,-3.6942193508148193,-8.608868598937988,-1.5346331596374512,-1.6307646036148071,-3.271801233291626,137.5967559814453,68.41666412353516,35.15298843383789,26.165172576904297,16.86620330810547,18.616973876953125,14.6317720413208,15.833391189575195,13.047221183776855,15.327203750610352,10.710000038146973,11.153846740722656,12.713207244873047,8.339631080627441,14.302785873413086,0.14227386934673367,0.14029607644525444,1649.916698910606,1043.885931415207,1453.0592086495265,470.9668537922826,3031.5577889447236,1615.5752854453563,0.8932059407234192,1.0250394344329834
-435.3363952636719,127.65553283691406,-20.631397247314453,26.057775497436523,4.835399627685547,-0.5668678283691406,7.126416206359863,-8.057982444763184,-18.066905975341797,9.872061729431152,3.346017360687256,-1.3606795072555542,-8.256601333618164,140.15090942382812,78.46382141113281,45.85544967651367,28.483863830566406,17.404491424560547,20.18750762939453,21.62999725341797,17.724088668823242,15.97607707977295,20.533279418945312,14.87157154083252,11.544087409973145,10.88784122467041,5.353804111480713,8.436602592468262,0.14661764705882352,0.16797239030348882,1574.6743183650885,1171.153714353724,1308.0873209865863,570.4755056904451,2889.607843137255,1837.1188662048887,1.0229017734527588,1.501713752746582
-420.7264099121094,97.97006225585938,7.185565948486328,40.85847854614258,13.117022514343262,14.561604499816895,-0.011516734026372433,-16.28154945373535,2.797769784927368,-6.040329933166504,-3.170041084289551,8.76298999786377,-1.828055500984192,125.30815124511719,84.26114654541016,31.048564910888672,32.100685119628906,21.310510635375977,23.128141403198242,18.450469970703125,20.682960510253906,13.893253326416016,13.242430686950684,15.2465181350708,11.454683303833008,13.195964813232422,6.646509170532227,10.88264274597168,0.1379471032745592,0.16271770450110132,1608.8355524114615,1239.4635973912061,1429.0617523066358,501.63275438472573,2901.964735516373,1878.2791761992735,0.9198042154312134,0.8930305242538452
-509.38787841796875,79.83424377441406,11.757894515991211,22.456321716308594,0.24542661011219025,13.730338096618652,-1.422451376914978,-4.919057369232178,4.128492832183838,4.891480445861816,-3.0012710094451904,9.962117195129395,1.8845956325531006,152.37039184570312,70.86972045898438,33.464683532714844,23.712966918945312,23.437192916870117,19.037647247314453,17.403186798095703,18.768770217895508,11.295145988464355,14.445412635803223,10.854089736938477,10.252406120300293,12.915881156921387,2.8510537147521973,8.770977020263672,0.12445682451253484,0.13265324958751662,1615.5760616568612,1103.7412769784316,1523.4808771032576,471.49629712744206,3033.760445682451,1747.3886791711864,0.8253840208053589,1.0697513818740845
-580.5685424804688,66.44085693359375,22.001134872436523,30.63734245300293,13.65943431854248,11.155156135559082,10.700451850891113,-4.972177505493164,2.488642454147339,0.07641901075839996,-1.6892191171646118,6.513688564300537,0.19496838748455048,166.50335693359375,67.09661102294922,20.868301391601562,24.463886260986328,15.118539810180664,16.506210327148438,12.527542114257812,23.082693099975586,11.736628532409668,12.624464988708496,13.679364204406738,9.241511344909668,8.877304077148438,3.2125186920166016,7.401820182800293,0.07107361963190184,0.095744367165664,1513.9745926661665,850.2707617794376,1846.8648028612852,542.4628109004184,3566.2576687116566,1699.6470531807408,0.5071420669555664,0.8621708154678345
-539.5669555664062,74.56780242919922,20.13032341003418,31.575658798217773,17.058549880981445,10.477128028869629,-3.9823966026306152,-1.1695094108581543,2.27272367477417,4.569369792938232,3.0518319606781006,3.406841516494751,4.874547958374023,152.1201629638672,67.70813751220703,27.563617706298828,24.515308380126953,17.435131072998047,16.936573028564453,20.295347213745117,15.705015182495117,14.1240816116333,11.661284446716309,10.618694305419922,10.207629203796387,9.12833023071289,4.2189202308654785,11.195674896240234,0.11732258064516131,0.13741173403827195,1647.6662942413066,1012.300616094768,1717.2607849017586,535.100698161177,3425.1612903225805,1773.2031722604336,0.6389548778533936,0.9458639621734619
-469.2724304199219,87.05408477783203,14.448749542236328,32.19211959838867,7.118192195892334,8.235801696777344,0.7743810415267944,-4.293831825256348,0.368556946516037,-5.289907932281494,6.113622665405273,3.761850118637085,1.6624399423599243,144.84901428222656,76.18875885009766,31.979339599609375,33.46651840209961,22.272905349731445,14.320712089538574,14.934295654296875,17.74705696105957,12.602043151855469,16.52573585510254,12.452345848083496,9.450857162475586,10.652515411376953,5.049747467041016,11.261034965515137,0.11022380952380954,0.1368027252052486,1530.3421471764063,1083.573908969916,1554.7586684616376,565.2946692293444,3044.495238095238,1877.300083193488,0.7741045951843262,1.0994840860366821
-405.15185546875,104.03782653808594,0.5240170955657959,30.883686065673828,-2.909060478210449,6.757262229919434,-7.111850261688232,-3.5349113941192627,-5.30381965637207,-9.439789772033691,-1.3114280700683594,-6.362960338592529,-3.311508893966675,142.40811157226562,72.76054382324219,43.88590621948242,32.02326202392578,23.69825553894043,15.761191368103027,19.660747528076172,16.427515029907227,13.714223861694336,16.00264549255371,13.032108306884766,12.679472923278809,11.628764152526855,12.365838050842285,13.981980323791504,0.10042821158690175,0.13756967279023624,1448.9462280533526,1115.498765959713,1386.1796127873688,584.5908056272532,2791.83879093199,1894.1888846381448,0.9016158580780029,1.0649325847625732
-531.2431030273438,66.13832092285156,8.02608585357666,31.126609802246094,1.9463582038879395,8.747944831848145,9.028870582580566,-0.36570122838020325,5.027061462402344,-2.9810681343078613,2.5231974124908447,2.9736175537109375,2.3241028785705566,166.6151123046875,66.28279876708984,31.88266944885254,25.490047454833984,21.06289291381836,13.617755889892578,14.501249313354492,18.76278305053711,13.062594413757324,15.107012748718262,10.483635902404785,11.48278522491455,11.639046669006348,2.1645822525024414,4.926326751708984,0.14323008849557523,0.13887108634523615,1926.3683703916163,1019.9327914843271,1773.9837608350028,424.80290985379065,3907.3746312684366,1502.6917474884851,0.8601885437965393,1.205284595489502
-415.34454345703125,112.8154525756836,-1.5375325679779053,13.909635543823242,8.580373764038086,3.634911298751831,-0.6517754793167114,-14.795025825500488,-10.238978385925293,-8.094842910766602,-0.4455017149448395,-5.938994407653809,-9.64215087890625,119.48530578613281,61.425968170166016,35.96904373168945,25.721370697021484,24.93846321105957,15.27949333190918,11.985738754272461,17.29006576538086,18.21572494506836,14.833545684814453,12.382822036743164,11.100329399108887,13.772436141967773,13.992088317871094,19.426420211791992,0.12053448275862068,0.14284160090418474,1378.0825819837653,1031.001014476319,1398.7784514264436,554.6885675458346,2524.4137931034484,1945.4469837819538,0.9159554243087769,1.0573018789291382
-521.9175415039062,93.80374908447266,1.7276471853256226,29.094871520996094,10.247735977172852,7.268256664276123,-3.787135601043701,0.2359210103750229,-2.2801904678344727,7.629887580871582,-3.011582851409912,-1.1987626552581787,3.4415998458862305,181.7447052001953,92.03108978271484,29.328067779541016,24.629594802856445,22.164535522460938,16.829227447509766,16.481945037841797,14.720049858093262,11.92386531829834,13.642191886901855,10.860428810119629,10.539947509765625,11.167950630187988,4.404881000518799,7.985187530517578,0.09506713554987213,0.11726136307544592,1323.5871655930018,931.8459300749562,1434.1840715794042,562.1052038930832,2569.156010230179,1679.2337960811822,0.658875048160553,0.9398307800292969
-493.7016906738281,75.02599334716797,3.631627321243286,21.095685958862305,-1.4467682838439941,-7.620270729064941,-11.648805618286133,-9.02512264251709,-10.828317642211914,-7.1152472496032715,-5.720772743225098,-2.873638153076172,-11.953714370727539,153.7274169921875,59.409080505371094,32.46654510498047,25.58523941040039,21.863052368164062,18.134977340698242,19.863243103027344,17.85144805908203,16.299394607543945,13.153446197509766,11.999589920043945,11.750469207763672,13.360282897949219,4.205198287963867,6.7997517585754395,0.09617965367965368,0.12605438073325562,1576.3998950123298,1018.8725923973556,1633.8603556640255,601.3078155007983,3197.5757575757575,1961.6498957573592,1.1488382816314697,1.6135998964309692
-481.9100341796875,84.89557647705078,-10.215237617492676,16.085094451904297,-4.962902545928955,5.5489068031311035,-12.033442497253418,-5.166709899902344,-6.7394633293151855,-5.891595840454102,-2.8104629516601562,-9.900043487548828,-0.4192321002483368,159.03001403808594,51.488739013671875,43.234615325927734,27.09597396850586,29.471630096435547,12.491229057312012,20.585683822631836,15.279348373413086,15.572754859924316,12.289973258972168,11.919198036193848,13.80799674987793,8.575213432312012,5.295450210571289,9.778862953186035,0.09393122676579925,0.0791664633122191,1493.8697607455508,736.3101895133915,1562.1976904540277,617.8874581415431,3099.182156133829,1757.3943834164693,0.870200514793396,1.2397969961166382
-511.00482177734375,60.689937591552734,14.7924165725708,33.2625617980957,3.2210004329681396,11.711883544921875,-5.696468830108643,-5.559248924255371,5.768713474273682,-0.14191937446594238,4.150641441345215,6.87623929977417,2.1772661209106445,158.93711853027344,79.94816589355469,24.300172805786133,25.39879608154297,26.247072219848633,18.019729614257812,17.41420555114746,17.708938598632812,11.648039817810059,14.061234474182129,9.283199310302734,9.877447128295898,11.515228271484375,9.474794387817383,18.09088897705078,0.15508064516129036,0.1428043117463447,2032.999414559473,1088.86577010581,1729.1296555266401,548.1795411768611,3845.3763440860216,1783.5560462719097,0.6768041849136353,1.0218018293380737
-522.0316772460938,75.36502075195312,23.770751953125,16.746126174926758,4.698849678039551,8.49923038482666,2.8974552154541016,-1.6087660789489746,2.9295620918273926,-15.370386123657227,1.7862402200698853,-2.246885299682617,-3.263718843460083,181.15451049804688,66.4052963256836,20.07497787475586,24.851381301879883,26.894926071166992,18.858400344848633,16.38050079345703,19.499563217163086,15.869208335876465,26.136436462402344,11.279871940612793,13.001798629760742,10.485902786254883,6.7163591384887695,10.218923568725586,0.09442129629629631,0.16041273677779405,1551.0866299747063,1111.494022239176,1766.0066935351797,505.13187768476126,3294.814814814815,1882.5246451987077,0.6403788328170776,0.9448205828666687
-549.9957275390625,59.468814849853516,15.394464492797852,28.136478424072266,6.7956390380859375,5.938447952270508,-2.6115798950195312,3.247627019882202,-2.6662893295288086,2.7977068424224854,-3.099228858947754,0.40369758009910583,-2.0350704193115234,159.05892944335938,60.25417709350586,29.41122817993164,23.735429763793945,16.97216033935547,16.73782730102539,17.627582550048828,14.804821014404297,13.753594398498535,11.887707710266113,11.136394500732422,11.426668167114258,8.566356658935547,2.943350315093994,9.055102348327637,0.09577898550724638,0.13254811839036373,1355.682986804724,1069.4633855070572,1550.6173292294484,525.0395770583625,2625.3623188405795,1922.2662347918174,0.634705126285553,1.111072063446045
-518.5721435546875,63.38229751586914,-9.341270446777344,14.378276824951172,-5.91579008102417,7.207897186279297,-5.450716495513916,-1.7580814361572266,-0.8533291816711426,-4.847410202026367,1.41190505027771,-4.402371406555176,-1.1445746421813965,188.5620880126953,51.25221633911133,47.36850357055664,19.033748626708984,33.288475036621094,14.028650283813477,20.863636016845703,14.722906112670898,11.832250595092773,12.633752822875977,12.180331230163574,14.340821266174316,8.639636039733887,4.863776206970215,9.520746231079102,0.14055253623188407,0.16332562819992721,1892.0846328398861,1101.1083588947868,1767.7675571836987,577.5102548052628,3798.695652173913,1824.7806404149705,0.748823344707489,1.0937203168869019
-472.20556640625,83.31682586669922,4.7685041427612305,30.763681411743164,10.676380157470703,5.9183502197265625,-1.6340957880020142,2.0705678462982178,0.1466968059539795,-4.353878498077393,-2.7067997455596924,5.295444011688232,-1.1522488594055176,156.0968017578125,75.5346908569336,31.718385696411133,29.4495906829834,24.68637466430664,18.300460815429688,16.014928817749023,13.746247291564941,12.528392791748047,13.898999214172363,12.920905113220215,11.358792304992676,12.563974380493164,5.196544647216797,12.427703857421875,0.13324675324675325,0.14436089276389386,1769.435884419077,1079.5377172956253,1635.4219601196453,571.6093251699489,3494.5454545454545,1774.0748790581847,0.7737900614738464,0.9917832016944885
-514.5123901367188,81.4875259399414,12.288494110107422,26.848573684692383,2.940803050994873,4.402299404144287,-6.71246337890625,-11.588397979736328,-2.289663076400757,-7.097910404205322,4.5527167320251465,-4.7828874588012695,-2.366793394088745,157.1675567626953,64.4035873413086,31.69847869873047,26.302194595336914,25.942428588867188,15.06993293762207,18.77730941772461,20.61577033996582,12.922928810119629,14.503974914550781,9.781549453735352,13.512944221496582,8.831348419189453,4.650728225708008,10.160629272460938,0.1107033426183844,0.12032617180455331,1666.637448669043,921.9352134820783,1713.1568702721597,619.3575034230046,3566.239554317549,1804.9949447057109,0.6205284595489502,0.8724729418754578
-424.3304748535156,129.2894744873047,-1.558260440826416,23.861242294311523,14.55140209197998,-0.9125803112983704,10.471104621887207,-14.442546844482422,8.074966430664062,1.3808956146240234,-5.195216655731201,4.1502461433410645,-5.005817890167236,156.96282958984375,73.71283721923828,34.815399169921875,26.671249389648438,18.9785213470459,21.081680297851562,15.671483993530273,20.418886184692383,14.062949180603027,13.943402290344238,11.67539119720459,9.029318809509277,9.47497272491455,7.966582775115967,10.303961753845215,0.08298034934497817,0.08494243263975934,1208.190908644972,772.2890413963993,1345.2407451609154,503.96744796873764,2394.235807860262,1554.4391865136845,0.8452581167221069,0.93443763256073
-507.84100341796875,78.25263977050781,15.004609107971191,19.32927894592285,-4.3645830154418945,8.203868865966797,-0.7393152713775635,0.0790829136967659,-9.08722972869873,-2.675349473953247,-6.869829177856445,4.3512282371521,-6.887338638305664,175.72000122070312,57.150455474853516,29.003658294677734,23.679889678955078,22.495973587036133,15.391121864318848,21.623186111450195,15.073088645935059,14.6571683883667,10.503569602966309,13.98837661743164,10.239521980285645,12.153962135314941,5.035817623138428,10.803889274597168,0.1369166666666667,0.17962501449779575,1792.941454492298,1178.0767442592755,1714.5687690809873,489.5861274093494,3652.0,1722.9994518603628,0.7674552202224731,1.1798880100250244
-498.4427490234375,90.13455200195312,5.754640102386475,34.35527420043945,8.053593635559082,5.171071529388428,-4.211036205291748,-4.067366600036621,-5.142539024353027,5.692685127258301,-5.083579063415527,-3.2208127975463867,1.8927233219146729,165.76925659179688,88.02041625976562,30.027563095092773,31.834651947021484,23.32472038269043,17.69083595275879,15.812822341918945,15.655542373657227,14.501531600952148,11.917153358459473,9.737597465515137,9.382509231567383,9.609015464782715,6.046201705932617,11.748786926269531,0.11203333333333332,0.14859243181821474,1381.9114915173377,1123.000134612365,1319.7178125613746,506.41604424769577,2544.6857142857143,1702.236552943471,0.6723789572715759,0.9748555421829224
-404.4325256347656,84.32636260986328,13.802770614624023,47.77959060668945,10.344812393188477,13.052282333374023,-9.630711555480957,1.8523058891296387,1.8503836393356323,-6.581347465515137,2.986387014389038,-13.883649826049805,-9.901960372924805,162.96987915039062,66.2127914428711,34.60429763793945,32.17034149169922,22.654701232910156,12.937572479248047,22.363788604736328,14.065979957580566,17.426822662353516,19.012720108032227,10.506856918334961,16.24289894104004,16.202524185180664,8.717720985412598,11.28353214263916,0.10124277456647399,0.16413519740088595,1388.0217301721277,1242.082172865803,1415.9242334262037,356.1758593604611,2500.115606936416,1821.4781485361204,1.053485631942749,1.5290359258651733
-474.92718505859375,80.15438079833984,17.29305076599121,45.99209976196289,10.342145919799805,8.149025917053223,2.313535213470459,-9.230388641357422,0.9821999073028564,-1.61930513381958,3.297830581665039,3.3188629150390625,0.5877895951271057,168.0417022705078,75.74285125732422,31.488723754882812,34.32505798339844,19.201948165893555,17.472074508666992,15.875234603881836,21.73493766784668,10.88645076751709,14.821229934692383,8.996620178222656,9.607198715209961,9.532586097717285,6.743748664855957,12.13259220123291,0.11156947890818858,0.15202521221122312,1574.3704503064787,1137.5416877330683,1565.4401467001983,496.475998575848,3092.9032258064517,1729.6320577368137,0.8988165855407715,1.264542579650879
-468.8556213378906,86.9709701538086,13.111608505249023,32.88367462158203,10.406244277954102,6.247520446777344,0.9293006658554077,4.145183086395264,-4.511833190917969,4.749831199645996,-3.7173447608947754,8.489665985107422,-6.799254417419434,180.89111328125,63.93516159057617,28.002727508544922,27.42461395263672,16.937997817993164,16.774335861206055,13.764899253845215,15.839390754699707,16.452960968017578,13.347375869750977,11.825835227966309,10.942662239074707,11.33937931060791,6.776543617248535,11.639067649841309,0.09658179012345679,0.12479236560815493,1520.1782862241032,961.7144894609112,1640.7395659869896,496.8228561070599,3245.925925925926,1714.2811744665212,0.7662098407745361,1.0646088123321533
-453.5427551269531,86.6478271484375,1.165473461151123,45.41395950317383,-2.970081090927124,13.579291343688965,-6.054621696472168,-2.484534740447998,4.468112945556641,4.652190685272217,-2.6710071563720703,4.67756986618042,-1.8469947576522827,166.49156188964844,61.3498420715332,33.49488830566406,31.58348274230957,24.12845230102539,15.522019386291504,16.427425384521484,17.374967575073242,13.40933609008789,12.395111083984375,10.463028907775879,12.298072814941406,9.060548782348633,4.288604736328125,8.268606185913086,0.1315410052910053,0.1348671315029572,1618.194938132343,1002.2799919186564,1485.816530655505,410.74035679974793,3177.354497354497,1580.4531485478797,0.7806491851806641,0.8771374225616455
-620.2398071289062,68.2740707397461,4.280527591705322,21.937822341918945,8.251326560974121,13.183770179748535,3.4973974227905273,-1.6662770509719849,-2.1359074115753174,2.1666882038116455,-0.1908906251192093,-4.626655578613281,-1.6839962005615234,174.02276611328125,47.96936798095703,37.16554641723633,17.384063720703125,14.806611061096191,10.567418098449707,14.988513946533203,20.97679328918457,14.579984664916992,8.811339378356934,8.206793785095215,10.80099868774414,7.17354679107666,1.215896487236023,4.110232830047607,0.08789583333333333,0.05779813635379796,1624.0290058568512,557.9330852867022,1806.046997813755,455.5526467132393,3714.6666666666665,1302.5045958545493,0.5305267572402954,1.1259874105453491
-481.10443115234375,62.608848571777344,16.08526039123535,15.109234809875488,-3.5232114791870117,5.064051628112793,2.339369773864746,-6.796422004699707,0.16945476830005646,-13.009943008422852,3.0799739360809326,-2.633962631225586,0.9907289743423462,149.56011962890625,69.02985382080078,27.229175567626953,25.548192977905273,23.49427032470703,15.485095977783203,15.781524658203125,22.156251907348633,13.840622901916504,18.717695236206055,10.495389938354492,14.71401596069336,10.007650375366211,3.9310383796691895,7.460109233856201,0.16448151950718684,0.20115305620315016,1953.4149519576051,1375.8891949917293,1741.0722526807106,438.1810627337997,3659.876796714579,1999.763226543003,0.7704352736473083,1.0591979026794434
-474.67138671875,72.39602661132812,3.920794725418091,34.3584098815918,8.350120544433594,5.675353050231934,-2.2223591804504395,-4.842982769012451,5.3199462890625,1.4845749139785767,-1.2768464088439941,1.9522802829742432,0.6605162024497986,151.92640686035156,53.107147216796875,33.29214859008789,29.545963287353516,16.377605438232422,15.631783485412598,14.937954902648926,19.6716251373291,11.53759765625,12.85007095336914,11.765374183654785,8.597841262817383,8.840392112731934,4.90812873840332,12.320426940917969,0.14943396226415093,0.12467013851664553,1963.3394190046556,878.919751784245,1826.156433253299,458.21662090172623,4078.1132075471696,1451.8351734380353,0.7445570230484009,0.9310076236724854
-419.8538818359375,90.81866455078125,-12.364645004272461,48.99628448486328,6.724001407623291,-8.634330749511719,1.288804054260254,-11.229181289672852,-3.2030205726623535,-5.238354206085205,-8.878724098205566,-2.721118211746216,-6.813635349273682,138.4861602783203,77.4893569946289,41.11323928833008,35.968868255615234,17.4652042388916,24.247886657714844,16.995031356811523,21.20507049560547,13.047733306884766,15.826936721801758,14.00259017944336,10.446491241455078,14.7516450881958,5.987773895263672,8.997817993164062,0.1515456674473068,0.1653405035268785,1754.255503425501,1196.6659264521763,1441.1058028505065,461.358723531645,3269.03981264637,1719.8321811839755,0.8795248866081238,0.9933741092681885
-488.67315673828125,63.87939453125,2.9210522174835205,13.692124366760254,-7.287195205688477,2.9587106704711914,-8.821763038635254,-2.451134443283081,-2.790435314178467,-3.855808973312378,-2.9832355976104736,1.2515761852264404,0.4609816074371338,137.80824279785156,52.52641296386719,31.865209579467773,22.82490348815918,33.551422119140625,16.879838943481445,19.662729263305664,18.984933853149414,14.81131649017334,13.213101387023926,12.518695831298828,12.972393035888672,9.997590065002441,4.322843551635742,11.67646312713623,0.14230314960629922,0.16450153559519465,1790.277149419382,1113.6203697977346,1696.532744184777,529.0394123539443,3458.6876640419946,1854.4914222650502,0.766311764717102,0.9589426517486572
-511.4812927246094,72.39567565917969,3.6489832401275635,28.265453338623047,0.39699286222457886,-1.0535141229629517,-11.686394691467285,5.686261177062988,-9.533708572387695,1.3950589895248413,-4.783443450927734,-6.752880573272705,-3.0530917644500732,169.93283081054688,64.81803131103516,32.384254455566406,26.85300636291504,21.82382583618164,16.872753143310547,22.38652801513672,13.062625885009766,16.352792739868164,11.584972381591797,11.311596870422363,13.653266906738281,10.29562759399414,7.798685550689697,14.07083511352539,0.09632165605095541,0.131519645825336,1398.2849599739372,1024.0068887090827,1516.9765232858292,599.0543773066786,2893.375796178344,1765.922127583224,0.8607097864151001,1.4537954330444336
-436.38836669921875,71.81620025634766,1.1430929899215698,23.530517578125,-3.423889636993408,-4.700057506561279,-10.041769981384277,-4.061312198638916,-7.3045806884765625,-6.767727851867676,1.9709511995315552,-0.69739830493927,-0.4177286624908447,138.8277587890625,72.63490295410156,45.64094161987305,32.23085021972656,26.656423568725586,17.97797203063965,20.121938705444336,16.511531829833984,16.990833282470703,15.598821640014648,12.669508934020996,16.46540069580078,11.706993103027344,4.55302095413208,7.940850257873535,0.2036088709677419,0.22500208386565348,2149.3570095102064,1601.0711948356875,1583.1804239470353,554.7497194979935,3707.9032258064517,2189.5180181777628,0.9483796954154968,1.002355694770813
-430.5500183105469,86.91996002197266,8.554140090942383,27.895130157470703,6.320187568664551,17.90237045288086,-5.511325359344482,-5.9241485595703125,3.195469617843628,-6.57128381729126,-0.7027041912078857,-5.242675304412842,-9.221837043762207,133.98866271972656,91.72348022460938,34.74330520629883,32.96050262451172,29.531461715698242,16.667728424072266,18.67572784423828,20.09307098388672,14.874871253967285,17.624197006225586,12.635687828063965,12.270736694335938,11.957693099975586,5.028475761413574,8.681924819946289,0.14326558265582656,0.1857424125745021,1751.8355332451208,1492.428924042424,1459.70613358133,587.0906019361494,3142.6558265582657,2301.4496417172286,0.9242381453514099,1.0141915082931519
-481.87353515625,91.59516906738281,17.634408950805664,29.63195037841797,-19.752370834350586,-4.476677894592285,-20.540050506591797,-21.674558639526367,-21.621530532836914,-13.998825073242188,-4.8344221115112305,-2.322368621826172,-4.900191783905029,124.46411895751953,86.1180648803711,45.467247009277344,51.21571731567383,39.291751861572266,28.277341842651367,20.6519832611084,21.821428298950195,18.582027435302734,16.48393440246582,12.09269905090332,15.037322998046875,10.971002578735352,14.161321640014648,16.093969345092773,0.1543514150943396,0.1908795069598693,1446.133477517409,1492.0767689245754,997.1110501979282,663.5314909038091,2245.0943396226417,2233.213373646171,0.932706356048584,1.1936322450637817
-427.9516296386719,47.940242767333984,-12.961408615112305,51.441551208496094,-32.422813415527344,-6.246286869049072,-21.597055435180664,-18.699630737304688,-12.203216552734375,-13.170894622802734,0.3059905767440796,-11.901460647583008,-2.5205891132354736,154.3475341796875,77.31298065185547,57.17607498168945,41.88885498046875,30.865203857421875,16.393688201904297,17.995914459228516,19.963958740234375,17.75038719177246,11.021794319152832,11.15217399597168,13.370390892028809,7.011501312255859,13.671441078186035,16.895315170288086,0.19916184971098264,0.1604550693995068,2218.9719379401363,1303.7928555452659,1505.4196285350522,534.8566589011873,3731.3294797687863,1954.2823797411625,0.9288512468338013,1.0420832633972168
-432.4908447265625,64.52139282226562,-20.081186294555664,13.986793518066406,-17.221956253051758,-4.146108627319336,-11.262487411499023,-2.401355266571045,-7.7572479248046875,-10.382920265197754,0.6538335084915161,-1.9945324659347534,-4.051935195922852,151.5218963623047,53.346832275390625,41.82862091064453,24.341012954711914,30.763427734375,14.401424407958984,19.966014862060547,11.06418228149414,13.792454719543457,10.948394775390625,11.007684707641602,12.542052268981934,8.957535743713379,6.732727527618408,11.326027870178223,0.18168382352941176,0.19066007448605407,2073.524052003018,1303.5722905107352,1605.7522066425213,587.3388933138312,3792.235294117647,1977.8290989457803,0.9445086121559143,1.1810978651046753
-413.1521301269531,112.68812561035156,-7.914737224578857,25.084346771240234,-8.657052040100098,-7.980826377868652,-4.129833221435547,-6.901059150695801,-2.9101200103759766,-5.095573902130127,-7.668124675750732,-2.717055082321167,-2.139119863510132,137.3679962158203,66.44329833984375,33.37957000732422,27.8115177154541,22.942352294921875,19.943721771240234,15.734627723693848,15.224750518798828,14.02806282043457,13.512688636779785,11.627921104431152,14.715767860412598,9.793994903564453,6.190877437591553,9.388564109802246,0.11759977827050996,0.13218451132114634,1479.9087980557817,1033.2492331967048,1410.2084788205862,567.0587658545113,2789.356984478936,1900.385836378375,0.8792834281921387,0.9680271148681641
-473.9991455078125,59.216697692871094,-16.239688873291016,26.865999221801758,-21.87575340270996,-3.143684148788452,-22.68788719177246,-17.48674964904785,-4.601407051086426,-7.818680763244629,-0.5434015989303589,-13.909035682678223,5.111641883850098,170.9151611328125,58.45474624633789,48.28725814819336,35.27594757080078,33.58744430541992,24.363441467285156,25.269407272338867,23.03145980834961,15.531329154968262,12.120515823364258,12.170757293701172,18.176156997680664,10.693164825439453,11.030374526977539,16.671066284179688,0.2034861111111111,0.1774777954073532,2307.3054177526715,1394.1733794735503,1584.9936942251904,524.9823001131306,4032.222222222222,1926.2587675351858,1.081093668937683,1.571181297302246
-415.9067687988281,85.39745330810547,-39.4560546875,45.51126480102539,-33.99098587036133,-8.45978832244873,-21.81548500061035,-12.121383666992188,-2.049377202987671,-15.059252738952637,-2.70357608795166,-7.131139278411865,-7.199191570281982,172.39602661132812,64.82320404052734,53.08214569091797,33.70188522338867,31.08631134033203,22.91948699951172,17.018310546875,15.584049224853516,14.208861351013184,14.74860954284668,11.431641578674316,11.009760856628418,10.534420013427734,15.053949356079102,16.828340530395508,0.1232638888888889,0.11438060770169861,1517.2264106206965,929.5954289740866,1202.098106938514,563.6276730163883,2749.5555555555557,1657.5020771638478,0.9376818537712097,1.355055332183838
-439.09576416015625,103.10868835449219,-6.16327428817749,46.542625427246094,-8.972748756408691,-16.265090942382812,-19.914640426635742,-27.463712692260742,-3.91487455368042,-14.36001205444336,-1.1718981266021729,-2.798236608505249,-1.0553373098373413,142.58340454101562,66.13263702392578,50.44035720825195,51.08694076538086,34.049041748046875,22.001171112060547,21.513771057128906,26.575973510742188,14.26548957824707,15.178550720214844,9.470928192138672,10.661030769348145,8.308887481689453,14.316061973571777,15.114668846130371,0.10556712962962964,0.09256002248342068,1461.9100766882464,1037.036537492496,1343.036213138417,651.7574423008521,2810.185185185185,2022.9113515121755,0.8958860039710999,1.252541184425354
-382.0850830078125,78.51226043701172,11.17141342163086,49.183616638183594,3.901782274246216,5.9533610343933105,-5.180376052856445,-3.9802567958831787,4.092229843139648,1.6545439958572388,-0.40930843353271484,-3.920788049697876,1.4732807874679565,145.18728637695312,62.316471099853516,23.57349395751953,34.742252349853516,20.854639053344727,13.655941009521484,15.03884506225586,14.667644500732422,13.47143268585205,15.102880477905273,13.626097679138184,9.693690299987793,7.495026111602783,12.58869743347168,18.41628074645996,0.13531437125748502,0.1283299509873399,1756.7678840893134,937.6640247479147,1667.300178951595,367.7805545821241,3534.131736526946,1573.998777099321,0.755435585975647,0.841062605381012
-497.287353515625,79.9888687133789,-23.404754638671875,27.08863639831543,-4.762723922729492,-4.250479698181152,-5.681066036224365,-7.676958084106445,-0.4243165850639343,-9.015753746032715,-4.734742641448975,-9.061782836914062,-2.9593265056610107,181.24107360839844,56.37839126586914,49.3751335144043,21.197168350219727,17.959217071533203,17.040369033813477,16.696664810180664,16.335010528564453,12.722086906433105,13.825470924377441,15.799283027648926,13.46855354309082,13.206256866455078,3.082179069519043,6.432578086853027,0.10644508670520231,0.07548834187539509,1662.8055896847764,730.3760232023673,1566.9947748180261,611.0977836965537,3370.173410404624,1662.5095850002936,0.8270267844200134,1.2080705165863037
-429.6278381347656,84.22078704833984,-6.317607879638672,28.061967849731445,-1.7652344703674316,-5.225335597991943,-12.908818244934082,-7.8220744132995605,0.24556708335876465,-12.5687837600708,-3.495044469833374,-11.37342643737793,-3.0772268772125244,165.9644317626953,64.13837432861328,40.14402770996094,29.752580642700195,24.60342025756836,17.73467254638672,18.583120346069336,16.523862838745117,16.21387481689453,18.135774612426758,13.548519134521484,15.629901885986328,10.207547187805176,5.858198642730713,8.66748332977295,0.15989649681528662,0.17752402175432372,1891.472446500036,1266.319957091979,1601.489438932102,530.5763147877485,3533.7579617834394,1946.110743051394,0.8565693497657776,0.9866456985473633
-430.577392578125,80.24552154541016,-11.295513153076172,19.349225997924805,-10.930707931518555,0.7896755933761597,-4.346477508544922,-5.377099514007568,-8.694040298461914,-6.804194450378418,-2.5817666053771973,-1.5059937238693237,-2.4612154960632324,158.97853088378906,82.20803833007812,44.50204086303711,27.008567810058594,27.181623458862305,18.636091232299805,16.563560485839844,15.727033615112305,16.720022201538086,14.008810997009277,12.306427001953125,14.533304214477539,10.857239723205566,6.305627346038818,9.958579063415527,0.16043918918918915,0.18960085420339726,1881.9751301300475,1399.5188124867263,1443.274737327723,510.3567280651164,3293.873873873874,1965.6735182854238,0.9293588399887085,1.0061146020889282
-447.4200134277344,73.89972686767578,-1.7182135581970215,37.9497184753418,-22.775531768798828,-4.486287593841553,-17.510759353637695,-17.297563552856445,-7.567492961883545,-12.374881744384766,-2.2776038646698,-4.040853500366211,-4.625731945037842,167.76417541503906,76.6427230834961,57.28402328491211,47.030635833740234,35.729705810546875,18.909412384033203,19.274192810058594,19.24464225769043,13.76553726196289,11.45858383178711,8.60875415802002,11.61720085144043,7.974033832550049,16.09248924255371,20.74920654296875,0.1775492957746479,0.169201566497293,2122.2457925920085,1502.5212055571062,1523.3235814851744,630.6680804685069,3648.225352112676,2360.100249704034,0.8548023700714111,1.087720274925232
-456.8395080566406,92.32298278808594,5.4677205085754395,75.30033111572266,9.629639625549316,-3.2304847240448,-11.475131034851074,-17.879131317138672,-5.947163105010986,-4.846715450286865,-6.404278755187988,5.326321125030518,-2.347400665283203,134.69398498535156,88.38636016845703,44.3818473815918,50.20908737182617,24.466466903686523,22.370147705078125,19.79412269592285,24.247804641723633,12.55067253112793,15.997124671936035,11.147775650024414,13.046046257019043,8.032958984375,7.989175319671631,11.009882926940918,0.12522142857142857,0.1390931249126253,1464.4089552734008,1133.1632138130576,1240.444688460009,555.5875605971879,2673.3714285714286,1817.314047641492,1.0683965682983398,1.1812490224838257
-433.0931091308594,85.91606903076172,5.2341718673706055,46.9646110534668,-1.9246543645858765,-4.997425556182861,-5.832068920135498,-3.812505006790161,-8.722710609436035,8.167678833007812,-5.494353771209717,8.548337936401367,-5.877989292144775,150.031494140625,82.91948699951172,31.89874267578125,32.7635612487793,30.169458389282227,24.666475296020508,20.30247688293457,20.666196823120117,16.51255989074707,12.312426567077637,14.471481323242188,9.649548530578613,11.660890579223633,6.2142462730407715,10.03602409362793,0.14067622950819672,0.17756234095879397,1658.8537808972699,1248.7662033747465,1464.1923541283845,491.04296064049703,3026.3934426229507,1900.5103135106317,0.8997575044631958,1.0525271892547607
-478.87408447265625,65.38540649414062,7.935371398925781,40.90678405761719,-2.561691999435425,16.654186248779297,-4.795174598693848,2.57633376121521,-5.505491256713867,2.9569592475891113,-7.3275837898254395,1.4600858688354492,0.20910748839378357,180.7145233154297,58.58054733276367,30.025402069091797,30.46286392211914,24.64421844482422,17.243911743164062,17.630586624145508,15.003134727478027,13.18275260925293,12.094475746154785,13.832773208618164,9.231184005737305,9.489311218261719,3.810028553009033,7.922942161560059,0.14084656084656083,0.1411177891857726,1883.6236442347463,996.6478996062535,1733.6618253293207,467.19913160591926,3823.915343915344,1575.9392977148657,0.9626410007476807,1.3159605264663696
-456.02398681640625,100.65975952148438,14.618142127990723,67.51148223876953,4.309411525726318,9.218900680541992,-2.182767629623413,-15.19477367401123,-5.279752731323242,-1.0061148405075073,-3.0513100624084473,9.291207313537598,-3.363374948501587,141.30194091796875,85.7286376953125,38.421810150146484,51.45559310913086,35.90305709838867,21.004785537719727,23.08026123046875,25.276412963867188,14.233529090881348,19.205108642578125,12.732702255249023,10.690587043762207,11.298955917358398,9.190096855163574,12.088201522827148,0.12804,0.15950911698081713,1358.0155105067272,1262.7151821475084,1193.9462300452042,497.98479503478274,2297.76,1912.8127410700713,1.0482209920883179,1.1819312572479248
-458.2093200683594,92.56053924560547,-6.057509899139404,4.904559135437012,-19.161712646484375,9.322251319885254,-16.758176803588867,-26.516874313354492,-4.93328857421875,-8.3390474319458,-5.643597602844238,-8.746225357055664,-4.6635589599609375,146.92930603027344,74.0789794921875,61.84701156616211,34.185672760009766,43.071258544921875,21.988901138305664,21.407928466796875,21.626087188720703,14.185172080993652,10.916797637939453,9.758296966552734,14.800701141357422,10.373181343078613,9.65533447265625,14.261231422424316,0.1771268656716418,0.20824594105240768,1789.660055710694,1577.1905339709149,1336.84886223252,655.8162623773037,2892.5373134328356,2396.203055758965,1.0610220432281494,1.262980580329895
-426.1000061035156,88.59211730957031,-16.512954711914062,20.221010208129883,-4.741529941558838,-3.713665723800659,-14.390707969665527,-22.15015983581543,5.419147968292236,-6.041276454925537,0.7735959887504578,0.6967766284942627,-1.4602429866790771,160.8844757080078,87.99887084960938,46.454402923583984,35.43070602416992,18.721677780151367,15.399347305297852,21.796096801757812,25.966785430908203,16.56977653503418,14.168648719787598,6.916881561279297,10.081056594848633,8.88919448852539,18.638513565063477,27.038105010986328,0.17136178861788617,0.1644117538378959,1997.0358463461293,1407.5122922536161,1501.7718428012336,712.4497729163851,3486.1788617886177,2399.230405174574,0.9490933418273926,1.3621233701705933
-432.0371398925781,75.69464874267578,-14.472118377685547,28.953216552734375,-12.27536678314209,3.0696122646331787,-11.658164024353027,-6.36980676651001,-3.255006790161133,-11.097752571105957,-1.1676087379455566,-0.727874755859375,-3.610358476638794,148.24839782714844,64.59834289550781,46.7447395324707,37.67324447631836,37.00721740722656,17.591411590576172,22.244060516357422,17.252347946166992,15.075260162353516,15.154755592346191,11.272741317749023,13.595961570739746,10.652643203735352,4.360433101654053,6.685253143310547,0.17394856770833333,0.2092486239202826,2008.605431962267,1392.3438759752353,1569.1538275320345,543.5950440135974,3613.5416666666665,1953.8743451402454,1.0285124778747559,1.1372216939926147
-501.4684143066406,74.68708038330078,2.3094987869262695,50.81032943725586,7.929902076721191,-10.344758987426758,-5.452959060668945,-7.368302345275879,-5.675824165344238,1.351641058921814,-6.348631858825684,5.704737186431885,-5.119012355804443,176.5734405517578,61.73509216308594,38.383331298828125,40.535911560058594,19.257633209228516,30.02887535095215,16.854904174804688,18.55410385131836,14.942191123962402,10.811978340148926,18.805200576782227,9.387896537780762,10.026468276977539,5.292333602905273,10.026775360107422,0.12184397163120567,0.1283130609587151,1752.6958630933293,872.5022895168239,1679.7376547533065,505.90568261326536,3675.177304964539,1458.4591124701942,0.9088372588157654,1.1998165845870972
-483.5593566894531,111.95973205566406,22.578271865844727,56.3477897644043,0.6551766991615295,6.398574352264404,2.691749334335327,-6.239441871643066,1.2710233926773071,0.006419199984520674,0.9938112497329712,12.410063743591309,1.1545794010162354,152.01783752441406,76.03074645996094,39.271732330322266,52.634735107421875,30.961713790893555,20.906925201416016,17.127086639404297,18.216541290283203,12.654885292053223,21.089418411254883,13.269848823547363,9.145757675170898,10.753617286682129,8.680569648742676,12.267993927001953,0.07770440251572326,0.10128264228591491,1063.8409258270099,837.5040661340362,1260.532803057672,572.6639259435616,2112.7044025157234,1733.1563838808393,0.9129876494407654,1.3089488744735718
-442.7012939453125,84.82894897460938,3.6210744380950928,46.11986541748047,-8.647400856018066,5.718987941741943,-3.223987340927124,-16.064897537231445,-4.33783483505249,-0.6410144567489624,3.523324728012085,1.2847213745117188,-3.710921049118042,147.0423126220703,80.21888732910156,45.13056945800781,58.51222610473633,37.26863479614258,17.85889434814453,20.87721824645996,24.471805572509766,17.041118621826172,18.733596801757812,9.94839096069336,10.234369277954102,13.221395492553711,8.499834060668945,13.010599136352539,0.16526229508196721,0.1615338011259811,1848.732316557245,1353.6621493073399,1415.6920945046938,519.5589046414774,3187.1475409836066,2038.3683754339802,1.0054069757461548,1.0577175617218018
-373.5042419433594,87.39622497558594,4.7028584480285645,44.72715759277344,2.4261908531188965,4.166739463806152,1.9106755256652832,-9.730255126953125,2.1091372966766357,-12.688441276550293,-1.8160701990127563,-1.379546880722046,-5.1286725997924805,154.751953125,75.28604125976562,33.25394821166992,28.283540725708008,22.197553634643555,17.91492462158203,15.242334365844727,21.238157272338867,13.672845840454102,17.267467498779297,11.38013744354248,11.86506175994873,12.446285247802734,11.070267677307129,12.755537033081055,0.13376283367556469,0.17217281179004723,1728.1848641441354,1271.3503381591709,1529.2758830899982,456.691035771487,3285.4209445585216,1896.018138557202,0.9791654348373413,1.0569937229156494
-489.1188049316406,67.40892791748047,5.776806831359863,34.00724792480469,-7.66515588760376,-3.7739624977111816,-4.900445938110352,-1.182112216949463,-5.286904811859131,-4.067953586578369,7.051578521728516,-0.9080644249916077,-3.8175480365753174,171.2689208984375,61.66645812988281,27.769081115722656,33.45179748535156,27.411542892456055,16.44366455078125,18.572935104370117,14.484198570251465,14.524102210998535,13.407784461975098,8.851761817932129,12.780313491821289,8.819236755371094,7.4268341064453125,12.85568618774414,0.12511194029850747,0.17767750890549458,1758.3872112917563,1154.4799551747867,1774.011689813648,552.635016560543,3694.3283582089553,1905.3633835896424,0.9207032322883606,1.2157560586929321
-474.13287353515625,84.22663879394531,-8.510730743408203,13.48180866241455,-7.8309125900268555,-6.669473171234131,-0.8722972273826599,-4.728452682495117,-5.767551898956299,-13.563345909118652,0.009455912746489048,-6.858034610748291,-9.322912216186523,164.45211791992188,51.86273956298828,28.93310546875,20.925294876098633,20.814294815063477,16.696693420410156,10.70682430267334,16.58161163330078,13.107004165649414,13.696316719055176,8.919376373291016,10.313682556152344,11.44225025177002,5.946844577789307,11.552054405212402,0.07052364864864864,0.05057962462521745,1460.2692432754045,671.4940952242363,1629.0208679816753,561.0866456499151,3110.2702702702704,1654.004945393578,0.5862560868263245,0.8818594813346863
-437.95477294921875,89.76779174804688,21.306625366210938,23.62826919555664,10.297175407409668,17.379030227661133,-9.013535499572754,0.8987746834754944,-0.8238235116004944,9.194132804870605,0.1172327846288681,7.820728778839111,5.456389904022217,156.81536865234375,80.31980895996094,33.643978118896484,29.57560157775879,27.905960083007812,15.699886322021484,22.084056854248047,15.61164665222168,16.405427932739258,12.359975814819336,12.07521915435791,12.015975952148438,8.906037330627441,8.399624824523926,14.515181541442871,0.1278230769230769,0.17310271363400292,1563.52348519589,1285.1071636007882,1489.8695200991624,535.1463470557499,2776.123076923077,2152.9162440937735,0.8331806063652039,0.9542374014854431
-458.5191345214844,71.4100570678711,15.51148509979248,58.386966705322266,11.8462495803833,9.314595222473145,-7.304042816162109,-14.697702407836914,2.0523362159729004,1.0720546245574951,2.2720932960510254,9.972021102905273,0.2970040440559387,154.95460510253906,106.68264770507812,47.01670837402344,38.17654037475586,23.355194091796875,23.104734420776367,22.37984275817871,30.027395248413086,14.388519287109375,14.459419250488281,10.244762420654297,11.236166000366211,11.886448860168457,7.728636741638184,10.397887229919434,0.1789719626168224,0.20602446696838236,1796.0536166606482,1634.454762801239,1296.4700987988367,459.7466368487516,2764.6728971962616,2263.9640686677667,1.03452467918396,1.3266761302947998
-480.15704345703125,56.26234436035156,28.93076515197754,50.56900405883789,0.6901047825813293,7.146573066711426,-14.4064302444458,-14.10699462890625,-3.078967809677124,-1.366180658340454,-0.44842883944511414,3.5276496410369873,1.1881805658340454,159.66641235351562,92.61174774169922,44.90522766113281,60.295955657958984,20.70882225036621,21.809955596923828,22.89362335205078,27.060714721679688,10.138670921325684,19.527273178100586,11.644247055053711,9.663360595703125,14.29458236694336,9.039794921875,12.509932518005371,0.19759398496240602,0.23038326313719956,2214.6804323458555,1699.5662000879865,1556.3160240348566,631.3234266218903,3749.4736842105262,2331.0439481925737,0.9456071257591248,1.2876465320587158
-391.12982177734375,118.81117248535156,3.3030307292938232,37.14562225341797,-1.3690553903579712,-4.311081409454346,5.768008708953857,-7.980447292327881,-23.276748657226562,8.304183006286621,-9.40234375,6.724634647369385,-5.151463508605957,145.74349975585938,70.15640258789062,29.293527603149414,26.23586654663086,23.066139221191406,21.022987365722656,17.442859649658203,14.38125228881836,18.887882232666016,15.798846244812012,17.44086265563965,11.193839073181152,10.843778610229492,10.309754371643066,12.86087703704834,0.09460169491525423,0.11361150647670738,1308.7277166501638,932.218379967056,1314.2723221278227,508.2196675118932,2494.237288135593,1729.0022628817676,0.845844566822052,1.126104474067688
-459.5486755371094,81.44259643554688,-9.118280410766602,45.074649810791016,7.741300106048584,-15.282615661621094,-25.265947341918945,-25.084686279296875,2.0009195804595947,-12.269594192504883,-2.4599320888519287,-5.766863822937012,-0.6019841432571411,151.55747985839844,70.2494125366211,46.39539337158203,43.82128143310547,26.471080780029297,19.429967880249023,22.6789493560791,22.394363403320312,15.532958030700684,16.57059669494629,8.486507415771484,12.968448638916016,7.5646820068359375,15.137455940246582,19.799577713012695,0.14057432432432432,0.14402781456297498,1817.8762559006423,1287.6423778958344,1511.6626817267615,694.2047050799774,3408.6486486486488,2253.3844361521556,0.9423463344573975,1.343921184539795
-452.576171875,92.8263168334961,-6.569080352783203,45.62446594238281,-16.466524124145508,-12.411059379577637,-14.914196968078613,-30.034440994262695,-7.356107234954834,-16.924489974975586,5.0658955574035645,-8.736472129821777,-6.389044284820557,139.5029754638672,68.51677703857422,42.08958435058594,52.9427375793457,43.95281982421875,22.158145904541016,25.196720123291016,26.272289276123047,16.908693313598633,15.994134902954102,11.128085136413574,12.942668914794922,11.23575210571289,11.431436538696289,13.777386665344238,0.12674444444444444,0.12423068247874919,1549.867244936943,1212.5535496148111,1262.097205002172,610.2585116741019,2727.4666666666667,2114.487020532403,0.8974019885063171,1.2483409643173218
-458.5697021484375,91.5993881225586,-18.53292465209961,27.945280075073242,-0.5930695533752441,-2.358781576156616,-6.363373279571533,-28.825023651123047,-0.9873636960983276,-8.426360130310059,-1.2855725288391113,-2.235851287841797,-3.1526572704315186,168.12745666503906,69.76642608642578,38.959228515625,23.86998176574707,23.050569534301758,17.779874801635742,15.976463317871094,29.96408462524414,14.12120246887207,14.614112854003906,12.417396545410156,13.96019458770752,10.269065856933594,6.39498233795166,11.123682975769043,0.14535928143712573,0.12495246864245199,1702.8713159423396,968.9060466539298,1536.3045923683237,588.489805966183,3359.0419161676646,1870.3149798874888,0.9276617169380188,0.9630571603775024
-469.9416809082031,89.9395523071289,10.879711151123047,55.77183151245117,9.263957977294922,3.6943418979644775,-6.440860748291016,-13.583805084228516,4.597787857055664,-0.027365505695343018,2.007007122039795,7.260984420776367,0.34374552965164185,168.6512908935547,84.01363372802734,36.635459899902344,50.12911605834961,27.210636138916016,18.023630142211914,18.760595321655273,23.335357666015625,11.871460914611816,16.546947479248047,9.60407829284668,9.734375,11.308327674865723,8.453337669372559,10.938812255859375,0.13406559405940593,0.1603232232715886,1710.5989371160176,1409.4364130469016,1439.4016496097936,606.7251694153987,3087.128712871287,2193.77622649801,0.8770265579223633,1.1562951803207397
-411.1011047363281,110.40736389160156,14.98737907409668,39.025718688964844,13.281946182250977,3.466284990310669,-5.020816326141357,-8.641878128051758,6.963512897491455,0.6485115885734558,-1.6898102760314941,-1.561971664428711,-3.6579415798187256,134.1963348388672,75.6097412109375,27.84541893005371,31.107624053955078,23.36672592163086,14.367111206054688,15.882871627807617,19.615571975708008,16.66084098815918,15.135656356811523,12.570239067077637,10.94680404663086,12.234269142150879,13.206548690795898,17.922168731689453,0.10730714285714286,0.13153767230224914,1427.1405364254615,1062.3410344104498,1417.3610089022716,531.2829347088508,2714.6285714285714,1878.8916958936084,0.792736291885376,0.8865779042243958
-445.9691467285156,113.37579345703125,21.99824333190918,46.535423278808594,12.464856147766113,8.792036056518555,-2.9841933250427246,-3.0446999073028564,4.67148494720459,-1.4113798141479492,3.2331252098083496,-5.070530414581299,-6.006129264831543,146.531494140625,47.66956329345703,33.527732849121094,35.1163215637207,18.88076400756836,13.246258735656738,18.61716079711914,15.535888671875,13.11867904663086,15.983895301818848,9.71985149383545,10.851478576660156,13.292760848999023,7.641118049621582,12.803337097167969,0.06109375,0.032175892931471224,1210.2929266952128,531.584219040978,1527.5791274135622,491.7895945206997,2670.25,1479.6874458817308,0.8649791479110718,1.122061848640442
-485.50537109375,86.52521514892578,-12.721643447875977,36.52014923095703,-17.804487228393555,-10.838315963745117,-16.70832061767578,-18.495405197143555,-5.129502296447754,-11.39944839477539,0.8470826148986816,-4.7117815017700195,-3.2154555320739746,167.92376708984375,68.69851684570312,55.663734436035156,47.7531852722168,33.30660629272461,18.786317825317383,20.606454849243164,19.488168716430664,14.081452369689941,12.689302444458008,9.301841735839844,11.46444320678711,9.318188667297363,8.007793426513672,10.565905570983887,0.13347468354430378,0.11896374564042017,1841.1921519257724,1283.879401413348,1468.9078163834524,670.2445085063532,3344.1012658227846,2231.7593422896502,0.868580162525177,1.2674821615219116
-493.9649353027344,75.4803466796875,-11.2330904006958,25.474868774414062,-8.900390625,0.9170798659324646,-10.991328239440918,-0.05698193609714508,-7.71048641204834,-6.6027750968933105,-3.080862522125244,-2.731269598007202,-3.446866512298584,172.47967529296875,67.02344512939453,48.038082122802734,24.822534561157227,22.96602439880371,14.804265022277832,21.883441925048828,15.427886962890625,16.707603454589844,13.879706382751465,13.99841594696045,14.139564514160156,9.844586372375488,3.283247709274292,6.031280517578125,0.14754957507082156,0.1555686624359612,1849.2878509015086,1115.9689588339359,1573.3900166957706,563.2419566320892,3492.5779036827194,1844.18061379093,0.8679348826408386,1.0390597581863403
-482.94207763671875,43.63602828979492,10.645668029785156,33.439414978027344,-16.15821075439453,4.579479217529297,-8.91315746307373,0.9104925394058228,-7.6628313064575195,-5.061487674713135,-1.7723854780197144,3.620868444442749,-2.9103751182556152,174.89781188964844,64.05625915527344,24.3037166595459,34.433563232421875,32.068695068359375,12.303956031799316,19.042993545532227,14.861021041870117,16.20740509033203,16.11280632019043,10.897507667541504,14.48636531829834,10.121089935302734,9.303380012512207,16.565458297729492,0.1563362068965517,0.21804589417121042,1896.1431463022486,1413.8883155631233,1591.2792851113377,532.9302031997385,3592.0689655172414,1954.1236316204638,0.8580836653709412,1.0561197996139526
-462.359375,70.58209228515625,-6.8585052490234375,34.76787185668945,-21.182992935180664,-4.443298816680908,-17.469377517700195,-18.91779136657715,-7.175433158874512,-6.223869323730469,-1.1970820426940918,-0.5329295992851257,-1.9014699459075928,155.3939666748047,76.85211944580078,51.393890380859375,55.44614791870117,33.11033248901367,20.953773498535156,20.832082748413086,26.356121063232422,14.14888858795166,15.041604995727539,9.37481689453125,14.357368469238281,8.732986450195312,13.106782913208008,19.21126365661621,0.20650190114068442,0.224635164702057,1958.384145087999,1601.9027216579748,1275.397555443881,618.537385463408,3196.80608365019,2242.835417824027,0.9131429195404053,1.260838508605957
-473.30645751953125,80.12297058105469,0.5022002458572388,6.843972682952881,-18.56074333190918,3.068171977996826,-15.576631546020508,-20.322710037231445,-4.338418483734131,-7.808401107788086,-0.9472676515579224,-1.9592629671096802,-2.7563648223876953,148.3660125732422,84.32763671875,47.484764099121094,39.16360855102539,37.88502883911133,19.774206161499023,17.4251766204834,19.89373779296875,12.145418167114258,12.804585456848145,10.032500267028809,12.5741605758667,8.141135215759277,9.844915390014648,14.63858699798584,0.19726872246696037,0.22094704159394576,2122.4309843694023,1688.0365590755425,1509.7062333052925,683.3469393055201,3595.7709251101323,2500.8664050121765,0.9818854928016663,1.5041717290878296
-470.83856201171875,115.13499450683594,23.90947914123535,42.023719787597656,-1.5722057819366455,11.451498985290527,1.0998671054840088,-15.558906555175781,1.135910153388977,-1.2148350477218628,2.7262516021728516,8.227078437805176,3.824052333831787,150.00535583496094,85.0979995727539,39.87808609008789,39.91724395751953,34.41881561279297,14.993648529052734,18.265544891357422,22.94122886657715,13.648426055908203,16.46758270263672,13.936216354370117,9.244019508361816,9.784046173095703,10.439205169677734,13.229887962341309,0.0868875502008032,0.11389199688053694,1237.9873634580345,1031.8581993476782,1341.783935341393,665.3246008846838,2379.277108433735,2046.8444416200357,0.9701140522956848,1.2835830450057983
-432.6640319824219,106.83637237548828,13.077654838562012,44.220645904541016,14.370532035827637,6.847873210906982,4.167530059814453,-7.99704647064209,-4.2847723960876465,2.8606061935424805,-6.801330089569092,4.362407684326172,-9.39173698425293,167.00848388671875,72.57942199707031,35.63010025024414,27.841602325439453,18.564918518066406,18.125688552856445,12.693714141845703,19.23445701599121,16.942096710205078,14.53447151184082,12.366000175476074,14.071701049804688,12.917295455932617,9.702718734741211,15.081497192382812,0.0875,0.1308956016701301,1331.591774259002,1068.190723752487,1427.0924855483054,529.2403489144236,2648.5853658536585,1784.9638785114728,0.8515864610671997,0.9554744958877563
-491.14532470703125,76.25910949707031,11.180293083190918,33.742332458496094,16.326990127563477,8.574326515197754,-0.31295156478881836,-11.962719917297363,0.5471240878105164,-3.2722156047821045,-5.132888317108154,0.7152247428894043,-10.402022361755371,160.6721649169922,72.13945007324219,35.471797943115234,34.35521697998047,18.591279983520508,17.004892349243164,15.755620002746582,25.6630859375,14.592284202575684,14.692347526550293,14.021309852600098,11.71267318725586,15.649120330810547,4.666800022125244,9.495290756225586,0.14278450363196127,0.166538504304671,1824.6668041674784,1191.8481847457479,1708.4573675365493,559.3370837040889,3761.35593220339,1897.0822765154828,0.8646392226219177,1.1415759325027466
-454.08782958984375,79.67266082763672,12.903989791870117,26.355436325073242,2.798607587814331,2.1661036014556885,-11.687349319458008,-10.361725807189941,2.348365068435669,-6.7228875160217285,-0.12953715026378632,4.9541778564453125,-3.173034429550171,165.29388427734375,65.30790710449219,21.20147705078125,35.206459045410156,20.527729034423828,16.541196823120117,22.401504516601562,19.88916778564453,14.315512657165527,16.43909454345703,11.397310256958008,13.242677688598633,11.369449615478516,16.137845993041992,24.6149845123291,0.1016321243523316,0.15088230805871322,1524.006922322162,1109.2869967533093,1597.054999815896,632.0566050453756,3140.103626943005,1961.3768003604066,0.7957254648208618,0.8387588262557983
-442.8853454589844,72.2055435180664,13.909026145935059,71.1568603515625,1.7022491693496704,-3.6752333641052246,-12.919541358947754,-10.224050521850586,-1.1410653591156006,-7.155522346496582,-1.51915442943573,0.44107958674430847,-4.482409954071045,157.27203369140625,76.32862854003906,46.544822692871094,61.38157653808594,19.505422592163086,20.895675659179688,18.929828643798828,20.039907455444336,12.053731918334961,19.803573608398438,10.295333862304688,10.229453086853027,11.60326099395752,9.822502136230469,11.996075630187988,0.15405913978494623,0.16995884779365283,1729.979988315276,1313.9352029190316,1428.2553264654007,560.3800884247086,3228.3870967741937,1877.3266798986565,1.0034093856811523,1.044405221939087
-477.6778564453125,69.56591033935547,-13.612671852111816,24.308944702148438,-19.676340103149414,-5.585608959197998,-22.07587432861328,-17.096065521240234,-3.3282151222229004,-11.703120231628418,-5.034821033477783,-6.2888593673706055,-2.2786550521850586,164.6147918701172,68.88011932373047,59.62740707397461,47.340431213378906,35.30862808227539,20.924266815185547,20.427978515625,16.671358108520508,14.738253593444824,13.976962089538574,13.366904258728027,15.78891372680664,7.810009002685547,9.33847713470459,13.456981658935547,0.21730140186915886,0.24239590028437005,2257.910887488974,1779.9485880482557,1465.4659631529908,629.4070045568277,3661.308411214953,2512.5111555477083,1.0325297117233276,1.3414205312728882
-425.3736267089844,72.4638900756836,-2.7547767162323,16.477304458618164,-13.234935760498047,0.13439644873142242,-7.379465103149414,-1.119288682937622,-10.503561019897461,-4.888106822967529,-14.469523429870605,4.279078960418701,-10.410481452941895,170.6089630126953,58.43239212036133,40.64786911010742,25.034378051757812,26.464902877807617,14.965038299560547,20.01654624938965,16.404069900512695,14.741172790527344,13.039867401123047,16.436199188232422,12.426717758178711,11.862513542175293,9.677474021911621,16.960716247558594,0.16834415584415582,0.21275809780154442,1958.47656655056,1348.6099095095037,1624.1092354252028,571.5349752548782,3685.4545454545455,1889.239897628416,0.8566664457321167,1.2910339832305908
-442.9619140625,75.45113372802734,2.0650768280029297,72.60659790039062,7.809627532958984,-6.11371374130249,-8.347919464111328,-24.058502197265625,-4.231297492980957,-11.16462230682373,-6.310243606567383,5.341733455657959,-7.1116437911987305,143.14459228515625,82.54669952392578,46.99851608276367,62.58902359008789,27.164796829223633,25.49382209777832,17.789731979370117,27.7602596282959,15.906181335449219,20.72817039489746,13.45937728881836,8.857953071594238,13.285825729370117,15.310870170593262,19.746328353881836,0.1520892018779343,0.161484752767431,1808.9482341235039,1299.0814180293382,1450.7491353741173,588.5035903783823,3383.474178403756,1936.252889998639,0.9620277285575867,1.014156699180603
-467.10821533203125,79.550048828125,-8.103455543518066,18.50094223022461,-15.386275291442871,11.20686149597168,-12.3872709274292,-9.990859985351562,-4.184601306915283,-2.843555212020874,-5.989957809448242,-1.047747254371643,-7.799763202667236,177.7347869873047,51.6224479675293,32.863975524902344,25.494199752807617,31.752920150756836,15.418728828430176,24.843168258666992,18.568225860595703,15.505733489990234,11.910314559936523,13.153855323791504,12.64950942993164,13.741338729858398,12.26684284210205,17.901058197021484,0.09228723404255319,0.052783756435226446,1526.3202576700223,563.7966164697725,1623.610690392821,527.4379967308249,3274.0425531914893,1513.2806777120838,0.7414095401763916,1.0353374481201172
-449.7425537109375,150.7078399658203,14.067160606384277,61.43617248535156,-13.096196174621582,-9.375855445861816,10.357734680175781,-23.48068618774414,-9.5287504196167,-15.909852027893066,-4.447871685028076,-1.955515742301941,-12.733115196228027,164.5153045654297,69.3342514038086,56.80940628051758,47.341819763183594,37.57353973388672,18.26824378967285,19.824277877807617,25.56409454345703,14.952486038208008,22.933563232421875,10.475397109985352,11.745217323303223,10.814536094665527,18.074506759643555,13.759466171264648,0.0563529411764706,0.03582751354257784,930.0964938262146,687.2375839736303,1040.043086481698,633.6224464842089,1870.5882352941176,1757.5667357030366,0.879930317401886,1.455668568611145
-420.9551696777344,108.8921890258789,-8.009090423583984,41.363834381103516,-10.376045227050781,0.3379749357700348,1.0054306983947754,-21.530315399169922,4.10780143737793,3.010188579559326,7.1661577224731445,8.602009773254395,-3.0226223468780518,173.68194580078125,81.53397369384766,41.02140808105469,42.25720977783203,27.394548416137695,19.668859481811523,21.45368003845215,25.373428344726562,15.635248184204102,13.809237480163574,10.330588340759277,9.031771659851074,14.456846237182617,11.751117706298828,14.46410846710205,0.12397196261682242,0.15412018662130383,1467.2115382463376,1145.5009793555093,1369.5612874721921,461.92757983748953,2721.495327102804,1694.2777821978284,0.9933658242225647,1.1526904106140137
-421.5321350097656,118.52739715576172,24.137474060058594,42.10082244873047,18.04007339477539,11.8353853225708,-8.609895706176758,-5.676028728485107,-7.3320231437683105,4.814647674560547,0.4040079414844513,3.0162105560302734,-0.621173620223999,128.7185516357422,76.29557800292969,29.10594367980957,31.40569496154785,29.904117584228516,17.24831771850586,18.08592414855957,15.693778038024902,17.10157012939453,13.977757453918457,11.115419387817383,11.825312614440918,11.085540771484375,14.082307815551758,17.103178024291992,0.08076714801444045,0.09646702605394702,1140.604795483131,909.48193662495,1261.9807325934,537.1202191967059,2097.1841155234656,1789.41271007219,0.9958025813102722,1.0951873064041138
-460.65869140625,122.10769653320312,5.074876308441162,44.15243911743164,13.507856369018555,-2.4199891090393066,10.039061546325684,1.1330896615982056,-16.83799934387207,1.498462200164795,-4.531206130981445,11.401834487915039,-4.1026763916015625,167.6832733154297,73.0916976928711,30.80262565612793,33.097354888916016,16.07524299621582,23.89088249206543,14.196553230285645,15.139802932739258,19.499988555908203,16.055715560913086,16.91390037536621,8.884885787963867,10.318026542663574,6.6432671546936035,9.530599594116211,0.07050000000000001,0.07934272677872199,1089.6819212853154,771.1197416244507,1215.1464944433262,491.5743199292729,2155.512195121951,1563.4618736442164,0.849693238735199,0.9986026883125305
-382.7658386230469,103.42459106445312,-4.110349655151367,38.72249221801758,2.4392220973968506,5.134105205535889,4.591677665710449,-11.325252532958984,3.2679693698883057,-12.914278030395508,1.0749962329864502,-0.8414539694786072,-4.7559733390808105,162.67259216308594,62.64961242675781,28.81317138671875,30.528718948364258,21.70440101623535,15.68017864227295,13.60506820678711,20.503103256225586,14.006885528564453,19.014450073242188,11.062978744506836,12.723952293395996,10.043737411499023,10.304027557373047,12.766607284545898,0.11141,0.10948007535620351,1559.033965915731,907.1005435322796,1518.5381709162016,422.8096137045321,3059.52,1591.0760414260533,0.8904524445533752,1.1875938177108765
-463.0015869140625,89.88599395751953,5.6657633781433105,54.73149490356445,11.466846466064453,-5.021403789520264,1.752088189125061,-5.258555889129639,-1.0604363679885864,5.0259599685668945,-4.050815582275391,4.385253429412842,-3.588817596435547,158.61781311035156,82.02867889404297,39.80116271972656,54.927371978759766,23.976959228515625,24.3035888671875,20.825393676757812,18.252159118652344,18.169111251831055,21.050106048583984,13.083024024963379,15.049386978149414,14.031773567199707,11.70919132232666,15.860047340393066,0.08214406779661018,0.10540137372659349,1023.7251237318137,951.633431245083,1075.075229849418,605.6102490761095,1940.2033898305085,1815.3809777084803,0.8572205901145935,1.228952407836914
-458.14544677734375,80.05089569091797,5.432016372680664,24.073955535888672,6.459713935852051,6.285511493682861,-7.407668113708496,7.543105602264404,-1.5330065488815308,0.8485026955604553,-1.1625410318374634,1.215022087097168,-0.8055450320243835,154.04067993164062,81.99533081054688,30.975133895874023,33.1637077331543,22.63832664489746,14.179142951965332,17.101505279541016,11.94232177734375,15.054585456848145,13.661652565002441,9.716399192810059,11.29162311553955,11.050698280334473,3.1282548904418945,6.127845764160156,0.17944148936170212,0.20742687154151004,2002.9903427521897,1522.8727624045239,1515.8910107432962,574.056121818076,3464.3971631205673,2176.377486289736,0.9733349680900574,1.2416939735412598
-414.7412414550781,101.79180908203125,-5.028722763061523,50.717933654785156,-2.0095410346984863,-10.751703262329102,-8.118185997009277,-10.555872917175293,-9.186010360717773,8.825177192687988,-8.598841667175293,9.118547439575195,-7.308304786682129,152.0409393310547,77.95137786865234,31.053800582885742,37.327274322509766,25.892070770263672,26.55959129333496,15.8113431930542,19.97743034362793,13.336511611938477,10.201403617858887,16.102489471435547,10.06265640258789,11.175663948059082,9.458577156066895,13.257824897766113,0.13757537688442212,0.14605208971901126,1541.7806844671413,1053.3517879744597,1310.1074089436481,408.19031914216333,2810.251256281407,1534.6763812484176,0.8425408601760864,0.9250409007072449
-451.7077941894531,93.81023406982422,-0.976100742816925,33.720149993896484,11.712108612060547,0.43878987431526184,5.018378257751465,-16.012537002563477,1.622002124786377,2.9611904621124268,-5.257311820983887,5.2157158851623535,-1.5020183324813843,167.4396209716797,78.85379791259766,34.07902526855469,31.34445571899414,17.818504333496094,20.71194076538086,13.357641220092773,24.29338264465332,12.033650398254395,12.177562713623047,12.090198516845703,8.404439926147461,10.128596305847168,6.949303150177002,12.11445426940918,0.10854037267080743,0.11619904179530412,1609.736248862397,1016.6954374999616,1568.2852269314444,543.1322421263068,3213.913043478261,1733.1908511759616,0.8605232238769531,0.9593758583068848
-428.6304016113281,93.03427124023438,-20.008060455322266,28.07212257385254,-19.474071502685547,6.633022785186768,-16.30051040649414,-17.204565048217773,4.739250659942627,-3.4960830211639404,-5.253286838531494,-8.740898132324219,0.24259836971759796,158.13369750976562,48.711875915527344,40.803489685058594,30.29620933532715,31.593263626098633,17.02273941040039,19.79886245727539,23.28186798095703,19.584583282470703,12.8762845993042,15.296162605285645,14.500326156616211,14.56155014038086,7.189186096191406,10.996207237243652,0.10160975609756097,0.07763010418355928,1420.0092194918393,568.1589873308225,1451.2070515722826,462.8256691534383,2850.3414634146343,1261.7581154640227,0.8704324960708618,0.9004604816436768
-449.49505615234375,79.62228393554688,0.7444587349891663,28.810626983642578,-2.69626784324646,-6.15962028503418,-21.200319290161133,-17.473812103271484,0.41341260075569153,-12.268815994262695,-2.707435131072998,-2.380465269088745,0.18252915143966675,145.5508270263672,86.0116958618164,58.119476318359375,46.9434928894043,34.64337158203125,19.369543075561523,19.279855728149414,23.183837890625,18.199077606201172,17.341001510620117,10.236702919006348,15.927264213562012,10.903586387634277,11.160883903503418,14.51429271697998,0.22927509293680295,0.26176833697392,2215.9138487428863,1941.0046020547272,1318.5462405850772,578.7454085482506,3369.5167286245355,2558.6948034698858,0.882688045501709,1.0487390756607056
-432.9757385253906,64.39080810546875,8.905128479003906,68.17332458496094,-1.2611833810806274,-3.248182773590088,2.8151426315307617,-22.251449584960938,-13.561244010925293,-16.973873138427734,-2.9307069778442383,6.600408554077148,-9.842823028564453,119.411865234375,106.52776336669922,38.25489807128906,61.107757568359375,18.47635841369629,22.47136878967285,17.117965698242188,25.23211097717285,16.368432998657227,22.869394302368164,9.098036766052246,9.138317108154297,14.72053050994873,20.942472457885742,25.932546615600586,0.14318181818181816,0.16148239639275286,1671.2285056829148,1266.2556654010764,1351.3401401687163,569.8330807671449,3072.2077922077924,1959.5391873989834,0.9593263268470764,0.9175253510475159
-500.1434020996094,69.0123291015625,5.000948429107666,79.10687255859375,17.953262329101562,-4.310404300689697,-7.5102386474609375,-14.141682624816895,-0.06917905807495117,-8.476242065429688,-3.864041805267334,8.164122581481934,-1.0267541408538818,174.92984008789062,79.5764389038086,42.69650650024414,56.90462875366211,23.888904571533203,26.605131149291992,17.221078872680664,24.2578067779541,11.425250053405762,18.830060958862305,11.636551856994629,10.209697723388672,9.406163215637207,7.06235408782959,10.472975730895996,0.11714814814814814,0.11353664890562339,1658.494952042961,1100.8027752292057,1467.5383330154461,658.6962916859576,3252.4444444444443,1872.577730836478,0.8614258766174316,1.0958902835845947
-468.384033203125,72.56278991699219,-23.283214569091797,20.413999557495117,-27.45502281188965,3.966322898864746,-14.326208114624023,-13.305764198303223,-4.118363380432129,-11.043780326843262,-8.140262603759766,-10.36816692352295,-5.667302131652832,162.95068359375,56.62018966674805,54.075439453125,30.153419494628906,34.32490921020508,19.315322875976562,15.16367244720459,16.582340240478516,15.187559127807617,12.5696382522583,12.455938339233398,15.044313430786133,8.422819137573242,8.24213695526123,14.006900787353516,0.16017080745341614,0.1232420244933171,1935.1166701495183,1204.6833044319549,1454.70004940688,567.1961004650249,3413.416149068323,2055.7349279274063,0.9785053730010986,1.3924869298934937
-465.03021240234375,103.10204315185547,19.44089698791504,68.56517028808594,-6.493617057800293,-13.306998252868652,4.242904186248779,-12.293296813964844,-8.541547775268555,-13.2568359375,-6.0350775718688965,2.8339028358459473,-10.988927841186523,148.2836151123047,84.25455474853516,38.525360107421875,54.47724914550781,33.97675323486328,26.455286026000977,22.469966888427734,24.75628089904785,14.562603950500488,17.845678329467773,11.156826972961426,11.662004470825195,12.410587310791016,15.76214599609375,17.67375946044922,0.093375,0.14788449767564477,1207.4971345959991,1186.487028139437,1150.6089600046648,612.8719133537832,2229.5555555555557,1946.513071058725,0.8532658815383911,1.1067290306091309
-498.688232421875,57.2513427734375,3.6335811614990234,47.8776969909668,-29.283920288085938,-12.737934112548828,-12.446496963500977,-14.136321067810059,-9.577509880065918,-11.109427452087402,-1.1594603061676025,-10.205684661865234,-2.0625648498535156,163.741943359375,60.755985260009766,47.029029846191406,46.94841384887695,44.997013092041016,14.996947288513184,15.820293426513672,16.78870964050293,14.157214164733887,13.438936233520508,12.615447044372559,15.895670890808105,8.723038673400879,8.253217697143555,11.5282621383667,0.22894508670520233,0.20813861583261054,2379.153023861801,1567.5285793742712,1550.549705986358,535.2798364748019,3954.2196531791906,2169.2701679548977,1.0300289392471313,1.345741868019104
-451.29107666015625,76.92424011230469,-2.3374524116516113,32.65687942504883,-20.891849517822266,-0.24299585819244385,-21.53128433227539,-11.854279518127441,-5.577730655670166,-7.376875400543213,-5.9703369140625,2.0746607780456543,-4.469371318817139,144.68870544433594,82.57490539550781,49.7579231262207,36.889976501464844,29.177574157714844,20.134319305419922,18.44232749938965,18.730571746826172,11.967707633972168,13.307008743286133,10.191112518310547,13.116188049316406,9.60226821899414,9.041095733642578,13.08941650390625,0.18338970588235293,0.21291196823466865,1743.8510580293546,1521.8298676619377,1223.1650381425131,578.365396309121,2886.5882352941176,2138.6513358498105,1.0550389289855957,1.3549511432647705
-470.6859436035156,71.27629089355469,-6.005992412567139,25.054607391357422,-8.280131340026855,1.0880287885665894,-9.088708877563477,-17.240304946899414,1.9614726305007935,-1.590409755706787,-5.256670951843262,-0.40244483947753906,-4.490878105163574,134.70791625976562,63.73198318481445,49.04793930053711,20.022855758666992,29.853351593017578,16.347515106201172,22.433664321899414,24.32394027709961,13.732011795043945,12.802461624145508,11.248392105102539,9.544750213623047,10.758399963378906,5.344277858734131,12.106660842895508,0.1440875,0.16702360939025954,1884.6161275698719,1188.4784314828084,1634.2078045129106,571.3522452474551,3777.0,1771.6994666139062,0.8813838362693787,1.04291832447052
-464.5692138671875,87.23441314697266,8.900310516357422,39.10658264160156,-14.930900573730469,-18.365943908691406,-17.11100196838379,-20.144651412963867,-17.502090454101562,-10.750175476074219,-1.6654237508773804,-10.81443977355957,0.4177938401699066,150.9119415283203,78.30486297607422,52.1063346862793,48.711509704589844,32.305057525634766,23.07831382751465,22.36144256591797,22.63137435913086,20.428028106689453,13.472579002380371,11.757709503173828,16.059120178222656,9.06128215789795,21.564701080322266,24.17754364013672,0.1439848484848485,0.1603142975933707,1817.8552296651474,1542.901167293334,1336.15473099914,689.5074436440956,3090.909090909091,2422.512049113311,0.8777848482131958,1.2287236452102661
-437.5400085449219,106.25306701660156,22.603105545043945,50.63773727416992,2.397376537322998,16.52266502380371,-5.409703254699707,-13.477422714233398,-1.014845371246338,7.496388912200928,-1.3541544675827026,5.941965579986572,-4.888642311096191,161.73214721679688,81.87366485595703,41.03561782836914,39.214298248291016,22.406726837158203,16.883947372436523,20.196229934692383,22.913991928100586,13.893949508666992,13.953530311584473,9.075777053833008,10.276912689208984,11.79962158203125,13.075054168701172,14.771389961242676,0.09694300518134716,0.14761833530220342,1235.0441068722148,1158.5718628219993,1269.5980857558322,600.4897383936164,2278.963730569948,1971.782015017559,0.9425894618034363,1.0893800258636475
-428.86553955078125,119.1021728515625,5.873412609100342,46.497589111328125,-3.1830270290374756,-9.640395164489746,1.021561861038208,-19.641000747680664,-7.031217098236084,-5.140512466430664,-3.121643304824829,1.6351799964904785,-7.706089496612549,153.51980590820312,74.55500030517578,47.01072692871094,57.125701904296875,23.279592514038086,21.718490600585938,18.99989891052246,21.05680274963379,18.16046905517578,19.03905487060547,14.47792911529541,11.424604415893555,14.183095932006836,14.382357597351074,14.310352325439453,0.08546391752577319,0.07741001584888842,1173.2765314701287,779.5590192860658,1271.9888855908398,595.8068306547918,2336.494845360825,1715.9795022188598,1.1267579793930054,1.0497353076934814
-443.8645935058594,109.51823425292969,14.910346031188965,44.88962173461914,12.223566055297852,9.167622566223145,-2.490504503250122,-3.6163923740386963,1.9652864933013916,-2.2152814865112305,-2.206333875656128,2.060652256011963,-10.520554542541504,148.08460998535156,58.57838439941406,25.325082778930664,39.517765045166016,24.519052505493164,15.004951477050781,19.055553436279297,14.231627464294434,11.249411582946777,16.316314697265625,13.41869831085205,11.639219284057617,13.205670356750488,10.500646591186523,14.873684883117676,0.06458549222797927,0.06334140733192466,1087.682571004363,682.7267839292647,1294.0071363944887,457.42959611484866,2178.860103626943,1501.0713776989885,0.8015854358673096,0.9745157361030579
-505.7978515625,80.04487609863281,23.35883140563965,46.302635192871094,4.453413486480713,9.906805038452148,-3.919285774230957,-9.352831840515137,2.1043360233306885,3.704493522644043,4.432919025421143,5.980765342712402,3.035668134689331,172.38780212402344,83.65290832519531,38.14496612548828,42.42176055908203,25.75200843811035,17.7766170501709,18.951757431030273,21.81835174560547,12.63175106048584,14.515533447265625,8.456275939941406,9.870616912841797,11.648519515991211,8.388453483581543,12.7221097946167,0.12387622149837134,0.15932266848101637,1758.757429217517,1435.3700014707658,1550.2530500365895,660.1131643172121,3244.8208469055376,2312.336597024045,0.9817063808441162,1.5235551595687866
-461.75482177734375,105.535400390625,2.8304457664489746,52.55333709716797,2.7383642196655273,8.207313537597656,-8.085103988647461,-4.134650230407715,5.269469261169434,11.264349937438965,-0.8073958158493042,7.346597194671631,-2.511244297027588,189.62542724609375,74.02294921875,46.169071197509766,38.46656799316406,21.775074005126953,17.1163272857666,20.477596282958984,21.966751098632812,11.80821704864502,16.689058303833008,9.15798568725586,11.094718933105469,12.357573509216309,8.045441627502441,11.029365539550781,0.10512658227848101,0.1382379881251641,1326.5885747635398,1153.9551810316723,1231.5790872093796,597.0888300226408,2468.1856540084386,1891.1212933398288,1.0029420852661133,1.4297020435333252
-411.5881042480469,94.23468780517578,-6.694842338562012,43.72171401977539,3.5217976570129395,11.482362747192383,-0.8598147630691528,-9.52146053314209,3.042397975921631,2.852494239807129,1.8120476007461548,2.7363595962524414,-1.5705691576004028,162.7312469482422,78.433349609375,43.177581787109375,41.53126907348633,29.195859909057617,18.753311157226562,14.270750999450684,20.008628845214844,12.567093849182129,15.789138793945312,13.515265464782715,11.148791313171387,10.73471450805664,5.439391136169434,7.667649745941162,0.1516666666666667,0.17569084866763993,1847.8163108345727,1247.860375601657,1588.306284769115,506.446835706798,3597.3333333333335,1758.781649008452,0.963103711605072,1.1421059370040894
-458.26214599609375,70.63994598388672,14.984461784362793,57.108436584472656,10.303784370422363,1.5213487148284912,-12.068299293518066,-22.01890754699707,-6.146706581115723,-6.139392852783203,-4.340463638305664,3.949411392211914,-2.091240167617798,159.31134033203125,87.90839385986328,45.957008361816406,51.179561614990234,26.638837814331055,17.134424209594727,22.06654930114746,28.906686782836914,11.718994140625,18.995817184448242,12.077905654907227,9.7875394821167,10.427669525146484,11.534574508666992,14.82426929473877,0.14881944444444445,0.1869812138802607,1816.8069484432422,1496.0708467412908,1440.0299019024267,653.9965024536574,3282.222222222222,2262.5991827383823,1.0000876188278198,1.3055297136306763
-412.609130859375,106.38228607177734,-10.904414176940918,31.450273513793945,7.086763858795166,-5.546136856079102,-13.897539138793945,-26.97384262084961,2.658235549926758,-10.687224388122559,-8.76272964477539,-1.516118049621582,-1.6681300401687622,171.59146118164062,63.959598541259766,36.42003631591797,30.17974281311035,20.206762313842773,22.29039764404297,16.646480560302734,23.866748809814453,18.95407485961914,15.199808120727539,13.000452041625977,14.01065731048584,10.581061363220215,10.96941089630127,12.008350372314453,0.11579113924050632,0.10456374938380901,1493.7640298344488,893.1662160209457,1443.2286845050917,566.3267619362729,2976.7088607594937,1821.9767547871675,0.8806483149528503,0.932030439376831
-467.8086853027344,55.60780715942383,34.53640365600586,40.69752502441406,4.198493957519531,13.957440376281738,-12.016143798828125,-13.564970970153809,-1.5291091203689575,0.920874297618866,0.10977188497781754,3.602043390274048,2.4036688804626465,145.20767211914062,97.85126495361328,37.19287109375,42.6982536315918,24.59063720703125,20.345882415771484,25.58632469177246,26.54596519470215,11.074874877929688,13.779187202453613,9.418481826782227,9.631617546081543,12.189957618713379,7.622094631195068,11.832476615905762,0.21931472081218273,0.23994613912662743,2292.0105698084994,1774.2692329325155,1535.4951021559116,584.6183390535745,3648.1218274111675,2477.0276574182485,0.9376024007797241,0.9386096000671387
-458.6294860839844,93.62419891357422,-7.347368240356445,25.992586135864258,-0.10535258799791336,0.15152207016944885,-7.264439105987549,-7.910412788391113,3.226421356201172,-1.2694427967071533,-6.114945411682129,0.8248504400253296,-4.252289295196533,192.82040405273438,92.38111877441406,44.900028228759766,26.2658634185791,16.065113067626953,16.835046768188477,16.006881713867188,17.65386199951172,14.163921356201172,13.719313621520996,10.897266387939453,10.074095726013184,13.61286735534668,6.413482666015625,8.950078010559082,0.1600806451612903,0.17610001878091192,1968.4985356015393,1422.4308046569338,1525.4652765925769,623.3066455974098,3544.94623655914,2153.6898188502378,0.8537377715110779,1.1136707067489624
-442.37255859375,110.08731842041016,-12.234950065612793,34.458988189697266,-19.996858596801758,-9.644558906555176,-18.315542221069336,-23.84791374206543,-5.1760358810424805,-12.569403648376465,-0.0039103408344089985,-3.6795451641082764,-4.0038652420043945,149.53530883789062,71.13558197021484,53.081787109375,52.00857925415039,35.10004425048828,22.926511764526367,25.149826049804688,22.471220016479492,17.67032241821289,15.085283279418945,11.327548027038574,12.446111679077148,9.743213653564453,11.931992530822754,13.76850414276123,0.12816353887399465,0.09560838808210646,1627.838786015636,1248.0448568040247,1236.725746163279,570.3902226734941,2788.954423592493,2060.278288957489,0.7949621081352234,1.056479573249817
-449.49639892578125,77.45414733886719,-10.090457916259766,8.548928260803223,-9.591540336608887,20.81745719909668,-11.635368347167969,-9.549036026000977,3.8685812950134277,8.59347915649414,0.6444731950759888,1.9872268438339233,-5.255552291870117,160.6134490966797,54.36656951904297,40.32765197753906,25.627363204956055,32.39077377319336,15.393294334411621,20.7093505859375,22.379426956176758,12.369583129882812,11.59241008758545,13.046955108642578,11.304825782775879,14.21996021270752,8.076016426086426,14.595245361328125,0.14223837209302323,0.16263434923422015,1659.4753080696466,1067.353824567429,1554.2226982573297,482.9286591310432,3002.3255813953488,1917.67644918641,0.9503790140151978,1.1072537899017334
-482.558837890625,69.3808364868164,-17.119380950927734,29.27002716064453,-29.215770721435547,-0.32141226530075073,-18.718265533447266,-14.858498573303223,-6.58100700378418,-8.643433570861816,-6.326286792755127,-6.222268581390381,-3.7792446613311768,168.6328125,64.48283386230469,52.408119201660156,33.91018295288086,36.58378219604492,16.516786575317383,17.002023696899414,17.257925033569336,13.23944091796875,11.356278419494629,10.115377426147461,12.630378723144531,8.416403770446777,6.604084491729736,10.584491729736328,0.17070187165775402,0.12651194706630514,2009.465751896274,1199.5283871600634,1511.1490598418657,580.5490697381549,3614.224598930481,2050.0326886227035,0.9815047979354858,1.3776161670684814
-425.1915588378906,102.04183959960938,-17.16847801208496,22.607637405395508,3.5060043334960938,-3.5385820865631104,-18.000625610351562,-25.033227920532227,0.6880375742912292,-3.24139666557312,-15.365653038024902,5.067967891693115,-5.179241180419922,150.59933471679688,70.84431457519531,37.02833938598633,27.37358283996582,22.938993453979492,19.096580505371094,19.650653839111328,21.67010498046875,14.292888641357422,14.027534484863281,12.87556266784668,10.402790069580078,14.23188304901123,6.991194725036621,9.146685600280762,0.14786363636363636,0.14556985283467633,1583.7674340439114,1043.8150227663632,1352.967160101991,449.4006626076422,2866.3896103896104,1687.3339314598318,0.869247317314148,0.8459054231643677
-444.5440368652344,67.58776092529297,11.160317420959473,40.185184478759766,1.7875193357467651,12.648863792419434,-9.108985900878906,1.3549748659133911,-1.5486129522323608,-0.698029100894928,-1.4834895133972168,3.103606700897217,-3.8241732120513916,166.42337036132812,56.96243667602539,32.53411102294922,35.760704040527344,13.04404354095459,16.10789680480957,16.383169174194336,18.37135124206543,12.381850242614746,13.565497398376465,11.011286735534668,11.20468807220459,9.337102890014648,6.377830505371094,12.165468215942383,0.17580924855491328,0.19513666776189367,1934.6382868239916,1326.0668333863448,1563.7925602381792,378.9458850171523,3604.8554913294797,1741.0924770957242,0.8013914227485657,0.9612988233566284
-485.17236328125,81.97457885742188,6.877157211303711,21.439159393310547,-5.6493353843688965,2.553041458129883,-0.11872342228889465,-6.841276168823242,-7.831319332122803,-10.617969512939453,-1.630987524986267,-3.6355879306793213,-4.349852561950684,180.63230895996094,70.73371887207031,35.91257858276367,28.6973819732666,26.058732986450195,17.438186645507812,18.882356643676758,18.615453720092773,18.506032943725586,16.867977142333984,10.88762378692627,13.927624702453613,10.318236351013184,8.70919418334961,12.96997356414795,0.11823045267489711,0.1687255739938323,1663.8558102815543,1173.9240701946533,1625.5195143402634,608.5442037486594,3380.246913580247,1924.4405794858815,0.8816243410110474,1.3416407108306885
-434.9662780761719,109.97532653808594,-12.035627365112305,34.584720611572266,-19.297286987304688,-10.406506538391113,-17.82062339782715,-24.03990936279297,-5.925284385681152,-11.662105560302734,-1.5510265827178955,-3.9525437355041504,-3.6609303951263428,152.0367889404297,71.9423828125,54.428741455078125,49.964881896972656,33.823150634765625,21.932376861572266,23.20450782775879,21.570274353027344,17.440702438354492,14.145401000976562,9.75739860534668,10.904626846313477,7.736126899719238,15.20749282836914,17.615924835205078,0.11185828877005348,0.07944149950158919,1547.5859007169408,1163.8733415724405,1258.022439213215,662.0637935201661,2783.101604278075,2137.199178030669,0.7813942432403564,1.0798547267913818
-424.73785400390625,85.22272491455078,-30.371665954589844,19.083782196044922,-22.87782859802246,-0.9323889017105103,-16.23626136779785,-4.770673751831055,-11.690171241760254,-10.795514106750488,-4.100103378295898,-8.644383430480957,-7.130244255065918,149.78985595703125,49.70107650756836,51.42396926879883,20.694398880004883,33.71921157836914,14.968551635742188,17.5142822265625,12.957754135131836,13.562435150146484,11.716754913330078,10.117558479309082,12.604501724243164,10.006263732910156,7.2479329109191895,9.572148323059082,0.10591954022988505,0.09435284332476035,1513.1172875986708,782.2758188435362,1397.0882033034084,550.5452558088181,2939.2183908045977,1634.6844992461301,0.9301705956459045,1.074475646018982
-448.89654541015625,83.3760986328125,13.458979606628418,27.074155807495117,2.984600305557251,2.086148262023926,-12.583480834960938,-11.109334945678711,3.1528985500335693,-7.433981418609619,0.28966444730758667,5.763480186462402,-3.2089107036590576,161.6226806640625,65.54487609863281,21.78427505493164,36.858158111572266,20.924955368041992,17.301464080810547,23.272830963134766,20.81108856201172,14.879478454589844,17.22698211669922,11.843622207641602,14.355400085449219,12.176437377929688,16.558496475219727,24.67422103881836,0.10474598930481283,0.15194143229399507,1583.2797342413996,1109.2104397385176,1651.199044601133,564.2814945516058,3250.2673796791446,1926.6366563297438,0.8348187804222107,0.8403925895690918
-483.8846130371094,60.18122100830078,-1.3269383907318115,14.47188663482666,-12.647407531738281,-2.4160585403442383,-10.768033027648926,-7.930683612823486,-10.294771194458008,-11.65351676940918,1.3816781044006348,-2.791963577270508,-4.35062313079834,111.33531951904297,59.98393630981445,31.929302215576172,26.749116897583008,29.903169631958008,15.93088436126709,19.761608123779297,15.296223640441895,14.773738861083984,12.11214828491211,11.204021453857422,13.329334259033203,10.141308784484863,2.342888593673706,6.941940784454346,0.2219921875,0.22836371486532148,2188.346253249953,1492.685572922084,1614.977394452742,529.841964651206,3832.8125,2096.022623886429,0.8951518535614014,0.9099611639976501
-403.662109375,99.20046997070312,-4.94642972946167,37.44035339355469,13.435596466064453,5.7147088050842285,-5.172607898712158,-16.33853530883789,4.6592326164245605,-10.597851753234863,-5.326651573181152,3.615216016769409,-14.972212791442871,160.7889862060547,89.62118530273438,39.05360794067383,31.995649337768555,18.811662673950195,18.03707504272461,20.762630462646484,21.798067092895508,15.399200439453125,16.693527221679688,15.282367706298828,14.576518058776855,14.442774772644043,10.76282024383545,13.540000915527344,0.1533064516129032,0.18024636073290085,1792.1009715905614,1336.401325616203,1496.0636934290037,571.0333026699981,3427.2811059907835,2048.587797106601,0.8652591109275818,1.0489197969436646
-449.0922546386719,87.52204895019531,8.797308921813965,29.3824405670166,19.079280853271484,8.412803649902344,-3.4803202152252197,6.136600017547607,2.328251361846924,-2.4627575874328613,-3.3295912742614746,6.973087310791016,-3.6868858337402344,173.4833984375,76.60330963134766,33.89160919189453,31.69756507873535,19.770523071289062,18.530628204345703,20.913043975830078,13.53194808959961,11.394822120666504,15.9450101852417,13.4487943649292,9.4564790725708,15.316280364990234,6.578044414520264,11.46444320678711,0.12352339181286551,0.1695648611678775,1693.3331943441367,1238.4564930831887,1622.9037758465165,562.9273992015569,3294.502923976608,1973.0903607358882,0.8447321057319641,0.9685850143432617
-479.7942199707031,83.54827880859375,-3.717829465866089,38.80518341064453,8.2447509765625,-12.670809745788574,0.27543947100639343,-7.046591281890869,-7.4667277336120605,4.901371479034424,-0.6893541812896729,4.692019939422607,-2.4031198024749756,139.51170349121094,76.36659240722656,28.085302352905273,32.20602798461914,22.377304077148438,26.40778160095215,16.08696746826172,19.982154846191406,17.41254234313965,12.191612243652344,11.358983993530273,8.5933837890625,10.21087646484375,3.423586368560791,7.3315815925598145,0.12709459459459457,0.12002344417758047,1713.707483520254,948.1980803910268,1607.3615952046032,597.5304665719786,3575.289575289575,1703.9897008791268,0.8135181665420532,1.0475059747695923
-437.4999694824219,72.59725189208984,1.0730232000350952,51.85075759887695,-24.938060760498047,-7.062499046325684,-19.165821075439453,-12.949103355407715,-9.736421585083008,-10.45403003692627,-4.340924263000488,-4.016180515289307,-4.964300632476807,149.22752380371094,83.03846740722656,46.001014709472656,48.23032760620117,33.326698303222656,18.743595123291016,19.461753845214844,18.436784744262695,16.405479431152344,12.997868537902832,11.22292423248291,14.321951866149902,7.107284069061279,12.686795234680176,16.141925811767578,0.17704545454545456,0.21702262407973905,1801.1325323567266,1561.8116425693145,1217.6578476628101,590.7127485749685,3051.255411255411,2109.6795431041014,0.9733811616897583,1.2826833724975586
-443.7588195800781,108.99530029296875,3.1403589248657227,51.502586364746094,4.67318058013916,6.0332932472229,-0.8426461815834045,-14.712060928344727,4.0151472091674805,4.378538131713867,7.525857448577881,8.824263572692871,0.7118623852729797,173.85336303710938,83.61807250976562,41.69850540161133,28.733774185180664,31.96095848083496,16.467302322387695,20.49153709411621,28.421039581298828,13.740424156188965,14.6434326171875,11.495549201965332,13.010592460632324,12.21849250793457,9.288147926330566,11.602299690246582,0.10416249999999999,0.1270374643313932,1211.239528582556,1037.5898585833456,1238.3158238958495,432.01223197302045,2086.0,1689.8840196889253,1.0101807117462158,1.3551567792892456
-439.42633056640625,77.71782684326172,10.346785545349121,64.77857208251953,4.2989115715026855,12.14426040649414,-13.68189811706543,-14.57191276550293,-7.364903450012207,-2.5607717037200928,-5.256516933441162,11.053037643432617,-4.635228633880615,137.77859497070312,92.70762634277344,39.807456970214844,47.13616180419922,26.879196166992188,24.871158599853516,23.249269485473633,29.39333152770996,14.429076194763184,18.084884643554688,12.859794616699219,9.231863975524902,12.742681503295898,9.917293548583984,14.338861465454102,0.178961038961039,0.1980623196489464,1827.777389084006,1448.047875433958,1358.069508302086,546.424112744262,3198.2683982683984,1982.2756909611126,0.9252898097038269,1.10282301902771
-439.3648681640625,104.22125244140625,1.9167927503585815,34.407920837402344,10.85523796081543,6.054714679718018,-5.454726696014404,3.3470571041107178,-2.1678125858306885,-0.7844498157501221,-0.8763840198516846,8.029251098632812,-2.714884042739868,146.36941528320312,83.26111602783203,39.15193176269531,29.32985496520996,25.969369888305664,17.83345603942871,18.248157501220703,14.254585266113281,16.59208106994629,14.816851615905762,11.716780662536621,9.433697700500488,12.752288818359375,3.902146577835083,6.541945934295654,0.1305011135857461,0.18234971692819635,1561.386832520354,1360.858363489459,1341.58238573882,526.4791270536325,2686.0579064587973,2001.5634882605425,1.004028081893921,1.22732412815094
-400.18133544921875,113.36805725097656,0.8971830010414124,25.967967987060547,5.599238395690918,2.1200027465820312,-19.157512664794922,-19.072738647460938,2.782578945159912,-4.3681840896606445,-2.231112480163574,2.9285030364990234,-6.801480293273926,128.7631072998047,70.29557800292969,33.685401916503906,25.15352439880371,22.910980224609375,15.811399459838867,20.30277442932129,18.24751853942871,12.899648666381836,15.596675872802734,12.210387229919434,13.437653541564941,11.7167329788208,13.98361873626709,16.01209831237793,0.10766891891891892,0.14185536450685185,1345.7675834307436,1094.026053414775,1334.4635254600698,590.9445540626741,2506.6216216216217,1965.7635728635757,0.9030231833457947,0.9387067556381226
-466.32012939453125,78.99213409423828,10.719094276428223,46.26249694824219,-12.66413402557373,-6.991328716278076,-15.147466659545898,-9.389415740966797,-8.404343605041504,-10.02591609954834,-4.329044818878174,2.3552157878875732,-3.4096550941467285,144.9894561767578,73.25155639648438,47.52470397949219,43.215553283691406,27.14829444885254,16.531309127807617,17.386516571044922,16.959869384765625,14.34679889678955,13.852904319763184,9.61447811126709,12.885665893554688,8.726616859436035,9.42287540435791,12.769553184509277,0.1488793103448276,0.19142434552259435,1479.1016017289655,1426.2124666248362,1150.9440664325427,686.7328720632732,2562.920892494929,2179.099221157379,0.8978482484817505,1.2258034944534302
-439.8242492675781,67.32174682617188,2.703483819961548,47.83655548095703,-5.248909950256348,-3.623044490814209,-12.586909294128418,-7.970490455627441,3.025261402130127,-0.7153791785240173,4.179289817810059,8.22275161743164,3.420156717300415,162.68377685546875,98.01278686523438,44.484893798828125,55.757835388183594,20.36085319519043,21.439495086669922,19.413772583007812,21.43056869506836,12.808987617492676,15.132962226867676,7.219629764556885,10.761557579040527,13.39890193939209,7.807804584503174,11.700667381286621,0.21823232323232325,0.22742055237396058,2221.234117111347,1640.6033894035359,1466.8044673416844,531.6076241334243,3782.222222222222,1985.4356342344597,1.1175765991210938,1.29098379611969
-418.2078857421875,89.43975067138672,-8.56527328491211,18.31536865234375,-7.598252773284912,-0.6209680438041687,-14.80584716796875,-19.644155502319336,2.840989351272583,-5.0191192626953125,3.299715757369995,-3.4375860691070557,1.8011717796325684,164.8389892578125,82.9852066040039,49.46571731567383,26.828575134277344,25.904590606689453,15.002429962158203,18.31395149230957,27.040390014648438,17.881492614746094,12.64774227142334,11.75434684753418,13.535780906677246,10.721550941467285,14.559304237365723,21.64563751220703,0.15834975369458126,0.18117395183928203,1882.1695308459314,1438.6489004195353,1433.0643521301934,630.1728351287469,3292.4137931034484,2202.832834948219,1.0491551160812378,1.3270233869552612
-467.03704833984375,59.31378173828125,21.579113006591797,68.20337677001953,9.690511703491211,-1.0765999555587769,-7.656001567840576,-18.42521858215332,-3.4677083492279053,-7.64774751663208,-4.522557735443115,3.854520082473755,-4.245536804199219,131.54913330078125,90.90350341796875,41.376609802246094,67.63272094726562,23.992916107177734,21.96294593811035,20.170372009277344,27.22920799255371,12.487393379211426,21.825687408447266,12.881030082702637,11.191047668457031,13.516919136047363,10.58836841583252,15.479134559631348,0.2094024390243902,0.21669069277547331,2192.416454310722,1740.0726232540264,1435.3216835724988,541.8138340780151,3642.1463414634145,2321.2047498614374,0.9809685945510864,1.0845813751220703
-457.04071044921875,68.1736831665039,5.384703636169434,59.230018615722656,-7.296627044677734,-2.22501802444458,-7.544891834259033,-11.420929908752441,-2.9306821823120117,-5.048046112060547,-1.2069510221481323,8.905767440795898,-3.09916090965271,146.28366088867188,89.48289489746094,40.696754455566406,52.45454406738281,25.81195068359375,23.2636661529541,19.730012893676758,21.46722984313965,12.448986053466797,17.75531005859375,11.250752449035645,8.193683624267578,10.837342262268066,8.840092658996582,14.525003433227539,0.16987028301886795,0.1792340251398836,1810.2522013773519,1365.9809828767013,1325.5507708432503,549.3898755135016,3209.811320754717,1935.1549014748223,1.0389635562896729,1.3381404876708984
-454.70574951171875,80.63009643554688,-15.740859985351562,39.07632827758789,-42.58928680419922,-1.5144047737121582,-11.529473304748535,-21.266132354736328,-12.618245124816895,-11.555645942687988,-2.680349111557007,-12.50466251373291,-3.713129758834839,184.99691772460938,70.36222076416016,46.782127380371094,49.7882194519043,37.78384780883789,23.95547866821289,12.438263893127441,21.903392791748047,15.151398658752441,11.272848129272461,8.766214370727539,14.739169120788574,9.969578742980957,12.691235542297363,12.80450439453125,0.16064236111111113,0.13364311231569384,1995.116185913562,1253.4701898228006,1459.123538253915,592.1064046228055,3440.8333333333335,2145.0484001273467,0.8845915198326111,1.2032229900360107
-435.61212158203125,96.38628387451172,-0.1424686312675476,57.42390060424805,5.010090351104736,3.525458335876465,-6.418613910675049,-18.132755279541016,-3.9953761100769043,-0.2279370129108429,-4.686859130859375,9.533617973327637,-2.043738842010498,144.9603729248047,93.02747344970703,39.36233901977539,48.083518981933594,36.51847839355469,23.221567153930664,22.538406372070312,26.932039260864258,13.385966300964355,18.30845069885254,13.11233901977539,9.571975708007812,10.063919067382812,15.099799156188965,20.799650192260742,0.1448492462311558,0.18001825671494576,1580.4071228998891,1362.3662182396283,1245.201446943942,585.9792763610565,2806.6331658291456,1970.3970523284518,0.8694604635238647,1.1344033479690552
-441.673583984375,100.66515350341797,-8.436507225036621,54.456748962402344,-33.475364685058594,-9.914383888244629,-15.331596374511719,-25.0059814453125,-11.818129539489746,-17.5502872467041,0.1198585033416748,-10.770845413208008,-4.9318766593933105,151.5394744873047,73.97254180908203,51.96694564819336,54.3389778137207,40.9737434387207,18.945798873901367,14.973355293273926,19.256839752197266,18.002988815307617,12.572660446166992,11.599310874938965,13.26585865020752,12.4529390335083,12.341316223144531,12.675714492797852,0.09825129533678756,0.09359240985389747,1396.322560432321,983.57457629928,1228.647637734041,610.7969943927561,2551.0880829015546,1926.02556155,0.9008198976516724,1.1104737520217896
-418.34149169921875,106.7054214477539,-2.9345345497131348,42.026084899902344,-1.699127197265625,-7.879974365234375,-6.279608249664307,-7.837441444396973,-10.509734153747559,3.7866055965423584,-6.968697547912598,4.548257827758789,-11.08321762084961,139.34527587890625,73.23796081542969,35.05195617675781,30.377979278564453,19.077585220336914,21.484743118286133,18.227832794189453,17.64278221130371,13.431385040283203,14.82528018951416,13.258645057678223,12.28249454498291,13.44322395324707,7.7857561111450195,12.468620300292969,0.12546099290780144,0.1357152391517667,1485.7509294469644,1061.9828924306678,1332.2683069225066,486.99955916198337,2806.241134751773,1765.9845621547558,0.8045069575309753,0.8071050643920898
-475.8629150390625,58.74244689941406,18.09585952758789,59.90366744995117,8.273595809936523,-3.0442910194396973,-9.502947807312012,-10.458963394165039,-2.8515467643737793,-9.993063926696777,-3.623051643371582,3.743070363998413,-1.9683202505111694,135.88963317871094,84.93998718261719,42.60206604003906,54.82780838012695,22.70612144470215,22.207887649536133,18.379127502441406,21.705463409423828,12.130685806274414,16.411766052246094,10.836236953735352,10.678970336914062,12.84264850616455,9.507640838623047,15.373295783996582,0.1769928400954654,0.1827600868682138,2084.9025055378293,1552.480013797895,1512.6649493585965,633.3478949852366,3612.315035799523,2335.4675595595054,0.9557123780250549,1.0791382789611816
-448.1462707519531,98.49370574951172,-3.6027042865753174,36.95712661743164,1.0127724409103394,-0.6984428763389587,-1.8872337341308594,-4.870683193206787,-5.7996134757995605,-1.6199250221252441,-9.794032096862793,0.9647279381752014,-4.250060558319092,158.31271362304688,78.86254119873047,34.52738952636719,33.829715728759766,18.90046501159668,16.577190399169922,18.672096252441406,18.830827713012695,13.391278266906738,16.0174617767334,13.77042007446289,10.02379035949707,9.551346778869629,6.576651573181152,9.861224174499512,0.11034246575342466,0.15283290357720053,1407.1086550556342,1177.5352095900378,1282.169754370382,592.2161792539588,2639.123287671233,1899.1953014419894,0.8730323314666748,1.1642017364501953
-453.1621398925781,119.98786163330078,5.476523399353027,18.954269409179688,-13.694210052490234,-10.88077449798584,-26.422481536865234,-24.075973510742188,-18.079025268554688,-10.421878814697266,-6.411863803863525,-5.905205726623535,-2.8511626720428467,135.72991943359375,69.64414978027344,57.365875244140625,40.068477630615234,32.08428192138672,28.892688751220703,26.99931526184082,24.739046096801758,20.60703468322754,11.86368465423584,11.149576187133789,16.056293487548828,13.75049114227295,20.409862518310547,19.331207275390625,0.09614754098360655,0.11252920729283238,1120.2057782994834,892.7052952675851,1086.6968726460182,664.7511991513707,2001.639344262295,1786.26745223414,1.0574382543563843,1.3144885301589966
-438.03009033203125,79.23930358886719,-33.54652786254883,25.62139320373535,-20.616819381713867,-1.2805689573287964,-18.513187408447266,-15.395737648010254,0.6010218858718872,-3.8724331855773926,-11.18763542175293,-1.9863765239715576,-9.1146879196167,142.02435302734375,61.51964569091797,59.08418273925781,28.526782989501953,33.35300064086914,18.376243591308594,21.142953872680664,21.687227249145508,14.613774299621582,16.293804168701172,12.163159370422363,14.514721870422363,11.196105003356934,6.278696537017822,9.53420639038086,0.19320336391437307,0.21284291077595974,1906.1968768264273,1387.5537095100576,1331.2503890276228,493.54011890635445,3178.7155963302753,1890.3229021694242,0.9433332681655884,1.0696063041687012
-434.0180358886719,63.95046615600586,-10.119197845458984,34.39418029785156,-25.117631912231445,-1.3960070610046387,-17.72300910949707,-16.2270565032959,-5.109832286834717,-11.072734832763672,-2.8967339992523193,-2.777873992919922,-1.236097812652588,155.29481506347656,90.8465805053711,53.66107177734375,36.64253234863281,24.72917938232422,16.319351196289062,17.821439743041992,22.767972946166992,14.551858901977539,10.47850227355957,10.042869567871094,13.931553840637207,7.9668192863464355,12.363344192504883,16.1909122467041,0.21334319526627216,0.1747169916963528,2220.7448918859786,1472.8441458510777,1436.6358595459894,545.0513692343852,3656.804733727811,2216.1433991105764,1.0223468542099,1.4020650386810303
-442.50653076171875,98.87293243408203,5.103097438812256,33.98802185058594,11.179587364196777,12.448026657104492,2.3464934825897217,-3.7144012451171875,1.4423953294754028,4.2783050537109375,2.4656715393066406,10.63011646270752,-5.337380409240723,146.0771942138672,79.60488891601562,32.13717269897461,28.829322814941406,22.029348373413086,16.807802200317383,17.29134178161621,18.871910095214844,15.564186096191406,12.914029121398926,12.161014556884766,12.518035888671875,15.772854804992676,4.679513454437256,11.055572509765625,0.10835555555555554,0.12601770696666323,1587.4580309527512,1067.7727592187211,1555.9337180247069,547.7826789754262,3176.5333333333333,1805.9940888299964,0.8209278583526611,0.8740642070770264
-489.4606628417969,46.65505599975586,29.756237030029297,32.486454010009766,11.246162414550781,12.495431900024414,-10.888978004455566,-0.8550063371658325,3.9641010761260986,9.961957931518555,7.2880072593688965,8.703989028930664,7.850460529327393,145.017822265625,85.67408752441406,26.268081665039062,40.440185546875,20.605676651000977,15.49948501586914,20.225454330444336,19.297496795654297,14.552964210510254,10.196415901184082,8.982687950134277,10.321306228637695,11.687410354614258,7.095746040344238,13.191875457763672,0.22036111111111106,0.2611426709650597,2222.373844734158,1849.8957869415303,1546.7702529712856,594.627310481372,3525.777777777778,2537.8805583389976,1.0586071014404297,1.5106757879257202
-493.3877258300781,58.817962646484375,-14.2491455078125,50.81574249267578,-34.60805130004883,-6.955086708068848,-20.944597244262695,-10.547221183776855,-12.543797492980957,-13.039505958557129,-4.172168254852295,-5.871618747711182,-6.078761100769043,172.08975219726562,65.87179565429688,66.0828628540039,49.70972442626953,38.76496124267578,19.258853912353516,15.291577339172363,14.990545272827148,16.51556396484375,13.562625885009766,11.446549415588379,16.64005470275879,10.178915023803711,6.889498710632324,8.86471176147461,0.17604166666666668,0.22382670550500053,1753.5840991084308,1558.0945364367826,1148.7481181573103,651.3839764120385,2919.3333333333335,2180.4198372484752,0.8646003603935242,1.2483352422714233
-447.9395446777344,116.37842559814453,15.16427993774414,63.364994049072266,16.599349975585938,7.098527431488037,2.70070481300354,-17.52660369873047,3.5018203258514404,-2.7187376022338867,6.079288959503174,11.506305694580078,-1.6524105072021484,156.5743865966797,78.77721405029297,39.81646728515625,45.903717041015625,25.212617874145508,21.045047760009766,18.61522102355957,30.59916877746582,14.264843940734863,19.957054138183594,11.420849800109863,12.06390380859375,11.879255294799805,12.592681884765625,14.556717872619629,0.07795454545454544,0.12727450282852387,1118.975640566322,1047.356015101435,1233.2251415922622,562.069013329567,2226.3636363636365,1747.480122021279,0.9474906921386719,1.1941434144973755
-459.605712890625,106.90409088134766,15.184325218200684,70.18611145019531,2.9878835678100586,-4.638140678405762,6.0004754066467285,-17.927331924438477,-2.0181949138641357,-12.509249687194824,0.11268980801105499,10.097273826599121,-6.192071914672852,149.27938842773438,94.42710876464844,45.546993255615234,60.077369689941406,34.11335372924805,28.329086303710938,22.026081085205078,26.720548629760742,14.115501403808594,21.95513916015625,13.164591789245605,10.579245567321777,14.841882705688477,12.504348754882812,13.709916114807129,0.11665853658536585,0.15642595220962438,1260.5858610581874,1235.302581626943,1148.3499815007024,502.53923773491545,2110.439024390244,1932.4944836166555,0.8540602326393127,1.1445032358169556
-442.02081298828125,89.02403259277344,-14.595710754394531,13.810723304748535,-19.90298843383789,5.715029716491699,-8.102608680725098,-16.53535270690918,-4.499004364013672,-7.117588520050049,-10.179400444030762,-6.778439998626709,-8.233235359191895,147.50840759277344,72.44058227539062,52.10515594482422,32.4052734375,34.657047271728516,20.835498809814453,14.489013671875,20.001861572265625,12.956206321716309,13.180161476135254,9.795907020568848,15.150729179382324,7.277615070343018,8.454546928405762,15.21227741241455,0.13702922077922078,0.20590053421567878,1430.5233878553731,1430.3599757992608,1074.9654114366,680.9447050885826,2338.181818181818,2135.6788070639623,0.8535037636756897,1.1980994939804077
-469.3267822265625,93.25570678710938,16.761146545410156,46.863685607910156,14.53010368347168,8.5188570022583,-9.515291213989258,-3.121211528778076,4.771705627441406,-0.4433024227619171,-2.2698962688446045,10.93186092376709,0.321413516998291,155.98141479492188,79.22320556640625,32.25014114379883,30.01024055480957,19.00924301147461,19.22372817993164,23.775104522705078,16.303356170654297,15.250811576843262,13.113285064697266,11.488337516784668,10.351263046264648,9.76821517944336,9.35470962524414,15.143467903137207,0.07983993902439024,0.114776563783286,1299.844166627758,984.8685638341552,1456.843285970134,580.4726457926915,2591.3414634146343,1832.9206749000098,0.9131171703338623,1.0381133556365967
-425.7958679199219,83.76712799072266,18.23890495300293,41.28260803222656,18.49703598022461,11.670588493347168,-11.279943466186523,-3.85837459564209,-3.3086841106414795,6.804084300994873,-4.208670616149902,5.54331636428833,2.633371114730835,140.29922485351562,72.1468734741211,29.769996643066406,29.656578063964844,22.535078048706055,16.424583435058594,17.189939498901367,12.862893104553223,14.146526336669922,11.900093078613281,12.384809494018555,9.427899360656738,10.241984367370605,7.632657051086426,12.508759498596191,0.1247282608695652,0.1387560172290387,1606.1599938188665,1123.8656388509607,1536.705891019404,529.8468364823337,3041.8840579710145,1979.6360193647067,0.9099079966545105,0.9974352717399597
-427.20159912109375,96.22222137451172,-17.31756591796875,39.35723114013672,-28.267803192138672,-2.8781628608703613,-22.058555603027344,-18.310420989990234,-4.026221752166748,-9.636731147766113,-5.596416473388672,-2.417569160461426,-3.3574070930480957,155.41099548339844,76.43301391601562,52.781185150146484,34.10894012451172,38.479164123535156,22.097002029418945,18.37896156311035,21.48853874206543,12.950517654418945,10.895009994506836,9.930268287658691,14.149563789367676,7.941397190093994,14.066247940063477,16.894685745239258,0.1363469827586207,0.12409843523923776,1591.2089531127115,1075.1144501524316,1278.212064015206,593.8357718236595,2808.103448275862,1966.1470784572655,0.9727458357810974,1.3231251239776611
-420.55517578125,109.39134979248047,-4.48948860168457,58.72309112548828,-3.899260997772217,-1.5712860822677612,-2.999066114425659,-23.361862182617188,-0.22825987637043,-7.965212821960449,2.308824300765991,7.931848049163818,-4.807905673980713,168.14305114746094,87.30892944335938,43.16035842895508,49.29892349243164,29.893522262573242,19.825166702270508,18.946016311645508,25.12672233581543,11.88546085357666,22.370431900024414,11.693765640258789,7.932018756866455,12.669127464294434,16.237180709838867,16.873252868652344,0.12007317073170731,0.1522173334323773,1511.7512738681796,1197.873783118531,1316.0537015386972,635.6957424344794,2820.487804878049,1999.8814004097685,0.7567620277404785,0.9261959791183472
-428.8093566894531,88.64405822753906,15.406387329101562,45.936954498291016,14.606098175048828,14.439017295837402,-13.648760795593262,-1.6600348949432373,-5.622539043426514,9.926714897155762,-6.8716864585876465,8.469382286071777,0.2751529812812805,138.94041442871094,72.25286102294922,30.952470779418945,30.281038284301758,24.94432258605957,17.17192268371582,18.58480453491211,13.928949356079102,14.455659866333008,13.170774459838867,13.410974502563477,10.091158866882324,9.673681259155273,8.1179780960083,13.140817642211914,0.11216117216117216,0.1363158287179651,1501.1785470631933,1090.3739625653689,1452.047189100031,513.1546531635288,2825.934065934066,1895.0395888402295,0.8894938230514526,0.9916995763778687
-471.8146667480469,88.94452667236328,-11.08890151977539,19.852384567260742,-10.142034530639648,1.401864767074585,-15.676644325256348,-11.451592445373535,-8.418464660644531,-4.500483989715576,-13.389544486999512,-4.608170032501221,-10.084842681884766,159.42568969726562,68.05223083496094,40.556087493896484,25.83824348449707,24.93740463256836,16.214595794677734,19.918237686157227,15.922250747680664,10.262969017028809,13.739285469055176,17.412744522094727,13.410284996032715,10.94890022277832,5.2569804191589355,9.402961730957031,0.12631944444444446,0.14428000455539977,1748.3882763344689,1297.6263765372762,1466.4467769123526,652.06021800264,3148.5185185185187,2282.253927677156,0.7242776155471802,0.9465882778167725
-467.0166931152344,83.10858154296875,-17.143049240112305,32.93115997314453,-21.716154098510742,-5.794211387634277,-18.1301326751709,-18.70060920715332,-3.542973041534424,-13.865077018737793,-3.1040618419647217,-8.028341293334961,-4.447636604309082,166.96197509765625,68.10938262939453,48.927677154541016,42.04011917114258,33.43705749511719,20.445043563842773,18.269250869750977,19.407028198242188,16.333988189697266,13.608565330505371,9.11595344543457,11.84764575958252,8.19063663482666,9.729243278503418,13.177628517150879,0.1560810810810811,0.14066362780982528,1935.6421539540165,1401.959996955477,1375.4118864991945,594.9787468343512,3257.4174174174173,2235.866909673899,0.8675143718719482,1.2488445043563843
-407.14306640625,67.67072296142578,-31.70380401611328,52.965667724609375,-35.844390869140625,2.3753271102905273,-22.8161678314209,-14.87768268585205,-8.641212463378906,-14.274503707885742,-6.961390495300293,-16.212858200073242,-5.297786235809326,155.07872009277344,59.80500793457031,58.27482986450195,45.56939697265625,33.70039749145508,21.13048553466797,17.350475311279297,19.544204711914062,18.243370056152344,12.73183822631836,14.278156280517578,15.196296691894531,7.956603050231934,14.7881441116333,15.206876754760742,0.13780555555555554,0.12793543715580494,1604.8399095230438,1019.072150802493,1199.2574737665443,527.5581296526768,2893.777777777778,1636.0674923444242,0.9433746933937073,0.9131141304969788
-443.4603271484375,96.77134704589844,3.881227731704712,40.71857833862305,14.042760848999023,4.149662494659424,-4.453949928283691,-14.792119979858398,-0.10040134191513062,-8.590774536132812,-5.465542793273926,-1.6482925415039062,-10.449610710144043,167.27191162109375,70.4469985961914,31.773950576782227,36.83082580566406,18.448923110961914,16.945276260375977,16.157304763793945,22.058887481689453,13.773621559143066,17.618335723876953,11.42814826965332,12.442060470581055,13.668156623840332,9.249271392822266,13.085647583007812,0.07971794871794871,0.0923450743394936,1416.133158677515,860.6723587649864,1590.7915966407927,605.8897353944762,3115.076923076923,1822.5685929846707,0.9241536259651184,1.1804499626159668
-475.0035400390625,115.57902526855469,12.768322944641113,79.21898651123047,10.043566703796387,4.586301326751709,1.5662800073623657,-10.88021183013916,1.8769844770431519,1.3863978385925293,0.056881990283727646,10.200152397155762,-2.3118367195129395,149.0960693359375,73.50464630126953,48.76325607299805,60.67571258544922,31.8135929107666,23.641544342041016,23.057056427001953,23.335878372192383,15.885307312011719,21.70804214477539,11.27525806427002,12.111627578735352,12.772961616516113,6.616711616516113,7.425847053527832,0.08541666666666667,0.10533481371226694,1060.7799373562818,911.7800368262185,1137.3324975951175,474.6906956375709,1976.8181818181818,1571.3810361849041,0.9909205436706543,1.211138129234314
-422.09173583984375,120.05438232421875,-9.21741008758545,57.172855377197266,15.844257354736328,-5.232973098754883,-2.0183427333831787,-19.822084426879883,1.712208867073059,-0.06590037792921066,1.1531391143798828,8.328817367553711,-2.530147075653076,147.7399139404297,91.37609100341797,46.2615966796875,39.9617919921875,22.61606788635254,19.728994369506836,16.631349563598633,24.971364974975586,15.525184631347656,15.53947925567627,10.731619834899902,9.837696075439453,9.994153022766113,11.127851486206055,13.272266387939453,0.09115763546798031,0.11143550467774341,1149.2090254355905,947.9591411730493,1175.806777661559,525.9732510458845,2123.349753694581,1614.5827476784598,0.9735771417617798,1.2602039575576782
-465.72650146484375,89.2989501953125,9.181382179260254,40.167442321777344,0.32900795340538025,13.640901565551758,-12.860503196716309,-3.1894419193267822,1.2343199253082275,-2.7592201232910156,4.2112860679626465,1.051990032196045,4.2677812576293945,185.2328338623047,81.80517578125,31.043956756591797,32.00069046020508,22.348665237426758,14.989331245422363,21.0091609954834,18.509286880493164,12.826276779174805,15.93582534790039,9.91218376159668,11.95490550994873,8.86256217956543,9.802096366882324,12.821252822875977,0.1031418918918919,0.14668842278859137,1575.3409445254856,1125.09166560765,1567.0934190874411,644.1793084743791,3192.7027027027025,1902.840193896011,0.7859051823616028,1.0377678871154785
-441.7086181640625,94.60110473632812,-3.1962318420410156,46.75038528442383,-5.491529941558838,-6.1108078956604,-14.761521339416504,-20.160198211669922,-4.499914646148682,-7.081557750701904,0.4343915581703186,1.6202703714370728,-4.490095138549805,139.16268920898438,86.03944396972656,52.460426330566406,56.87928009033203,34.61808776855469,22.004549026489258,21.989181518554688,28.035924911499023,16.76371955871582,20.663562774658203,9.769908905029297,15.697516441345215,12.008070945739746,13.166096687316895,16.02397346496582,0.14674311926605504,0.1808258655317763,1574.9084876464776,1335.9299069162437,1231.6682728688747,576.8664006936441,2789.908256880734,1942.061939985222,0.8907252550125122,0.9589734673500061
-460.67779541015625,72.63949584960938,-3.9670495986938477,44.63359832763672,3.2511279582977295,6.362565517425537,-1.1858760118484497,0.9700916409492493,-1.51450777053833,-10.336271286010742,-0.992967426776886,-2.0910022258758545,-0.6821361780166626,176.48629760742188,67.12966918945312,31.815662384033203,39.83363342285156,17.968652725219727,19.819541931152344,17.86499786376953,17.858810424804688,15.325498580932617,20.75623321533203,14.619074821472168,12.245635032653809,13.265093803405762,5.117955684661865,8.638214111328125,0.15287974683544303,0.14999661842580456,1928.2006626168688,1099.1939237345505,1641.3402119130637,452.9367717883947,3708.3544303797466,1573.8837156310096,0.8433961272239685,1.2773300409317017
-428.64007568359375,102.69709777832031,-14.133331298828125,16.896120071411133,1.1863610744476318,-7.863629341125488,-7.220523834228516,-15.1738920211792,4.337627410888672,-12.36303997039795,-1.4322302341461182,-18.382509231567383,-3.560023546218872,170.89857482910156,44.650997161865234,45.48493576049805,22.892366409301758,17.629858016967773,20.197711944580078,17.110036849975586,20.986764907836914,17.709104537963867,19.018474578857422,10.646366119384766,19.00047492980957,10.65934944152832,13.713253021240234,16.223726272583008,0.07704248366013072,0.047462952449982936,1336.3669697872426,533.9900184547542,1522.4531835647713,537.1944168218797,2791.8954248366013,1541.9628233330268,0.9153642058372498,1.0381360054016113
-401.10162353515625,115.5030517578125,9.967971801757812,35.602046966552734,1.6367173194885254,6.533782482147217,-6.036623477935791,0.42703303694725037,-7.799216270446777,1.4517325162887573,-7.700919151306152,6.605230331420898,-3.844552993774414,165.22410583496094,81.10016632080078,28.873735427856445,25.76227378845215,23.807144165039062,16.939529418945312,19.735443115234375,18.975414276123047,17.519901275634766,14.232748031616211,14.419600486755371,8.875267028808594,11.345314025878906,13.905207633972168,19.884790420532227,0.0916627358490566,0.14082129608882946,1209.2028443648287,1066.640563350699,1280.4661251112027,519.9803345296222,2181.132075471698,1764.4344439747179,0.9670018553733826,1.3165042400360107
-447.7587890625,81.13772583007812,8.615974426269531,61.142921447753906,-3.7300400733947754,-3.0050389766693115,-6.819652080535889,-19.186429977416992,-2.7876343727111816,-7.654385566711426,-2.585995674133301,2.134971857070923,-4.987964153289795,132.07296752929688,102.15589904785156,51.56792449951172,53.683746337890625,33.00162124633789,21.989614486694336,20.67443084716797,23.180349349975586,15.861285209655762,19.089975357055664,10.844746589660645,12.677531242370605,13.666279792785645,7.753815174102783,9.721687316894531,0.1904076923076923,0.18746539972665505,1953.3263218748714,1572.298131815732,1272.214535496466,517.9623345032877,3187.6923076923076,2220.625254452011,1.0834393501281738,1.07638418674469
-485.8540954589844,85.14608764648438,1.1527599096298218,37.69192886352539,1.3048385381698608,-6.818583011627197,0.22610989212989807,-5.605729579925537,-2.792794704437256,9.158696174621582,-2.4816665649414062,8.356682777404785,-4.8841681480407715,170.44728088378906,78.38487243652344,41.041568756103516,27.63156509399414,27.887985229492188,27.15373992919922,16.163330078125,15.945472717285156,15.563902854919434,14.54104995727539,15.187192916870117,10.947644233703613,11.5814208984375,4.96262788772583,8.753597259521484,0.13682222222222223,0.15422768722305616,1809.3994193812962,1079.405571058675,1632.200147258754,580.937720109771,3638.5777777777776,1777.1642141205232,0.9587991833686829,1.290318250656128
-479.4069519042969,59.506996154785156,6.52616024017334,30.531085968017578,7.117276191711426,8.489649772644043,-1.8102682828903198,-5.505756378173828,-5.198732376098633,4.113190650939941,-2.611543893814087,6.339459419250488,-0.6522523760795593,154.82090759277344,71.02491760253906,31.81271743774414,28.10492515563965,17.226350784301758,15.04310131072998,14.438394546508789,19.34450340270996,13.095451354980469,9.741053581237793,10.178668022155762,8.689996719360352,10.093352317810059,5.974605083465576,12.269801139831543,0.19368534482758618,0.20874715081859466,2214.2920703420027,1315.8018834716245,1763.9455563076435,497.43091898859507,4079.655172413793,1727.781081995295,0.9060620665550232,1.2786486148834229
-442.3125305175781,52.41787338256836,-22.451444625854492,26.60520362854004,-25.250272750854492,-3.758686065673828,-16.389148712158203,-9.58832836151123,-6.896119594573975,-7.992968559265137,-4.35763692855835,-8.439299583435059,-4.964127540588379,173.0194854736328,63.86909866333008,64.41056060791016,39.23488998413086,33.46553039550781,23.17994499206543,20.365324020385742,17.077543258666992,13.685522079467773,13.552736282348633,12.547700881958008,13.446144104003906,8.683801651000977,9.173303604125977,13.2337064743042,0.2509222222222222,0.2067540394756682,2425.404696393457,1484.2710938037671,1494.4563328577012,565.0626562308869,3933.866666666667,2047.8523557891353,1.0300308465957642,1.1709874868392944
-451.4183349609375,106.94965362548828,-13.369674682617188,33.612335205078125,-19.37869644165039,-7.907352447509766,-16.863933563232422,-27.709077835083008,-5.556753158569336,-17.033456802368164,2.864302158355713,-14.272382736206055,-4.107476711273193,175.15322875976562,66.43521881103516,52.11787414550781,41.41035842895508,30.114816665649414,19.182445526123047,20.394180297851562,21.262914657592773,15.146785736083984,13.683510780334473,10.973761558532715,14.298449516296387,7.812751770019531,16.334165573120117,16.895122528076172,0.08822222222222223,0.05697535746289523,1390.3916265447576,995.61276966179,1293.2108980816051,692.4584888373605,2615.703703703704,2119.516905383985,0.9567739963531494,1.3180170059204102
-437.6125183105469,72.23123168945312,-7.17101526260376,40.98326873779297,-30.894790649414062,-5.571158409118652,-23.524478912353516,-16.367332458496094,-14.121524810791016,-9.126823425292969,-2.069148302078247,-2.97070050239563,-3.3607616424560547,150.78759765625,65.87321472167969,36.90366744995117,45.380950927734375,34.360042572021484,19.88338279724121,21.09613609313965,20.117351531982422,14.022509574890137,12.054091453552246,8.701044082641602,12.479395866394043,8.371345520019531,15.521787643432617,22.515621185302734,0.16518867924528302,0.154188647209982,1894.5592983836332,1195.7510139814124,1513.423789432332,535.1742439727753,3521.509433962264,1916.4859708137951,0.9122903347015381,1.0888527631759644
-457.45672607421875,69.46217346191406,-3.6873321533203125,39.801780700683594,-21.63078498840332,-2.704009532928467,-21.637056350708008,-13.239998817443848,-6.055866718292236,-11.862604141235352,-4.25242280960083,1.8188401460647583,-5.967116832733154,137.75357055664062,82.97747039794922,52.688819885253906,38.742713928222656,31.070716857910156,20.339740753173828,18.838272094726562,16.7469482421875,13.21706771850586,14.75043773651123,10.450651168823242,13.331273078918457,9.490736961364746,9.696883201599121,15.698097229003906,0.17626027397260277,0.17871071959609774,1735.6930154959275,1348.6691017151238,1214.557078046048,557.588934325872,2892.7123287671234,2006.2861585830606,0.9819391369819641,1.1372437477111816
-476.50848388671875,60.68339538574219,8.140923500061035,39.97138214111328,2.2000205516815186,10.779184341430664,-8.262202262878418,0.25978103280067444,-1.5737429857254028,-4.9787678718566895,3.335486650466919,3.8117082118988037,-2.3215231895446777,156.57505798339844,67.48878479003906,29.63943862915039,42.624141693115234,23.24698257446289,14.677876472473145,17.804441452026367,17.068058013916016,12.96161937713623,17.376604080200195,12.167734146118164,10.54192066192627,11.412532806396484,4.571742057800293,10.991366386413574,0.14867117117117115,0.18437994249083237,1734.6130834237865,1310.59092637058,1524.8249144699678,625.0101532247522,3301.981981981982,2074.909956360198,0.7629115581512451,1.0912716388702393
-446.13104248046875,84.87774658203125,5.967412948608398,71.7102279663086,16.054546356201172,-2.564655303955078,-5.741517066955566,-16.62068748474121,3.5269062519073486,-4.771249294281006,-2.3565940856933594,11.39565658569336,0.4886571764945984,145.63632202148438,102.00687408447266,38.137699127197266,63.07732391357422,30.482192993164062,24.635726928710938,20.77146339416504,23.73801040649414,12.092077255249023,18.6844539642334,12.108899116516113,9.193584442138672,11.340407371520996,9.493674278259277,12.008462905883789,0.1656923076923077,0.16674937494153466,1777.1769772915466,1379.1038422283505,1337.7157693092522,563.4547126919599,3138.25641025641,2045.5216965793488,0.9151551723480225,0.9465087652206421
-474.0605773925781,79.76319122314453,26.102859497070312,36.05362319946289,6.6563801765441895,12.306973457336426,-3.253310203552246,-8.342042922973633,0.08603987842798233,3.5957729816436768,4.529496192932129,5.6863837242126465,1.769803762435913,176.97584533691406,79.23612976074219,39.55459213256836,38.988582611083984,24.17906379699707,15.476144790649414,21.448305130004883,21.145193099975586,12.366617202758789,15.807842254638672,11.641658782958984,9.357110023498535,11.241179466247559,7.938541412353516,11.42233657836914,0.11948051948051949,0.16653133244361082,1585.6114847330207,1266.1869276007615,1592.944283205609,644.8133701194191,3117.9220779220777,2172.402068488912,0.8215817809104919,0.9815346598625183
-463.3385009765625,54.19574737548828,8.94454574584961,60.4237174987793,-24.41236686706543,-11.327845573425293,-10.661163330078125,-23.015439987182617,-14.612176895141602,-16.10721206665039,-0.5879636406898499,-20.67702865600586,-2.2918808460235596,155.0265655517578,54.74884796142578,53.288787841796875,53.956912994384766,40.735469818115234,17.2436466217041,21.176162719726562,23.381128311157227,17.338356018066406,14.136048316955566,12.769058227539062,17.95471954345703,10.426677703857422,12.238751411437988,13.318341255187988,0.19228260869565217,0.2337782751531189,2209.789670278268,1707.2571767923819,1511.5284753558062,552.4920167295049,3633.2919254658386,2346.972088266604,0.9318608641624451,1.195602297782898
-463.1355895996094,97.51824188232422,2.4453189373016357,75.4735107421875,18.75921630859375,-1.441525936126709,-4.08980655670166,-18.505064010620117,4.6975531578063965,-7.248418807983398,-0.9970014095306396,8.616602897644043,-4.188668251037598,160.8046417236328,77.38430786132812,42.73695755004883,51.79392623901367,21.605976104736328,25.11219024658203,17.904281616210938,26.28874969482422,12.463329315185547,19.927322387695312,12.506840705871582,9.671335220336914,12.461190223693848,10.728018760681152,14.0527925491333,0.11180434782608696,0.13567005525958883,1367.674535441412,1090.5796717990547,1347.74699982729,492.63922991299455,2669.7391304347825,1672.0929144505594,1.0886493921279907,1.515626311302185
-460.4025573730469,87.25935363769531,-2.1839678287506104,46.336517333984375,5.726297855377197,1.1570868492126465,-10.843759536743164,-9.492606163024902,-3.769040822982788,-1.652876853942871,3.605214834213257,8.865629196166992,-8.0426607131958,159.71778869628906,84.73424530029297,43.48531723022461,48.68362808227539,24.850130081176758,21.77712631225586,22.790929794311523,29.673166275024414,14.645096778869629,21.354001998901367,13.099922180175781,11.339664459228516,14.471883773803711,9.305742263793945,13.460040092468262,0.14358381502890175,0.17261384003818697,1616.561210627397,1328.0499913800036,1305.1230279987803,607.9609017531607,2904.0462427745665,1965.73063330587,0.8867619633674622,1.0697827339172363
-383.5565185546875,107.39173126220703,-8.749334335327148,43.335758209228516,-1.4854882955551147,6.983462810516357,1.4767388105392456,-8.361872673034668,-0.2029896229505539,-9.224093437194824,-2.644031047821045,1.9102017879486084,-7.3887715339660645,161.31671142578125,60.9107666015625,29.282737731933594,32.12692642211914,22.92755699157715,14.597505569458008,14.354804039001465,20.25153350830078,13.76966381072998,17.502777099609375,12.099672317504883,11.3761568069458,11.10351276397705,10.953595161437988,13.506485939025879,0.09817000000000001,0.09704007471143043,1405.9406086567717,789.7587361761672,1387.610425583317,379.85746254530375,2783.68,1392.2859108674481,0.8615360260009766,1.1715136766433716
-483.1566467285156,49.65022659301758,-6.386627197265625,32.15483474731445,-13.07409381866455,-7.173910617828369,-11.874781608581543,-16.90185546875,-2.750196695327759,-8.784769058227539,-1.8348475694656372,-7.980719089508057,-3.0592501163482666,159.32882690429688,78.99095153808594,57.20342254638672,40.77784729003906,32.386016845703125,20.44146156311035,19.278032302856445,17.852703094482422,17.875539779663086,12.36054515838623,12.205575942993164,15.58039379119873,10.15416145324707,9.141680717468262,15.457962989807129,0.20068181818181818,0.15253493125785017,2368.2820359098578,1352.5195027884658,1583.524229286135,612.9148362649712,4031.688311688312,2101.8516280857602,1.0654174089431763,1.4983383417129517
-435.05780029296875,115.79734802246094,10.954145431518555,55.83662414550781,-6.609700679779053,-1.814093828201294,1.6413946151733398,-18.985836029052734,-9.340933799743652,-6.675053119659424,-1.4353177547454834,2.853879928588867,-6.010115146636963,158.2308807373047,85.06147003173828,46.606689453125,53.161537170410156,41.138282775878906,20.172571182250977,22.557981491088867,23.922685623168945,10.814964294433594,14.82627010345459,11.724392890930176,11.576250076293945,10.290592193603516,12.279937744140625,14.192390441894531,0.10394495412844036,0.1327675132187174,1346.4647694365995,1137.5941570448626,1226.9523459236964,626.2528851426963,2441.8348623853212,1994.6084047566576,0.9520509243011475,1.0996456146240234
-453.6721496582031,79.62042236328125,-6.640739440917969,22.74970817565918,-5.909334659576416,0.7082220315933228,-13.804815292358398,-10.636114120483398,-8.47146224975586,-7.502957344055176,2.694279909133911,-4.306367874145508,-4.2933669090271,134.54977416992188,66.92949676513672,41.37474822998047,32.187416076660156,27.40265655517578,15.793951988220215,22.026092529296875,16.697635650634766,14.693756103515625,13.49651050567627,10.817482948303223,14.603470802307129,10.054909706115723,3.8585238456726074,7.112437725067139,0.14428085774058577,0.17133337337576318,1771.5445240008842,1242.130835557686,1519.3578691507887,566.2464997536814,3301.5481171548117,1944.3106868111174,0.9165810346603394,0.9604507684707642
-413.6558837890625,74.65514373779297,-1.867093563079834,67.46598815917969,-33.96273422241211,-7.952373504638672,-10.056795120239258,-8.043350219726562,-10.952442169189453,-12.80012035369873,-3.563460350036621,-10.870556831359863,-3.59629487991333,160.6088409423828,56.330291748046875,47.09444808959961,43.08776092529297,26.48721694946289,14.670088768005371,13.412920951843262,13.672215461730957,17.99032211303711,12.292283058166504,8.344684600830078,10.944942474365234,8.015204429626465,14.69174861907959,17.429197311401367,0.133061797752809,0.13239568334184693,1699.840281338256,993.074556661137,1489.6199100688914,454.8509329031091,3413.0337078651687,1482.51563039632,1.0900472402572632,1.5422451496124268
-475.1041259765625,54.77562713623047,-8.660036087036133,33.70350646972656,-21.842636108398438,-4.952556610107422,-18.220823287963867,-10.345590591430664,-5.512039661407471,-10.429252624511719,-3.325969696044922,-5.323727607727051,-1.8215101957321167,159.09750366210938,73.44896697998047,56.51603317260742,36.83758544921875,33.86665344238281,16.510656356811523,18.72757339477539,15.934329986572266,14.51467514038086,11.368327140808105,11.478116989135742,12.846644401550293,7.744233131408691,7.892053604125977,13.144672393798828,0.18491549295774648,0.16049590811148937,2250.950174169473,1382.3690838746454,1563.5799684349083,616.2522895848256,3923.830985915493,2161.479663941214,1.0146242380142212,1.2565840482711792
-474.0765075683594,67.6547622680664,-21.131582260131836,40.16503143310547,-38.06389236450195,-9.787330627441406,-20.933000564575195,-15.29452133178711,-9.624016761779785,-13.276517868041992,-1.9912432432174683,-13.389480590820312,-3.616441011428833,160.2244873046875,57.12528610229492,59.112606048583984,45.504432678222656,41.38779830932617,21.44234275817871,21.71425437927246,16.109159469604492,17.133047103881836,14.585466384887695,11.196646690368652,13.168107986450195,10.105414390563965,7.92192268371582,10.812862396240234,0.16906000000000002,0.16676245500711484,1949.4276981675862,1350.9527694621227,1368.3143706764272,502.57907229370335,3341.76,1948.1273321833971,1.0694904327392578,1.4393359422683716
-452.9764099121094,104.2088394165039,1.5403141975402832,35.21621322631836,5.366354942321777,1.1077271699905396,8.758857727050781,-16.350421905517578,-0.36214128136634827,-2.0109426975250244,-8.752606391906738,3.7832834720611572,-11.30072021484375,202.80943298339844,66.74179077148438,37.03668212890625,24.67624855041504,29.136314392089844,18.060672760009766,16.94077491760254,25.030757904052734,14.273287773132324,13.628310203552246,15.874621391296387,12.758662223815918,14.976794242858887,9.683965682983398,11.287046432495117,0.08206521739130435,0.06757418583610438,1435.7349145773485,723.7200115200893,1621.9091108482571,598.7614243148965,3176.894409937888,1722.4719475128618,0.8185839653015137,1.2167261838912964
-437.35980224609375,58.83393478393555,-29.207521438598633,33.76398468017578,-28.990493774414062,-2.039479970932007,-19.018939971923828,-6.40856409072876,-8.113945007324219,-6.452441692352295,-6.622511386871338,-4.825353622436523,-8.590928077697754,167.68080139160156,62.35932922363281,62.36125564575195,38.46668243408203,30.859756469726562,22.769716262817383,19.354503631591797,16.416019439697266,13.975030899047852,14.179418563842773,13.85944652557373,14.952357292175293,9.484630584716797,8.978824615478516,12.76561164855957,0.22416284403669726,0.19584316615477326,2089.3833992529676,1358.8778472636386,1316.6821755492533,562.9448757342303,3420.9174311926604,1889.917983407767,1.0149153470993042,1.1807756423950195
-434.1548767089844,81.32453155517578,20.281129837036133,55.232051849365234,7.996478080749512,-4.798521995544434,-12.638731002807617,-13.015473365783691,-2.2423012256622314,-10.408120155334473,2.398145914077759,0.25450101494789124,-4.690332889556885,131.4508819580078,94.12494659423828,55.02439498901367,54.08012771606445,27.93177604675293,28.361448287963867,22.781600952148438,24.247722625732422,13.703470230102539,19.697668075561523,13.027824401855469,13.290626525878906,13.003582954406738,13.011425971984863,16.915363311767578,0.14706284153005464,0.18356754206294076,1611.5154995285795,1485.448533830872,1273.607362980616,526.203048393034,2725.3551912568305,2121.0662746832627,1.0796855688095093,1.1508970260620117
-422.3993225097656,92.70613098144531,-8.03866195678711,62.79902648925781,5.2544708251953125,-5.225797653198242,-11.868017196655273,-24.98702049255371,-1.8462685346603394,-7.113757133483887,-2.2919304370880127,4.7296528816223145,-5.207039833068848,167.32992553710938,88.02863311767578,34.67348861694336,60.37642288208008,23.653621673583984,24.331233978271484,15.26009750366211,29.567689895629883,11.028831481933594,23.461528778076172,14.035125732421875,10.033063888549805,11.177983283996582,16.3172607421875,18.126605987548828,0.14365591397849464,0.17666624536105105,1731.0560991873506,1371.2209763297553,1368.3658893763397,628.9941506497519,3168.8172043010754,2039.624596210649,0.7898282408714294,1.1772327423095703
-437.71905517578125,94.453857421875,9.521109580993652,41.802772521972656,0.7503274083137512,14.177390098571777,-10.750824928283691,-7.337853908538818,-1.1249592304229736,-6.811568260192871,4.024195194244385,3.471714496612549,2.979156970977783,164.49351501464844,79.99220275878906,32.014930725097656,33.113277435302734,23.878807067871094,15.366320610046387,21.29532814025879,18.89987564086914,16.12143325805664,16.978899002075195,12.160456657409668,10.342802047729492,10.050878524780273,11.327189445495605,16.29338836669922,0.11334717607973421,0.13625900525087883,1636.378311884131,1172.3394025027012,1521.3518584478666,608.904525176681,3211.6943521594685,2002.765227814331,0.8397102952003479,0.9167153835296631
-419.85369873046875,89.93421173095703,-0.4567273259162903,21.48938751220703,9.970389366149902,-6.4766526222229,-19.655107498168945,-24.492630004882812,-1.5821857452392578,-7.154617786407471,-9.150127410888672,-1.3736863136291504,-0.5932333469390869,134.66604614257812,76.30986022949219,38.16867446899414,33.213626861572266,20.51952362060547,19.149110794067383,18.376256942749023,20.119924545288086,14.231483459472656,14.037983894348145,12.487022399902344,11.519712448120117,11.892692565917969,8.21772575378418,11.707006454467773,0.16509336099585065,0.186228863005992,1807.2323453512397,1390.5940040100572,1461.4190886557847,575.0286679667422,3233.195020746888,2143.5117188711292,0.9707571864128113,1.092948317527771
-482.6189270019531,73.70799255371094,-14.561084747314453,32.397579193115234,-18.26580238342285,1.8222227096557617,-15.308145523071289,-16.227977752685547,-3.58170485496521,-6.3456268310546875,-4.449688911437988,-0.25024789571762085,-2.8550212383270264,161.97572326660156,81.14574432373047,47.0117301940918,39.44704055786133,25.95449447631836,15.954421997070312,16.373008728027344,20.11537742614746,13.847504615783691,14.630828857421875,10.606021881103516,13.772074699401855,8.98275375366211,6.740283012390137,10.456212043762207,0.18201298701298702,0.19258917607287385,1756.3972096446707,1409.076567363705,1222.1357568065405,607.5886697299554,2925.5411255411254,2089.000783696051,0.9546935558319092,1.2150408029556274
-489.5801696777344,83.97425079345703,15.649280548095703,36.520790100097656,1.020918369293213,11.611318588256836,-0.1942594200372696,-1.5788474082946777,-3.765774726867676,3.4791722297668457,-6.587520122528076,11.816343307495117,-2.12233304977417,150.1033935546875,74.08763122558594,29.75029945373535,30.51191520690918,24.03110122680664,19.22113609313965,15.642449378967285,18.46385955810547,15.574335098266602,11.591710090637207,12.958222389221191,12.233687400817871,12.227572441101074,2.7459468841552734,8.03140926361084,0.1300886524822695,0.15958401468685474,1619.051991837116,1201.6710003768278,1484.6542719716235,495.4187040565889,2944.68085106383,1894.5755164431052,0.9323047399520874,1.3045159578323364
-478.433349609375,53.620941162109375,-6.971522808074951,13.825128555297852,-13.721160888671875,4.756194591522217,-15.44021224975586,-8.561152458190918,-4.548114776611328,-4.899685382843018,-4.952668190002441,-1.405686616897583,-1.5452306270599365,167.33892822265625,72.66039276123047,47.927513122558594,29.887014389038086,26.19331169128418,18.146692276000977,16.274812698364258,15.845088958740234,10.047112464904785,10.145072937011719,9.456587791442871,11.433565139770508,8.58708381652832,6.0484819412231445,11.058188438415527,0.27972402597402596,0.24338447646427971,2538.1371963624833,1701.9392898452556,1599.5867709506208,589.0678528547033,4110.12987012987,2384.2309296691233,1.2024016380310059,1.38131844997406
-437.4721984863281,70.65294647216797,-5.947685241699219,47.914058685302734,-25.986488342285156,-9.60566520690918,-28.57063102722168,-19.50893211364746,-20.017431259155273,-9.042601585388184,-3.3129892349243164,-16.6978702545166,-0.19113419950008392,143.6849822998047,60.19536209106445,53.34687805175781,44.519187927246094,40.93973159790039,23.009803771972656,21.702024459838867,19.525592803955078,20.481332778930664,14.249755859375,13.70432186126709,18.246599197387695,11.785284042358398,11.09842300415039,13.150801658630371,0.17277439024390243,0.2059745349784472,1764.1837126146547,1383.8668733651452,1344.92827850727,596.4744344956669,3055.7723577235774,2050.7365355946863,0.9650128483772278,1.095563530921936
-476.30084228515625,107.3857192993164,13.183834075927734,44.435794830322266,0.5181018114089966,8.66907024383545,-2.610574245452881,-8.515104293823242,1.3242348432540894,6.545475959777832,1.9664344787597656,10.758369445800781,-0.991468071937561,167.6382598876953,82.3999252319336,48.085723876953125,35.603416442871094,34.34082794189453,17.39354705810547,22.59687042236328,24.34206771850586,13.390456199645996,14.515159606933594,10.809919357299805,8.95438289642334,13.201847076416016,7.609643459320068,11.217036247253418,0.0955440414507772,0.12749845829907422,1158.598518927652,1036.8189547792715,1220.2135381709898,536.2986151335649,2058.6528497409327,1805.0660570074085,1.0331192016601562,1.3112684488296509
-446.470947265625,54.99911117553711,-0.6018412113189697,24.39052963256836,-6.09587287902832,12.04149055480957,-7.329315662384033,-2.648515462875366,-4.522289752960205,2.0724241733551025,-5.477971076965332,-1.070347547531128,1.4108937978744507,166.29534912109375,75.55845642089844,28.868669509887695,24.762672424316406,18.7093563079834,14.185654640197754,15.067333221435547,14.858535766601562,11.859085083007812,10.660831451416016,11.378816604614258,8.967945098876953,9.48933219909668,3.6224629878997803,9.035731315612793,0.21133254716981134,0.19074571022432885,2326.7256894489565,1321.6032481786922,1688.8512949788935,451.1497097247455,4143.018867924528,1702.0648779352111,0.8492385149002075,0.9822906851768494
-462.2086181640625,82.71302795410156,26.482263565063477,73.31321716308594,7.400572776794434,4.464882850646973,-2.143484115600586,-16.984766006469727,-6.374584197998047,-10.097082138061523,-3.466186046600342,4.0713067054748535,-3.859142780303955,133.91824340820312,89.64453887939453,44.65217971801758,63.99787902832031,32.99812698364258,20.544998168945312,20.58027458190918,26.525754928588867,13.905132293701172,22.66684341430664,13.763489723205566,10.490937232971191,13.79809284210205,10.831832885742188,14.290739059448242,0.13570312499999998,0.18202727664654925,1540.968307734478,1426.968271704011,1296.4211834164853,599.1128209518718,2801.71875,2080.364342104151,1.0290236473083496,1.2661221027374268
-479.5238037109375,57.357547760009766,-4.86968994140625,22.26204490661621,-27.97636604309082,-0.8905007839202881,-18.246536254882812,-17.61345672607422,-6.489612102508545,-7.258963108062744,-2.8936238288879395,-6.9434380531311035,-3.9247467517852783,157.7779541015625,69.19485473632812,47.62398910522461,53.030723571777344,45.606658935546875,31.563081741333008,18.62032127380371,21.466455459594727,13.836106300354004,12.859724998474121,11.1481294631958,15.166236877441406,11.302287101745605,8.001860618591309,12.483793258666992,0.24989766081871345,0.20913099170241284,2476.0357710530106,1541.611033497584,1563.0784568574147,553.3813891586107,4044.9122807017543,2219.320629524452,1.0030714273452759,1.2548387050628662
-417.1216735839844,79.27562713623047,22.368654251098633,59.95050811767578,7.331823825836182,-4.123229503631592,-20.25630760192871,-0.7973257899284363,-5.702147006988525,-3.4118263721466064,-1.6789323091506958,-3.0864992141723633,-10.31099796295166,132.6742401123047,92.5992431640625,51.50741958618164,48.476200103759766,21.029247283935547,25.718862533569336,28.647676467895508,26.3426513671875,15.22116470336914,19.06770896911621,13.282872200012207,17.469459533691406,16.559186935424805,15.71236801147461,18.217334747314453,0.18392857142857144,0.22083181025285709,1834.2838480183539,1665.9980563223862,1228.8291863035515,535.0378764050083,2958.5382059800663,2169.5697912501196,1.0158296823501587,0.9839165210723877
-455.8230285644531,47.089107513427734,0.7496377825737,33.26934051513672,-29.719804763793945,-13.757840156555176,-21.038311004638672,-12.94693374633789,-5.979457855224609,-10.223372459411621,-2.9043869972229004,-5.282712459564209,-0.9489548206329346,135.46766662597656,65.45494842529297,57.14706802368164,56.322078704833984,42.319618225097656,23.107566833496094,18.422466278076172,15.036685943603516,20.23004150390625,10.21751880645752,12.434221267700195,16.23957633972168,7.878180503845215,9.117838859558105,15.348588943481445,0.2973913043478261,0.26759269419492276,2683.7231410119784,1760.6226306999777,1636.8842100722723,491.94721185362425,4412.173913043478,2078.7623813406944,1.0980510711669922,1.362749457359314
-368.2500915527344,90.75010681152344,-7.934041976928711,46.748104095458984,-1.6069388389587402,-1.2593899965286255,2.1912660598754883,-12.484488487243652,9.780033111572266,-13.727746963500977,-4.784078121185303,-0.9847986698150635,-4.094902992248535,180.3087158203125,63.135982513427734,34.41423034667969,39.83353805541992,17.68979263305664,16.71993637084961,11.630722999572754,20.665645599365234,13.567276954650879,20.44626808166504,11.906864166259766,9.659954071044922,14.277284622192383,10.733437538146973,10.540803909301758,0.11611587982832619,0.14147688009674336,1717.4017479108904,1021.7810863573737,1582.812032476961,424.73355420782184,3453.733905579399,1519.6126278219128,0.9316989779472351,1.0342702865600586
-426.0244140625,106.15550994873047,8.606148719787598,55.272972106933594,6.175286769866943,12.64122486114502,-18.688549041748047,-4.5686516761779785,1.9195760488510132,-3.738999128341675,3.9161529541015625,2.0535812377929688,3.7276012897491455,146.00425720214844,73.27133178710938,34.57033157348633,33.70356369018555,23.40071678161621,15.558540344238281,23.159982681274414,17.47599983215332,11.670031547546387,16.97623062133789,12.299246788024902,11.48330307006836,9.771211624145508,4.036349773406982,6.234948635101318,0.08502358490566038,0.10806791734005812,1301.3214395724376,936.5219959368744,1393.4785001652633,503.82268946510595,2505.1572327044023,1716.6476235174741,0.8438294529914856,0.8807672262191772
-462.1874084472656,98.1825942993164,5.508312702178955,23.347578048706055,-2.559175491333008,3.6584784984588623,-0.3648948073387146,-2.455817699432373,0.057043835520744324,-6.773399829864502,-5.417983531951904,3.1596577167510986,-2.667863607406616,161.11444091796875,89.74591064453125,33.439544677734375,25.6485538482666,24.520700454711914,18.05224609375,15.328993797302246,17.866426467895508,11.835256576538086,16.74659538269043,11.167770385742188,10.205748558044434,12.993773460388184,6.834471225738525,12.714832305908203,0.12033132530120483,0.15197954398474106,1673.5090538787983,1188.887539813277,1554.8389178181544,658.4339492125215,3301.9277108433735,2084.3539103736534,0.8858683705329895,1.1986364126205444
-464.5758972167969,81.72335052490234,2.210465669631958,31.089929580688477,4.217772006988525,5.0453996658325195,-4.275036334991455,-6.04049825668335,2.2361276149749756,-5.1927103996276855,-3.0789906978607178,-3.900235891342163,-0.5239689946174622,171.3212890625,47.10242462158203,30.24478530883789,29.51905059814453,21.126148223876953,15.498899459838867,13.258260726928711,17.041690826416016,14.266674995422363,15.224061012268066,11.023700714111328,11.957158088684082,8.052087783813477,8.861883163452148,13.849689483642578,0.10033783783783783,0.10305086346164169,1629.2695269349038,846.8424296877995,1693.5738657826892,498.9778503385392,3464.324324324324,1620.9148910423773,0.7267085909843445,1.2647453546524048
-441.1695556640625,97.52852630615234,22.787446975708008,56.8306999206543,-1.7887274026870728,11.658125877380371,-8.723872184753418,-9.170425415039062,0.37712761759757996,4.7837605476379395,0.07960817217826843,10.985011100769043,2.6278772354125977,142.5616455078125,90.61214447021484,37.6718635559082,43.6149787902832,30.113048553466797,19.834184646606445,23.980361938476562,23.865482330322266,13.367220878601074,18.317398071289062,10.798456192016602,11.17039680480957,9.728862762451172,10.63786792755127,13.925333976745605,0.13473498233215547,0.17786044499225848,1524.257734882208,1413.317284899442,1288.0076855181542,557.0128310148117,2567.3498233215546,2142.249331702175,1.0085340738296509,1.037215232849121
-472.7337341308594,92.12821197509766,35.06886291503906,81.71837615966797,13.730865478515625,2.668987512588501,-10.377135276794434,-8.940515518188477,1.5749385356903076,-2.454784870147705,-1.0612207651138306,4.406546592712402,5.895685195922852,157.66204833984375,71.84983825683594,51.97407531738281,58.179203033447266,21.377161026000977,21.422863006591797,21.92076873779297,22.850139617919922,14.275856018066406,20.051145553588867,10.677330017089844,10.953161239624023,11.919971466064453,9.546338081359863,11.275076866149902,0.09649425287356321,0.13228428535120332,1311.6562247225556,1125.3595398613556,1409.958641172289,617.3914801115873,2594.2528735632186,1908.435980083678,0.9451889991760254,1.0406371355056763
-468.3883056640625,115.801513671875,14.279544830322266,67.5963363647461,12.436212539672852,3.66645884513855,5.296890735626221,-14.320573806762695,3.9360930919647217,-4.377147674560547,0.5320187211036682,9.969982147216797,0.6070290803909302,158.8206787109375,77.26119995117188,43.526588439941406,51.28395462036133,40.23876953125,17.22596549987793,17.9405460357666,25.392284393310547,13.132096290588379,21.5428409576416,13.828950881958008,10.854096412658691,11.635472297668457,12.660419464111328,15.08096694946289,0.06357692307692309,0.07446213445406746,882.6381676288472,710.5276536615743,1107.8978256536468,452.71932516640334,1565.3333333333333,1452.8501666853354,0.9449140429496765,1.294561743736267
-463.10882568359375,114.53565216064453,5.974193096160889,70.77642822265625,12.896808624267578,-3.6046695709228516,3.6639585494995117,-21.28748321533203,-1.3127901554107666,-11.148177146911621,-2.1099095344543457,6.44159460067749,-10.742398262023926,159.02410888671875,75.7224349975586,42.11433029174805,54.8557014465332,27.18810272216797,20.74339485168457,16.124011993408203,25.315479278564453,12.75684642791748,20.99398422241211,12.298834800720215,11.331427574157715,12.727704048156738,9.842782020568848,11.479220390319824,0.09330673758865249,0.10113448172765414,1233.9952194061984,1020.746121867597,1231.7213613736478,609.3031545203778,2350.496453900709,1922.2402438176046,0.9730585217475891,1.2925220727920532
-484.80792236328125,63.56570816040039,3.155867576599121,24.272171020507812,-3.533769130706787,9.851397514343262,-3.1810760498046875,-1.327162265777588,2.617363452911377,-5.8650665283203125,5.413238525390625,2.9110989570617676,0.914711058139801,179.28379821777344,84.3239517211914,32.569271087646484,37.67202377319336,29.837684631347656,15.05342960357666,19.60311508178711,15.76362133026123,12.045232772827148,16.364107131958008,10.857362747192383,9.602831840515137,9.4924898147583,5.0969767570495605,9.794431686401367,0.16683121019108282,0.2150271020848756,2170.8016928154625,1403.2856172882775,1744.83211846369,625.7502722932082,4084.331210191083,2021.6438017119747,0.8550259470939636,1.235215663909912
-432.14337158203125,82.04094696044922,5.914887428283691,33.1918830871582,11.173704147338867,6.045924663543701,-4.497150421142578,-11.635501861572266,2.001901388168335,-2.705303907394409,-3.656151294708252,-0.8038982152938843,-13.032739639282227,160.18670654296875,74.78947448730469,35.856727600097656,38.86023712158203,17.960233688354492,15.809138298034668,13.644720077514648,21.515209197998047,11.617840766906738,14.973271369934082,11.081722259521484,13.249053001403809,16.616832733154297,6.5692458152771,9.696956634521484,0.17129528985507247,0.194091325656779,1980.4802644276103,1395.5728470114066,1640.0787503657389,560.8109025449039,3700.7246376811595,2067.8840398911307,0.9002541303634644,1.0333614349365234
-437.7651062011719,71.09585571289062,7.171693325042725,40.65168380737305,-6.845309734344482,13.207456588745117,-6.13015604019165,-11.095247268676758,-3.51298189163208,-4.022086143493652,-0.41976502537727356,4.28586483001709,-1.7605630159378052,174.29290771484375,72.80276489257812,33.967769622802734,27.108640670776367,30.521677017211914,14.076330184936523,20.986310958862305,21.036500930786133,11.73569107055664,15.87989616394043,8.190438270568848,10.965550422668457,8.16270923614502,9.335031509399414,16.28842544555664,0.12667207792207794,0.16039699510445757,1654.1001779116045,1189.9834735237644,1502.5008078282483,474.4177585227064,3181.038961038961,1915.9491794466514,0.8601651787757874,0.8888104557991028
-439.0062255859375,111.29975891113281,-8.292028427124023,36.6337890625,-12.713624954223633,5.255685329437256,-1.3209648132324219,-6.677494525909424,-6.706360340118408,-9.81789779663086,-4.434469699859619,-3.139854907989502,0.8427305221557617,162.51702880859375,72.81507873535156,36.479331970214844,31.52294158935547,33.02839279174805,17.106731414794922,14.567438125610352,14.038609504699707,14.530625343322754,18.382722854614258,11.177370071411133,10.156850814819336,9.336542129516602,4.831436634063721,8.539277076721191,0.1085054347826087,0.10514292794358589,1515.701267967888,1008.4758587270561,1390.2085930016688,558.394095765417,2922.463768115942,1775.044319346357,0.8312791585922241,1.0210539102554321
-453.4654235839844,85.94573211669922,14.689461708068848,57.923011779785156,15.634057998657227,0.3877248764038086,-5.332014083862305,-11.548888206481934,3.754878520965576,-2.707202672958374,0.8430686593055725,8.381327629089355,0.573952317237854,142.57530212402344,100.11742401123047,39.59101486206055,47.32449722290039,22.923786163330078,21.505277633666992,21.24279022216797,27.21243667602539,12.380622863769531,17.037002563476562,11.341007232666016,12.213675498962402,13.69150447845459,8.9629487991333,12.848437309265137,0.1601383399209486,0.19521279215704607,1747.695245950658,1533.209353408265,1374.5367826218926,579.173013242177,3026.5612648221345,2151.6195832969306,1.1045103073120117,1.2523303031921387
-457.7928466796875,96.0188217163086,0.12448232620954514,34.14337921142578,-17.82796859741211,-10.028581619262695,-17.009061813354492,-20.947416305541992,-9.29109001159668,-11.694904327392578,0.328313410282135,-4.922351837158203,-2.484785556793213,147.2722625732422,73.20882415771484,54.012210845947266,51.53866958618164,32.2681999206543,22.183435440063477,17.833580017089844,19.806686401367188,18.976844787597656,12.809147834777832,10.526817321777344,12.782062530517578,7.751128673553467,10.013532638549805,13.858919143676758,0.16148684210526315,0.18595236680829488,1826.586237817066,1530.6710294647464,1329.9973014259126,599.9830234884712,3055.5789473684213,2290.750608213489,1.009704351425171,1.3452810049057007
-473.47412109375,93.51388549804688,17.791519165039062,60.24324035644531,5.335264682769775,3.040262460708618,-0.5126137733459473,-13.82003116607666,-0.795196533203125,-0.3661169707775116,4.010077476501465,7.667644500732422,2.2544362545013428,158.4143829345703,83.76425170898438,40.458438873291016,54.490814208984375,23.47159194946289,22.995513916015625,20.470651626586914,22.101581573486328,14.040793418884277,18.898746490478516,10.740762710571289,9.89242172241211,10.136407852172852,8.546647071838379,11.09321403503418,0.13047619047619047,0.17652595688529943,1551.207165876592,1307.126505486136,1421.5012633064466,613.9391998119866,2928.8888888888887,2015.9882981659769,0.8813799619674683,1.3268545866012573
-452.7137756347656,67.35942077636719,2.2391819953918457,38.11641311645508,-6.2315993309021,15.694117546081543,-5.3167290687561035,0.974763810634613,-8.150057792663574,-1.8688514232635498,-8.371122360229492,1.9335172176361084,0.8957101106643677,177.00123596191406,67.308349609375,28.625076293945312,35.16962814331055,24.76835060119629,16.001981735229492,19.6740779876709,15.485800743103027,13.75902271270752,15.135747909545898,15.04962158203125,12.042973518371582,8.60177230834961,5.235886573791504,9.38715934753418,0.1506155778894472,0.18733124186701988,1808.5460743236802,1199.489293895427,1561.634784956338,468.73857615521376,3393.969849246231,1781.9315980689214,0.8469972610473633,1.3063342571258545
-454.13800048828125,95.28640747070312,-17.248252868652344,27.91684341430664,-5.0749616622924805,5.448575019836426,-8.224919319152832,-14.557527542114258,-3.108665943145752,3.587465286254883,-7.0259623527526855,-2.843562364578247,-2.8293280601501465,174.27845764160156,60.36422348022461,47.202354431152344,24.516292572021484,22.83773422241211,15.89244556427002,17.087459564208984,23.147144317626953,15.20883846282959,12.600915908813477,11.601522445678711,10.909607887268066,11.051115989685059,3.9321444034576416,6.163747310638428,0.14767316017316015,0.14095692709810226,1738.6449054126595,995.8083613963679,1507.355667936883,478.67402750360935,3280.5194805194806,1589.1688830322594,0.9656308889389038,1.2901779413223267
-443.04925537109375,103.51216888427734,4.074200630187988,31.32216453552246,2.5347423553466797,7.647414207458496,1.4614659547805786,-9.408675193786621,0.8876538872718811,-2.725405693054199,-7.484348297119141,1.7922474145889282,-10.897014617919922,148.6555938720703,83.86344146728516,32.384368896484375,25.818479537963867,23.24233627319336,14.066712379455566,15.819780349731445,17.412097930908203,15.085886001586914,17.99989128112793,15.18095874786377,12.639204978942871,14.650208473205566,8.611224174499512,12.729040145874023,0.10684848484848482,0.13365091826190262,1268.178190403038,1049.979119576551,1190.601600256779,438.4892252309013,2191.757575757576,1688.3687488637006,0.8370599746704102,1.0976577997207642
-405.65325927734375,120.50260162353516,-0.14509837329387665,56.042030334472656,11.623056411743164,-5.00894021987915,3.1726315021514893,-17.4281005859375,-7.807810306549072,-4.275728225708008,2.9221184253692627,2.9390344619750977,-18.80632781982422,130.75112915039062,74.19100189208984,40.21626281738281,51.41032409667969,21.89975929260254,20.950660705566406,16.413494110107422,26.859651565551758,16.925289154052734,25.4395809173584,19.35051727294922,13.945385932922363,17.012346267700195,17.269514083862305,16.860422134399414,0.08258333333333333,0.09196462937214261,997.6908046805983,817.0230969623323,1097.5973908220635,433.9364196742604,1755.7777777777778,1567.6649144350388,0.8710809350013733,0.7887810468673706
-495.8218688964844,82.34061431884766,-1.03279447555542,50.390132904052734,7.345963001251221,-7.490222930908203,-5.225581645965576,-7.143556118011475,-3.4302127361297607,3.6559603214263916,-5.313575267791748,8.06814956665039,-4.903964042663574,151.53909301757812,65.66490936279297,35.021121978759766,39.85213088989258,18.46819496154785,23.895814895629883,17.180715560913086,16.904096603393555,12.9606351852417,13.800171852111816,13.761399269104004,11.638298988342285,11.266918182373047,4.309719085693359,10.975967407226562,0.1122627118644068,0.12934313698133046,1490.4798342933225,968.7877242740068,1434.879138050463,456.0421460763674,2869.0169491525426,1643.9403004906028,0.8646755218505859,1.2008583545684814
-458.4728088378906,94.74897766113281,21.426362991333008,55.93282699584961,2.4068944454193115,2.2598941326141357,-1.4509373903274536,-14.807494163513184,-3.468963384628296,-4.701313018798828,-3.2206742763519287,5.307775974273682,-0.31097736954689026,147.1033935546875,89.2470703125,48.89849853515625,46.722625732421875,39.070865631103516,22.134082794189453,23.18108558654785,27.208349227905273,15.029029846191406,18.21930694580078,14.305624961853027,10.59291934967041,10.807534217834473,11.0530424118042,15.158722877502441,0.12184444444444444,0.16281956005284645,1369.4586277076621,1304.2659741008038,1227.6403355401826,548.6389778397162,2360.5333333333333,1953.1198245086985,1.0159329175949097,1.1209543943405151
-436.9075622558594,108.34808349609375,-8.59593677520752,28.726131439208984,5.689583778381348,0.8126960396766663,-5.029049873352051,-10.536097526550293,-1.5688903331756592,-4.865883827209473,-5.248614311218262,-0.3266785144805908,0.48153090476989746,159.78939819335938,91.12196350097656,42.789188385009766,27.38156509399414,22.445926666259766,18.371580123901367,17.318452835083008,20.354976654052734,12.180380821228027,14.398456573486328,11.316473960876465,9.776678085327148,12.785379409790039,6.46612024307251,9.312891006469727,0.12626575630252102,0.16064916320446102,1615.0413832955169,1263.8296301636567,1388.8412492840607,615.8714218358386,3010.168067226891,1944.8187935693738,0.8883318305015564,1.1715081930160522
-486.1925964355469,115.87937927246094,7.350154399871826,49.8125114440918,-2.244140625,0.21341060101985931,6.277563571929932,-20.455429077148438,-3.2837746143341064,-5.330441474914551,2.503619909286499,7.3296732902526855,-3.9617669582366943,161.29759216308594,80.39593505859375,37.26264190673828,47.296485900878906,35.153236389160156,19.63566780090332,17.836109161376953,24.202316284179688,14.214691162109375,18.049409866333008,12.645288467407227,8.12486457824707,12.493831634521484,9.345914840698242,12.610945701599121,0.07606353591160221,0.08306254780083402,1197.0007453356404,845.5365806251647,1334.2322874106826,661.0794672943119,2424.3093922651933,1895.9384309915447,0.9334442019462585,1.0494505167007446
-491.48834228515625,86.87334442138672,30.592857360839844,27.017194747924805,-21.889041900634766,-7.745034694671631,-16.945890426635742,-25.27056121826172,-19.448396682739258,-14.736788749694824,-1.4463059902191162,-6.212583541870117,-1.1498445272445679,117.2769775390625,90.01874542236328,47.73603057861328,59.052223205566406,47.03609848022461,35.53879928588867,24.921064376831055,25.277687072753906,20.292865753173828,18.972867965698242,13.692689895629883,16.55476951599121,14.955557823181152,12.896040916442871,14.505321502685547,0.18423444976076556,0.19984760955007458,1883.4305941876494,1709.2366209806166,1238.5149075127038,673.1347278414063,2888.2296650717703,2500.0519085291166,1.0404775142669678,1.1850907802581787
-493.7546691894531,79.10469055175781,11.91043758392334,60.900699615478516,6.253906726837158,1.8178812265396118,-4.822920322418213,-22.06593894958496,-3.624870538711548,-9.406538963317871,-0.36676308512687683,0.6438880562782288,-3.4031803607940674,153.6973876953125,78.2828369140625,35.66746520996094,51.16630554199219,28.92449951171875,15.544648170471191,20.689048767089844,27.422082901000977,13.153708457946777,17.724769592285156,8.621739387512207,9.736068725585938,11.626760482788086,10.801419258117676,14.834807395935059,0.11998641304347826,0.13616458663085323,1645.9738388273292,1158.7435735030163,1531.451517277956,672.2889634253235,3227.391304347826,2100.4838312021775,1.1116681098937988,1.4814608097076416
-463.72802734375,73.37110900878906,10.105924606323242,53.22291564941406,-3.8907172679901123,-2.8532090187072754,-9.097275733947754,-15.84876537322998,-2.242473840713501,-3.3069937229156494,1.1646902561187744,1.889864444732666,-3.3782191276550293,147.25404357910156,92.419677734375,44.08435821533203,58.95194625854492,20.510391235351562,20.90587615966797,20.417680740356445,23.935394287109375,11.275923728942871,15.317182540893555,11.182291030883789,10.234312057495117,14.824857711791992,9.1539306640625,12.446868896484375,0.2079807692307692,0.19165275494062525,2194.3822663474903,1599.167991661743,1441.8992761693664,563.2456992445763,3604.6153846153848,2268.656138829071,1.0450962781906128,1.1315933465957642
-432.44061279296875,81.21805572509766,-11.248994827270508,22.756359100341797,-24.791261672973633,5.337873458862305,-9.758417129516602,-3.3609375953674316,-10.945128440856934,-4.910874366760254,-8.96420955657959,1.5547703504562378,-6.8421196937561035,150.62733459472656,68.15863800048828,41.269142150878906,28.91238021850586,30.95600128173828,16.941858291625977,16.298662185668945,16.033262252807617,14.5419921875,13.391193389892578,12.58997631072998,14.205401420593262,10.407391548156738,5.6363630294799805,10.492192268371582,0.15953629032258063,0.19010750538147442,1814.7477761129755,1326.761254520339,1402.9506904013429,542.822985557829,3232.5806451612902,1956.2969205480595,0.9366263151168823,1.2391856908798218
-451.8639221191406,44.09930419921875,6.842133045196533,65.54374694824219,-33.82765197753906,-11.360742568969727,-20.062131881713867,-10.997285842895508,-14.291193008422852,-9.099603652954102,-1.2819730043411255,-2.060394048690796,-3.5597944259643555,151.9369659423828,73.84563446044922,42.080570220947266,58.992088317871094,34.72342300415039,17.240501403808594,20.2498722076416,15.90129566192627,13.768692970275879,13.644323348999023,10.186149597167969,17.264965057373047,7.355290412902832,12.841156005859375,17.946517944335938,0.23733333333333334,0.24088574977454447,2347.3739628840776,1583.464140172232,1532.3457253690415,454.5325100740763,4064.0,1837.9679600641089,1.04789137840271,1.3116451501846313
-517.366943359375,86.39508819580078,-20.481828689575195,29.85726547241211,-13.843836784362793,-2.1106154918670654,-12.389908790588379,-11.7284517288208,0.8544027805328369,-6.911489486694336,-4.9263129234313965,-3.0496132373809814,-4.645348072052002,149.01885986328125,51.0129508972168,55.59282302856445,33.067657470703125,29.536609649658203,17.869850158691406,25.07832908630371,22.064441680908203,16.448427200317383,15.888602256774902,13.60183048248291,12.92413330078125,12.404818534851074,4.153092384338379,9.195877075195312,0.10131656804733727,0.05507798739890564,1531.6766728908872,566.224804148162,1487.744368177855,571.0426501622777,3235.266272189349,1441.5692735762784,0.7982071042060852,0.7958018779754639
-448.97802734375,63.51081466674805,-12.000260353088379,23.739912033081055,-37.7414665222168,-2.927861213684082,-17.804479598999023,-20.55748748779297,-8.739891052246094,-8.878600120544434,-2.3761985301971436,-10.7857027053833,-2.954883098602295,155.06997680664062,61.43818664550781,48.51026916503906,50.82622146606445,45.46889114379883,30.033010482788086,17.178119659423828,20.927412033081055,14.482769012451172,11.01958179473877,11.996516227722168,16.330018997192383,10.826683044433594,13.235812187194824,17.487953186035156,0.21536885245901638,0.215291732148427,2243.0481184391733,1543.4393544172287,1513.32897302588,526.769577491606,3702.7868852459014,2220.565303263453,0.8991109728813171,1.2708712816238403
-457.07562255859375,51.9522705078125,-7.963264465332031,50.372920989990234,-23.748886108398438,-14.076543807983398,-13.230764389038086,-16.57021141052246,-2.9983861446380615,-11.28819465637207,-1.5126357078552246,-3.3147952556610107,-0.9329002499580383,157.9753875732422,82.92066955566406,52.998382568359375,57.655006408691406,32.754886627197266,20.973190307617188,13.53516674041748,17.752290725708008,16.404460906982422,14.032259941101074,11.32492446899414,17.303646087646484,8.396495819091797,12.46285629272461,16.566652297973633,0.23235751295336787,0.22482307184820996,2425.0085445408563,1667.8388624024337,1469.6100243978483,563.3905245640241,3988.8082901554403,2253.3924061965618,1.0043500661849976,1.4107049703598022
-466.720703125,50.37546157836914,8.286032676696777,48.06026077270508,-16.75723648071289,-9.58563232421875,-16.02926254272461,-10.997770309448242,-11.765870094299316,-13.194549560546875,-0.19327187538146973,-3.6266489028930664,-3.0319442749023438,149.85536193847656,85.8720474243164,51.13376235961914,57.726802825927734,31.10382652282715,16.583965301513672,14.64736557006836,16.504976272583008,15.763700485229492,14.867668151855469,8.910669326782227,12.784865379333496,8.155890464782715,10.52346134185791,14.178343772888184,0.24885071090047395,0.24844232785901535,2464.856214364649,1779.2198550710423,1520.3284279656039,610.4113489037096,4023.127962085308,2414.6840829790817,0.9809275269508362,1.0363010168075562
-467.5293273925781,62.95990753173828,33.603309631347656,68.05756378173828,7.613691806793213,8.507346153259277,-17.301450729370117,-4.3995137214660645,-1.171078085899353,1.8814629316329956,-4.592483997344971,9.788863182067871,2.4794106483459473,131.33731079101562,93.71723175048828,42.41531753540039,56.866920471191406,25.029335021972656,28.061779022216797,25.706708908081055,26.86358642578125,13.68331241607666,20.336536407470703,11.934839248657227,13.398319244384766,11.90209674835205,9.196269989013672,12.555567741394043,0.21498529411764705,0.23895367768221243,2066.1475422739577,1787.9368218102793,1339.9616675626426,532.1532967901738,3232.470588235294,2269.3828681110917,0.9584582448005676,1.0266584157943726
-451.58050537109375,110.7174301147461,-3.0533955097198486,44.76116943359375,12.343676567077637,8.941377639770508,-4.159881591796875,-12.506945610046387,-4.095057964324951,-6.475891590118408,-4.688570499420166,2.382664918899536,-13.793774604797363,157.06222534179688,62.7136116027832,34.93107604980469,27.649761199951172,18.498592376708984,16.368350982666016,16.58186912536621,23.348695755004883,17.123271942138672,15.812373161315918,12.77421760559082,11.371280670166016,15.442717552185059,5.6720757484436035,8.449039459228516,0.08662451361867704,0.0976113654232072,1195.3691495580533,815.5542292047293,1302.6798712061207,462.3999761261908,2283.112840466926,1595.621330656743,0.8513456583023071,1.0537174940109253
-436.05828857421875,103.70880889892578,9.112425804138184,62.95692825317383,-3.997830390930176,0.4555233120918274,-8.555463790893555,-23.51357078552246,-5.287245750427246,-5.149807929992676,-3.371859073638916,3.3815102577209473,-3.94073748588562,144.24537658691406,76.91049194335938,43.33086013793945,50.13896560668945,25.707029342651367,16.71553611755371,17.933298110961914,26.299882888793945,13.380414962768555,18.888874053955078,11.334497451782227,11.455343246459961,9.963528633117676,16.04804039001465,19.23679542541504,0.11239495798319328,0.1317683920150881,1384.611972443339,1050.6764538564075,1322.3717413990912,598.1968445158045,2688.90756302521,1900.5478157254468,1.0584650039672852,1.192784309387207
-475.961669921875,106.82291412353516,-0.8855835795402527,56.80567169189453,9.90982723236084,4.341381072998047,-4.053590297698975,-19.25933837890625,-4.83007287979126,-3.0353987216949463,-2.5749263763427734,4.231188774108887,-7.571903705596924,159.53982543945312,77.97677612304688,51.18110656738281,35.02140426635742,35.038116455078125,15.207029342651367,17.716289520263672,23.437763214111328,13.356197357177734,18.198965072631836,12.011241912841797,9.576303482055664,12.642382621765137,9.375349044799805,13.24116039276123,0.102734375,0.11682044076641457,1339.1642109942684,1030.9876932295886,1254.75485342637,633.756076754999,2528.214285714286,1944.61996575796,1.0053926706314087,1.3854684829711914
-443.769287109375,83.4916763305664,-6.912381172180176,42.981056213378906,-19.84574317932129,-7.832454681396484,-14.093771934509277,-13.55772590637207,-4.368756294250488,-9.967589378356934,-3.28521466255188,-1.6473454236984253,-4.333553314208984,149.88641357421875,69.2906265258789,46.22938919067383,47.11861801147461,29.684328079223633,21.266674041748047,15.320796966552734,17.482406616210938,14.481054306030273,14.754651069641113,11.144543647766113,13.071598052978516,8.11972427368164,10.430259704589844,14.850902557373047,0.15875432525951555,0.17646741719791562,1624.5563547962788,1300.5109465104372,1243.9538304771197,586.8303809631996,2862.006920415225,1983.7701654063308,1.0169274806976318,1.2776856422424316
-403.5177001953125,109.9266586303711,-17.66807746887207,28.93841552734375,-4.813629150390625,-5.35724401473999,-16.054996490478516,-25.794649124145508,-3.4396369457244873,-4.061056137084961,-14.904497146606445,-1.911109209060669,-6.0823073387146,150.0821075439453,70.2290267944336,38.251220703125,29.03957748413086,19.66855812072754,13.705220222473145,21.658586502075195,22.338550567626953,19.027952194213867,14.04805850982666,14.811821937561035,13.512434959411621,12.038300514221191,7.790921688079834,8.74031925201416,0.14055066079295156,0.1578230714528876,1500.0572562340021,1101.5893644974894,1272.6964799980078,450.4904005327776,2675.418502202643,1708.7389214001912,0.8969044089317322,0.9423380494117737
-391.71612548828125,86.267333984375,-1.065038800239563,43.23211669921875,-13.134862899780273,-6.634993076324463,-12.82435131072998,-15.138898849487305,-1.16030752658844,-8.93700885772705,4.757321834564209,-4.704543590545654,-9.462759971618652,130.69021606445312,77.6024169921875,35.06817626953125,33.32279968261719,23.91222381591797,22.54279136657715,17.765987396240234,21.095388412475586,14.789843559265137,16.27214813232422,12.899449348449707,14.614696502685547,9.847228050231934,9.883474349975586,13.436921119689941,0.15141975308641975,0.16814939449511807,1755.5154689885762,1256.20951530113,1406.1619437989095,474.6222404617726,3157.925925925926,1865.697008585897,0.9642354846000671,0.795046865940094
-431.1651916503906,101.15396118164062,4.552521705627441,43.28411102294922,6.680203437805176,5.346344947814941,-3.4556713104248047,-12.045222282409668,-4.14943790435791,-2.9906041622161865,-7.234189987182617,4.701316833496094,-14.053498268127441,175.48243713378906,60.508182525634766,28.549663543701172,36.84579849243164,26.394027709960938,17.646129608154297,16.3035945892334,20.74151039123535,12.84322738647461,14.674220085144043,13.636788368225098,10.143494606018066,15.11824893951416,11.826896667480469,16.522794723510742,0.09918010752688172,0.12427707546450369,1275.5787608057328,900.0516561283764,1343.0020226279837,408.4520164047367,2487.3118279569894,1504.2928819901847,0.73126220703125,0.824128270149231
-437.5018005371094,98.4581298828125,8.699864387512207,41.550193786621094,-5.175055503845215,2.5895886421203613,1.945739507675171,-18.98790168762207,-4.15226936340332,-3.5074551105499268,1.829634189605713,9.287585258483887,-4.2863688468933105,140.54354858398438,98.74151611328125,37.237796783447266,50.95104217529297,39.09686279296875,20.797998428344727,26.326416015625,26.756675720214844,15.763069152832031,17.40159034729004,10.39566707611084,14.006566047668457,13.996575355529785,11.551847457885742,14.29848575592041,0.15829422382671482,0.19179856282855176,1743.9585961366672,1505.580596449413,1324.094565502986,597.5781214642767,2962.599277978339,2185.471992177327,0.9551339745521545,1.0824246406555176
-465.9816589355469,92.53524780273438,4.010739326477051,54.02588653564453,3.819249391555786,-0.3497042655944824,-1.4248833656311035,-17.5015869140625,-0.44310006499290466,-0.23480400443077087,-0.3168664872646332,3.9835336208343506,-5.390398025512695,156.3057098388672,90.0251235961914,43.191986083984375,40.18317413330078,23.082090377807617,16.27955436706543,16.26205062866211,25.000106811523438,15.951983451843262,17.15141487121582,13.054186820983887,13.899500846862793,11.274320602416992,9.293611526489258,13.715597152709961,0.10868497109826589,0.12864640073290415,1423.6453755553953,1112.662974861304,1315.342910683112,631.5956005472298,2667.976878612717,1974.1365155744325,0.994527280330658,1.2953349351882935
-458.6304016113281,66.89143371582031,-2.9358208179473877,40.83610916137695,-19.66038703918457,-6.39207124710083,-22.37901496887207,-9.442901611328125,-7.666903495788574,-11.361785888671875,-5.90580415725708,-2.1964056491851807,-4.770307540893555,156.76522827148438,69.9701919555664,51.15922927856445,40.12168502807617,30.343048095703125,16.260988235473633,18.642927169799805,16.883968353271484,13.166111946105957,14.65156364440918,10.109173774719238,14.269478797912598,8.429449081420898,10.1209135055542,14.178479194641113,0.2078551136363636,0.21652237911049496,2114.132278175563,1557.4305484416332,1436.3352017015218,599.9464521973345,3585.4545454545455,2201.1086612984323,1.0714768171310425,1.458983063697815
-476.4657897949219,69.73551940917969,0.14033624529838562,15.244527816772461,9.053648948669434,0.8610516786575317,-9.578293800354004,-4.934641361236572,0.8581202626228333,-6.255709171295166,-3.82584810256958,-4.483046054840088,-3.658841848373413,161.8207550048828,71.39359283447266,39.88850021362305,22.851137161254883,18.207077026367188,15.655095100402832,21.965829849243164,16.119125366210938,16.62759780883789,14.95403003692627,12.916315078735352,12.725271224975586,12.368157386779785,4.589853286743164,9.913596153259277,0.1826203966005666,0.1868212066835514,2095.7280448592714,1298.736005146725,1727.0350176734623,572.0248851619114,3950.028328611898,2032.274503912832,0.8987338542938232,1.1772180795669556
-471.4014892578125,93.49291229248047,-11.826591491699219,39.471126556396484,-10.016364097595215,2.13383150100708,-2.9649462699890137,-12.401673316955566,1.725582242012024,5.995254039764404,4.782593250274658,3.5430586338043213,-2.0435640811920166,197.26577758789062,75.64511108398438,46.62923049926758,42.18251419067383,31.072772979736328,15.639168739318848,22.217041015625,20.300954818725586,9.918577194213867,13.541815757751465,8.976054191589355,9.609285354614258,11.833242416381836,7.763272285461426,11.291160583496094,0.09608,0.08181646289103434,1477.3747807542993,759.3311513217703,1487.4071695314983,631.686321839859,3052.16,1745.109547965399,0.9902504682540894,1.4084949493408203
-444.2461242675781,120.5762710571289,1.7041652202606201,13.4998197555542,-18.359580993652344,5.496488094329834,1.7727410793304443,-24.29206085205078,2.854487657546997,-0.5376967787742615,7.065592288970947,4.739419937133789,1.2395926713943481,165.15953063964844,85.65322875976562,45.0648193359375,23.785795211791992,60.11602783203125,13.75058650970459,30.183574676513672,28.56910514831543,19.911352157592773,14.64034652709961,12.636394500732422,16.696762084960938,13.287691116333008,14.580739974975586,16.918262481689453,0.10686131386861314,0.16849159837321662,1315.0506130965757,1205.023937318383,1277.1473772279583,563.4594230278499,2371.970802919708,1786.0472359583712,0.8570941090583801,1.4566303491592407
-406.9578857421875,109.99612426757812,-7.527562141418457,24.811065673828125,-10.168109893798828,-9.162991523742676,-7.435054302215576,-8.552489280700684,3.0284435749053955,-11.292535781860352,-7.2520318031311035,-6.2287797927856445,0.5566261410713196,157.1197967529297,66.51216888427734,31.970718383789062,24.601215362548828,26.453277587890625,16.489286422729492,15.590428352355957,17.160737991333008,13.505487442016602,13.32636833190918,14.398838996887207,15.498899459838867,8.682587623596191,9.492579460144043,11.703161239624023,0.1048135593220339,0.14369358578519015,1416.9379354168323,1064.5398439620321,1407.8220864064915,625.3007378609216,2737.084745762712,1953.918178188494,0.8829605579376221,0.9982191920280457
-430.7369384765625,69.33712005615234,-20.35502052307129,25.6110782623291,-24.2133846282959,6.642137050628662,-7.977980136871338,-7.40860652923584,-2.831744909286499,-7.100951671600342,-4.079211235046387,-4.618597507476807,-1.7509312629699707,184.25901794433594,55.28063201904297,46.91444396972656,38.863075256347656,40.04609680175781,20.32843589782715,21.646556854248047,17.988880157470703,14.203276634216309,13.766341209411621,10.823102951049805,15.595608711242676,10.987733840942383,7.463478088378906,11.133833885192871,0.15462686567164177,0.16741073235634096,1988.8844675888326,1027.618202275822,1695.0542439437045,522.4020232281845,3918.208955223881,1591.9313893436222,0.888942301273346,1.2712197303771973
-484.9522399902344,100.25141143798828,0.3973020911216736,38.57828903198242,1.668300747871399,7.153097629547119,9.633869171142578,-12.036083221435547,-5.916358947753906,1.5344761610031128,-0.9061744213104248,2.88773250579834,-3.7793943881988525,167.53067016601562,79.63239288330078,41.99361801147461,28.78542709350586,23.672576904296875,20.1163387298584,18.23649787902832,20.383453369140625,14.742772102355957,12.335177421569824,11.737081527709961,10.373347282409668,10.663535118103027,3.628924608230591,6.088901042938232,0.10336092715231789,0.1256584357251735,1471.1253296675516,968.418396033415,1446.8163330299737,549.0336613326199,2929.3598233995585,1669.4287362465366,0.8668555617332458,1.1484798192977905
-484.8056640625,67.82929229736328,-5.720800876617432,35.01493835449219,-17.31529998779297,-4.570586204528809,-16.84673500061035,-11.545875549316406,-4.7314043045043945,-10.711249351501465,-1.0838085412979126,-5.103806495666504,-0.939325749874115,163.40097045898438,74.87931823730469,52.293087005615234,48.22962188720703,31.350385665893555,17.685632705688477,20.83387565612793,18.111156463623047,14.488946914672852,13.629769325256348,11.177468299865723,13.200396537780762,7.917586326599121,7.713849067687988,12.135052680969238,0.20642857142857143,0.20124387083165995,2243.3499521325143,1562.6704588209775,1503.5073282490343,573.4042184472366,3738.787878787879,2260.949557831076,0.9446979761123657,1.1502516269683838
-419.8081970214844,83.41674041748047,22.266048431396484,36.223167419433594,8.879765510559082,7.2975993156433105,-5.156044006347656,-2.736243963241577,6.342320442199707,3.4432833194732666,0.34249845147132874,-2.436755895614624,-1.0918608903884888,145.30313110351562,73.07157135009766,27.62589454650879,33.872032165527344,19.820436477661133,16.012948989868164,17.40172576904297,18.190797805786133,16.960987091064453,14.52922248840332,12.522979736328125,12.109999656677246,10.635127067565918,9.103047370910645,13.700803756713867,0.14652521525215254,0.18115840768615782,1760.3091870977973,1275.692149379733,1605.9771364536446,441.60548286968435,3303.8130381303813,1871.5598468251587,0.8603920936584473,0.9742354154586792
-446.722900390625,89.24384307861328,24.459577560424805,41.81943130493164,-5.547877311706543,4.140069961547852,-3.152933359146118,-16.500621795654297,-3.0982940196990967,-1.7058446407318115,-0.39045339822769165,2.55340838432312,-1.9007893800735474,150.848876953125,98.51256561279297,49.859153747558594,42.644927978515625,34.24074935913086,23.347570419311523,25.22389030456543,24.94850730895996,11.017572402954102,15.836952209472656,9.556083679199219,11.492929458618164,12.544991493225098,10.384438514709473,12.967378616333008,0.16891050583657585,0.20046972991791756,1758.3206213538526,1600.1005494694436,1310.658992587351,674.5005589114018,2964.8249027237352,2397.60614816414,0.9455490708351135,1.0368937253952026
-456.78387451171875,54.51792526245117,-0.48560279607772827,25.5078182220459,-0.15128012001514435,-10.080352783203125,-21.84939956665039,-18.317689895629883,-5.101696968078613,-8.296062469482422,0.7885675430297852,-8.785599708557129,-0.8775257468223572,143.0092315673828,75.98902130126953,60.04766082763672,42.19689178466797,30.68768882751465,17.246213912963867,23.628931045532227,22.830768585205078,17.016271591186523,14.220049858093262,11.760972023010254,17.880361557006836,10.277685165405273,12.199952125549316,20.682083129882812,0.21280645161290324,0.22190039459105748,2445.851696251941,1733.8054878994126,1574.3477575766724,669.840379617019,4051.0967741935483,2373.2510892381865,1.0568572282791138,1.4981800317764282
-475.8261413574219,54.31803512573242,13.495692253112793,34.40508270263672,1.013856053352356,7.660065650939941,-14.251303672790527,-17.493087768554688,-4.926048755645752,-0.2534836530685425,4.411866664886475,3.3268520832061768,-2.644089460372925,151.93954467773438,94.8897933959961,34.91090774536133,39.85258102416992,22.616104125976562,18.36382484436035,21.154090881347656,26.081228256225586,15.912582397460938,12.781684875488281,5.954990386962891,7.258533954620361,15.686585426330566,13.06043529510498,20.176559448242188,0.21986559139784947,0.2321539989880761,2297.247619346659,1656.312037661885,1560.9403865841382,643.7509293654157,3876.1290322580644,2270.0599358569666,1.1449580192565918,1.658623456954956
-429.8910827636719,87.15641021728516,-16.07977294921875,26.295793533325195,-18.56536293029785,-14.437840461730957,-21.698942184448242,-18.580730438232422,-7.273220062255859,-17.44161605834961,0.5854962468147278,-7.381723403930664,-7.944847583770752,135.5463104248047,72.5320816040039,53.37523651123047,47.60456085205078,35.42744445800781,18.985782623291016,21.799589157104492,19.537141799926758,18.52928924560547,13.37363052368164,10.810059547424316,13.708566665649414,10.585295677185059,14.076072692871094,20.89583396911621,0.1743170731707317,0.19468851783502675,1870.6305739360457,1511.8777965562513,1306.6284843010887,619.2942043136653,3113.3658536585367,2252.8799753258654,0.8702168464660645,0.9597796201705933
-441.8958435058594,92.85276794433594,-15.595253944396973,47.58560562133789,-18.289112091064453,-4.292270183563232,-17.619855880737305,-21.96820640563965,-6.494088649749756,-12.935481071472168,-5.711720943450928,-8.637616157531738,-6.329817771911621,144.92816162109375,61.74907684326172,60.323272705078125,45.02578353881836,28.024368286132812,20.652099609375,16.804231643676758,22.354761123657227,16.505647659301758,13.82322883605957,11.10959243774414,14.29826831817627,8.079977035522461,9.480916023254395,11.092594146728516,0.13945652173913045,0.18289173738142042,1411.3465882404669,1303.7498776248503,1073.0686090897002,520.0098637579575,2343.768115942029,1887.2732430826943,0.9088521599769592,1.1331497430801392
-405.7554016113281,111.09634399414062,-9.824485778808594,14.665942192077637,-3.964489698410034,-1.568803310394287,-14.734395980834961,-28.921215057373047,-0.2161913365125656,-4.945542812347412,-11.364792823791504,-1.5023722648620605,-4.391861915588379,148.7801513671875,66.26964569091797,35.399871826171875,28.112146377563477,23.58443832397461,14.367218017578125,21.938562393188477,24.465547561645508,13.362454414367676,15.103437423706055,11.557992935180664,9.539488792419434,12.27805233001709,10.329092979431152,11.439748764038086,0.1254125,0.11255353656704883,1493.1743723578277,951.392574748188,1396.5697977080865,579.0662594665794,2830.0,1943.55035952249,0.82429039478302,0.8379309773445129
-456.93218994140625,93.18955993652344,-9.114277839660645,58.88467788696289,3.1500353813171387,0.9372749924659729,-11.783665657043457,-12.958392143249512,-1.0003154277801514,0.3718918263912201,-0.2108912169933319,5.904120445251465,-3.58524489402771,158.9722900390625,86.73228454589844,52.22013854980469,45.60703659057617,18.765945434570312,16.630355834960938,20.335630416870117,25.4306583404541,10.596495628356934,15.372797966003418,10.014888763427734,9.79988956451416,10.810375213623047,6.807292461395264,9.158608436584473,0.13859669811320754,0.1671848452734205,1540.7338367979562,1246.9655252159616,1259.6694955669054,567.9459271529802,2782.264150943396,1873.1233541963006,0.9662590622901917,1.1616135835647583
-413.2689514160156,108.71104431152344,4.202772617340088,36.70755386352539,0.6304445862770081,16.94732093811035,-19.76660919189453,-7.9028639793396,3.638584852218628,-8.658499717712402,1.4956109523773193,0.2976215183734894,4.116084098815918,155.19602966308594,74.153564453125,33.797672271728516,33.94536209106445,24.100080490112305,16.77912139892578,25.01393699645996,19.2406005859375,13.649856567382812,15.236235618591309,11.258007049560547,12.575284004211426,9.004939079284668,8.783931732177734,12.433277130126953,0.08178,0.09277489746693336,1291.0224476204965,886.0508760037411,1393.5237429138067,524.0280472922128,2520.64,1676.1822068021127,0.8717743158340454,1.0087008476257324
-431.07208251953125,85.53583526611328,1.1954431533813477,47.63591003417969,9.50796127319336,6.464374542236328,-0.19687281548976898,-6.486061096191406,3.638822555541992,2.8047289848327637,-0.2998909056186676,2.954089403152466,-1.8505257368087769,175.619140625,48.92692947387695,41.59086990356445,32.05863571166992,21.136795043945312,15.586708068847656,17.43934440612793,18.377431869506836,11.628227233886719,16.331716537475586,10.231528282165527,8.425971984863281,12.270341873168945,7.795354843139648,12.941710472106934,0.12303097345132745,0.1085878031251575,1802.6251887856095,778.1346973473666,1794.0283982398244,432.562981875989,3917.522123893805,1235.4215582147187,0.9735714197158813,1.5255934000015259
-416.1986999511719,115.63105010986328,-4.590571880340576,39.38957977294922,2.992549180984497,-2.235567569732666,-0.5534051656723022,-10.279170036315918,-6.936251640319824,-2.8951609134674072,-7.657284259796143,-1.3784035444259644,-1.6027324199676514,154.6728973388672,79.95600128173828,39.11738586425781,28.342790603637695,21.903423309326172,16.814626693725586,16.226499557495117,17.432615280151367,13.534854888916016,14.38094425201416,11.79581356048584,10.059576034545898,10.01598072052002,6.0786237716674805,7.612077713012695,0.11414739884393063,0.13167645123997326,1524.382231690244,1164.8808926563702,1380.1617300391893,572.1935040189998,2870.751445086705,1918.9875737384677,0.9746460914611816,0.9849428534507751
-445.1103820800781,80.30350494384766,9.343212127685547,60.672760009765625,-2.818523645401001,-2.7495341300964355,-7.2323784828186035,-19.1951904296875,-3.1898107528686523,-7.687570095062256,-3.561913251876831,1.9324921369552612,-5.371292591094971,133.38841247558594,99.84552764892578,49.93117904663086,51.783287048339844,31.9561767578125,21.280546188354492,19.66035270690918,22.303390502929688,15.161231994628906,18.504018783569336,10.185389518737793,11.806539535522461,12.612276077270508,7.849252223968506,9.900901794433594,0.19097094801223238,0.18745925529984436,1963.5427231579786,1576.7148733353956,1280.2139386318609,519.1503351960517,3196.5749235474004,2229.61068440647,1.0592511892318726,1.0716081857681274
-412.18157958984375,117.51689910888672,6.0125627517700195,42.19723129272461,-3.760385274887085,15.838006973266602,-11.849189758300781,-7.063109874725342,1.3366793394088745,-2.361053943634033,3.7196249961853027,4.071950912475586,2.7950825691223145,156.2775115966797,74.22529602050781,30.404396057128906,30.54265022277832,30.436019897460938,13.518043518066406,23.355892181396484,20.192686080932617,16.2735538482666,16.647632598876953,14.021215438842773,11.275711059570312,11.07432746887207,12.236104965209961,17.2872257232666,0.07816831683168317,0.11543042088411433,1122.7414343727096,907.5261035792709,1232.5985795773809,506.96843798166276,2123.366336633663,1670.1587505192686,0.8069769144058228,0.9648144841194153
-440.13726806640625,59.27394485473633,-2.677706241607666,21.144241333007812,-11.778189659118652,1.9242550134658813,-22.65656852722168,-23.420427322387695,-11.501358985900879,-8.543649673461914,-2.270764112472534,-22.822052001953125,2.5646185874938965,144.606689453125,75.72217559814453,66.18128204345703,44.24818420410156,41.864078521728516,30.176231384277344,23.096342086791992,28.43953514099121,25.505199432373047,17.03790855407715,15.388946533203125,19.819822311401367,11.558520317077637,12.768302917480469,17.566852569580078,0.2541722972972973,0.24314371732187695,2375.666361994276,1813.1003078825672,1394.7172766990875,602.0168244778222,3671.3513513513512,2403.072540167896,1.1835625171661377,1.3153877258300781
-449.669921875,62.93205261230469,-0.6103983521461487,55.334251403808594,-21.284183502197266,-14.737543106079102,-19.263795852661133,-16.069414138793945,-8.739489555358887,-15.572165489196777,-1.4203611612319946,-5.155963897705078,-4.457433700561523,139.11119079589844,71.12448120117188,53.95810317993164,49.44070816040039,33.551048278808594,20.72795867919922,20.343849182128906,16.516033172607422,15.992680549621582,14.1306734085083,10.3502836227417,12.393604278564453,8.793965339660645,9.06729793548584,12.986946105957031,0.20057210965435046,0.20875628611681318,2097.1012146412263,1570.7905107233978,1402.6247225598163,506.3512429058151,3505.1728247914184,2113.2474909987804,0.9801950454711914,1.1336606740951538
-437.2764587402344,106.81017303466797,-50.29072189331055,34.79841995239258,-20.348236083984375,-4.496524333953857,-22.820106506347656,-12.64638614654541,2.203766345977783,-15.900561332702637,-9.830573081970215,-12.658670425415039,-5.909533500671387,173.43861389160156,49.96614456176758,71.77983093261719,26.402629852294922,34.61307907104492,16.13266372680664,18.557170867919922,12.230575561523438,13.027177810668945,11.360956192016602,9.844807624816895,10.698152542114258,8.44180679321289,8.062578201293945,10.957921028137207,0.09790983606557377,0.05661594140597329,1385.0147828434253,661.9562926504336,1208.8374997090991,564.2370729284014,2580.0,1532.8554731739532,1.0702731609344482,1.6725107431411743
-441.255126953125,115.03717041015625,16.564523696899414,50.824676513671875,9.861615180969238,11.398737907409668,-5.584702968597412,-1.4908416271209717,3.7942519187927246,-0.43227702379226685,1.811908483505249,-3.4162826538085938,-7.297201633453369,142.40206909179688,48.58491134643555,31.81869125366211,36.468894958496094,18.833160400390625,12.4828462600708,19.108652114868164,15.014469146728516,13.298982620239258,16.203933715820312,9.89421272277832,10.825631141662598,14.828703880310059,7.971449375152588,13.340556144714355,0.061578125,0.030261389739804998,1097.7593206797942,456.8627414360885,1343.2657463048495,377.278205997272,2359.0,1192.9874265892327,0.8484907150268555,1.0839170217514038
-432.10986328125,47.31382751464844,-14.116331100463867,43.46747589111328,-10.40640640258789,-18.161312103271484,-33.32886505126953,-9.840598106384277,-14.304259300231934,-10.381665229797363,-3.318551778793335,-6.475964069366455,-3.0933308601379395,161.61563110351562,58.82382583618164,55.8422966003418,46.54118728637695,27.583969116210938,17.386581420898438,28.34404754638672,14.484354972839355,20.362764358520508,20.62820816040039,15.393799781799316,18.12330436706543,11.805928230285645,13.354364395141602,16.834949493408203,0.2587735849056604,0.2666906609573448,2342.6842744324945,1745.563083493745,1411.2684943083314,666.1331538165093,3725.0943396226417,2306.94040835558,0.9832050204277039,1.3202213048934937
-435.48614501953125,114.02081298828125,-4.2856645584106445,38.578365325927734,-14.162243843078613,-6.787123680114746,-16.419658660888672,-29.11627197265625,-6.0291852951049805,-14.310144424438477,-3.9583663940429688,-0.6891686320304871,-2.983961582183838,139.94393920898438,82.94926452636719,46.9324836730957,50.41655349731445,33.56028747558594,19.140705108642578,17.477527618408203,25.092374801635742,13.930542945861816,17.540096282958984,11.061487197875977,13.887131690979004,8.933246612548828,16.61541748046875,18.309707641601562,0.11450996677740864,0.14131203509535056,1304.1907230327022,1159.075858344242,1090.7899136197384,595.3626267410964,2297.6744186046512,1897.2436485868302,0.8754091262817383,0.9399439692497253
-443.3087463378906,102.23289489746094,-16.191818237304688,18.81815528869629,-3.6645689010620117,3.756624698638916,-14.937783241271973,-12.956363677978516,-4.1771087646484375,-5.6640543937683105,-4.7148332595825195,-9.17691421508789,-10.048888206481934,136.63270568847656,69.68531036376953,38.71195983886719,22.997343063354492,23.106016159057617,16.068557739257812,17.352291107177734,19.998950958251953,15.674291610717773,16.311296463012695,12.871480941772461,16.648611068725586,11.084651947021484,4.112460136413574,8.019266128540039,0.15494725738396622,0.1795276924763859,1567.2792682041925,1228.4384338411746,1307.087653560569,493.58773215911293,2664.2194092827003,1892.046177203319,0.9431949257850647,1.1318154335021973
-449.0563049316406,115.77010345458984,-3.517561197280884,31.795650482177734,-25.279813766479492,-1.8792001008987427,-9.656259536743164,-33.46575164794922,-6.049724102020264,-15.90385627746582,7.907980918884277,-5.599929332733154,-2.7691187858581543,147.07208251953125,68.84380340576172,57.37724304199219,71.52241516113281,33.642051696777344,26.51084327697754,28.8321590423584,27.154319763183594,19.16956329345703,14.12604808807373,11.973712921142578,13.73095703125,10.654938697814941,16.3253116607666,18.55938148498535,0.09677884615384615,0.06645349107151344,1274.8337240100502,824.3403371815441,1198.4746801546182,547.1699474301022,2370.3846153846152,1617.6240429650823,0.8974988460540771,0.9737792015075684
-455.18157958984375,67.73249816894531,25.150691986083984,49.34467315673828,9.26345443725586,3.406721591949463,-12.269743919372559,-9.950082778930664,-3.8689918518066406,-7.444958209991455,5.669557094573975,-1.2670564651489258,-7.014737606048584,140.72296142578125,88.09174346923828,48.13031768798828,55.36312484741211,29.02314567565918,21.152286529541016,21.28962516784668,23.264760971069336,12.876771926879883,20.19101905822754,14.77548885345459,15.062235832214355,14.865424156188965,9.331684112548828,12.606264114379883,0.186682156133829,0.20549475679912374,2027.565680745546,1592.0536404809386,1467.3741715275414,592.6871960349665,3456.9516728624535,2222.9511684453937,1.1032204627990723,1.235020399093628
-462.2549743652344,77.47645568847656,-10.570670127868652,30.644338607788086,-22.25792694091797,3.9396324157714844,-10.574045181274414,-19.03515625,-0.3325614333152771,-0.7891578674316406,-1.167137622833252,-8.079866409301758,1.5678458213806152,143.60403442382812,57.26396560668945,41.716407775878906,32.34662628173828,38.03362274169922,17.916107177734375,19.783411026000977,23.790767669677734,16.546693801879883,13.997458457946777,12.338430404663086,14.381717681884766,12.42328929901123,4.819705486297607,8.734858512878418,0.13900561797752808,0.13747515596559318,1730.905342702026,952.0920581114625,1546.1007455949218,478.515275646254,3345.078651685393,1581.5567087611482,0.9882144331932068,1.1692804098129272
-446.86663818359375,116.64742279052734,1.7731642723083496,76.42386627197266,1.185107707977295,-7.123252868652344,-2.3233511447906494,-21.681241989135742,-5.123882293701172,-13.126084327697754,-6.690408229827881,7.880102157592773,-8.537213325500488,156.36178588867188,76.9145736694336,42.081390380859375,64.38202667236328,31.895620346069336,20.50025749206543,17.669208526611328,24.62697982788086,12.824577331542969,19.346458435058594,13.436042785644531,9.357763290405273,11.6289644241333,16.030101776123047,15.955826759338379,0.08334,0.09434561145066579,1109.7831961654626,791.0660720546174,1181.0801254564765,571.027070935981,2261.92,1556.323717482966,0.9304672479629517,1.2922896146774292
-399.4479675292969,99.00064849853516,18.912342071533203,45.4266471862793,15.35324478149414,5.495787620544434,-8.51508903503418,-11.931577682495117,5.389350414276123,-2.08672833442688,-1.411345362663269,-2.445549726486206,-9.892417907714844,138.6584930419922,83.42045593261719,25.258670806884766,36.85649871826172,21.835603713989258,15.641304016113281,15.93386173248291,21.419355392456055,16.6239070892334,16.201311111450195,13.027497291564941,11.664291381835938,12.497038841247559,15.721261024475098,23.38543128967285,0.11276376146788991,0.1310412356088268,1520.916464304717,1075.2712100751407,1485.8585405922263,503.72710675018794,2989.908256880734,1820.702805836123,0.854939341545105,0.8209446668624878
-440.35589599609375,84.56672668457031,18.356584548950195,66.18560028076172,7.878768444061279,2.3844878673553467,-10.435989379882812,-15.676122665405273,-4.560330390930176,-7.079710483551025,-2.32578706741333,4.031502723693848,-2.1684083938598633,142.37120056152344,82.7273941040039,46.28730773925781,57.560646057128906,24.696243286132812,18.294626235961914,20.077289581298828,26.87748146057129,12.008975982666016,20.050527572631836,12.004422187805176,9.578248977661133,13.84172534942627,9.162171363830566,11.274255752563477,0.16021375464684012,0.20517973315196497,1664.7959089716849,1548.3898063478678,1349.9792117154273,487.2189512090878,2798.2156133829,2125.4366212226346,0.993344783782959,1.0158511400222778
-448.0169677734375,92.49990844726562,-11.320691108703613,54.60380935668945,-16.911333084106445,-17.4091796875,-24.07835578918457,-15.56794548034668,-5.713249683380127,-17.267210006713867,-0.2009928822517395,-4.340666770935059,-2.0657527446746826,153.81961059570312,58.12852478027344,63.21980667114258,50.94532775878906,34.37543869018555,24.692819595336914,25.458293914794922,18.53258514404297,18.129358291625977,15.630784034729004,12.714362144470215,11.32452392578125,10.451722145080566,10.194051742553711,12.603466987609863,0.13308290155440414,0.12323475162534832,1629.657783610297,1198.576704279034,1267.950856650319,544.8722087231572,2877.5129533678755,1870.0436477929768,0.919700026512146,1.2010560035705566
-434.53070068359375,79.21885681152344,-17.854167938232422,29.673542022705078,-33.1805305480957,-6.900162220001221,-31.512426376342773,-19.056882858276367,-5.903641700744629,-14.535452842712402,-10.391986846923828,-11.104548454284668,-5.917658805847168,147.5888214111328,54.121482849121094,63.57234573364258,35.95487594604492,40.36605453491211,22.08133316040039,21.10740089416504,18.440353393554688,16.265844345092773,11.544808387756348,10.681859970092773,13.19423770904541,9.14500904083252,11.060161590576172,14.56711483001709,0.16776717557251908,0.18572705079185262,1879.5267999705038,1435.0707099918973,1407.1845560361137,546.851911393157,3296.335877862595,2110.2487846193844,0.9817388653755188,1.099852204322815
-533.294677734375,84.67611694335938,5.879291534423828,38.0201530456543,10.666204452514648,0.17118258774280548,-1.356581211090088,-3.296477794647217,-5.5705246925354,7.091976642608643,-0.026422861963510513,6.819870471954346,-0.5429664850234985,167.27565002441406,62.947574615478516,28.409757614135742,36.46925354003906,17.768709182739258,20.015501022338867,17.42902374267578,14.990950584411621,17.316452026367188,13.879477500915527,16.50136375427246,8.680657386779785,10.672689437866211,3.3213202953338623,9.219772338867188,0.09447635135135135,0.12396199197437469,1317.6207348396438,932.4521935056761,1393.990900483811,413.74741739812123,2513.2432432432433,1615.7828895733887,0.8598780035972595,1.5652140378952026
-485.2179870605469,89.13785552978516,-3.8498647212982178,31.359689712524414,-3.0877671241760254,-1.2727128267288208,-6.0591559410095215,-6.660012245178223,-1.2811506986618042,-9.729127883911133,-0.662945032119751,-9.669443130493164,-3.66455078125,173.70162963867188,55.66057205200195,40.4747428894043,29.34409523010254,25.096426010131836,18.088781356811523,18.69598388671875,16.704774856567383,14.671247482299805,17.93157958984375,13.246050834655762,16.445178985595703,13.002464294433594,3.2626678943634033,5.149847984313965,0.10147642679900744,0.08916237628646184,1608.9193859444554,765.8236779101096,1649.7371083572357,563.1689967520866,3453.7965260545907,1637.2743276882584,0.8963454961776733,1.2823801040649414
-439.33819580078125,54.70585250854492,-26.532245635986328,15.399250030517578,-24.57002067565918,-8.811741828918457,-14.06698226928711,-1.9964654445648193,-12.501175880432129,-13.066250801086426,3.0191192626953125,-4.565849304199219,-5.935485363006592,161.75653076171875,56.96409606933594,52.96196365356445,24.14946746826172,30.520084381103516,13.560157775878906,19.70037841796875,13.231019020080566,14.449309349060059,14.776923179626465,11.419732093811035,12.520071029663086,10.277641296386719,6.915467262268066,11.503308296203613,0.2263388625592417,0.21880684660227898,2460.9291948551354,1410.3514334584702,1679.1954895113981,543.4905527493719,4274.881516587678,1924.255838236012,0.7757721543312073,0.7381561994552612
-432.85882568359375,117.8250732421875,24.21875762939453,46.853492736816406,6.369454383850098,-1.364526391029358,-8.027400016784668,-18.479944229125977,-14.902135848999023,-9.766321182250977,0.17320992052555084,0.0071782623417675495,-13.61841869354248,114.59957122802734,84.08475494384766,38.64771270751953,44.896541595458984,37.085330963134766,28.329370498657227,22.855222702026367,30.084516525268555,15.962472915649414,21.902568817138672,14.039717674255371,10.837601661682129,15.741525650024414,16.31664276123047,17.046560287475586,0.10818565400843883,0.16013420441268789,1151.2559177208645,1259.555175259447,1098.4242428310486,544.1265335453517,1890.632911392405,2009.4767094536505,0.8558729887008667,0.9722944498062134
-459.0722961425781,78.79530334472656,18.67241859436035,35.654964447021484,-1.8884398937225342,7.486192226409912,-3.460822820663452,-14.938006401062012,2.040337324142456,-3.712787389755249,0.2452106773853302,-2.707212209701538,-7.571484565734863,155.0455322265625,72.90782165527344,30.50499153137207,36.31086730957031,20.348398208618164,18.8731746673584,15.192920684814453,26.93558692932129,14.861010551452637,15.311273574829102,11.83845043182373,12.671676635742188,11.106230735778809,8.403091430664062,11.671500205993652,0.1345,0.14660064802039588,1872.959031015533,1128.64080691903,1708.6366566044924,580.0422176764607,3787.2,1865.0029919547046,1.0001120567321777,1.2520155906677246
-446.6460876464844,68.81568908691406,16.037263870239258,66.4980697631836,3.6001644134521484,-0.6631632447242737,-11.004598617553711,-11.863517761230469,1.5976753234863281,-5.7201619148254395,-3.6314618587493896,5.19308614730835,1.7616344690322876,154.71322631835938,85.28814697265625,48.115177154541016,57.11823272705078,24.21405792236328,20.316591262817383,21.39971160888672,22.10295867919922,11.694093704223633,18.706411361694336,11.893963813781738,10.117437362670898,11.985001564025879,10.479434967041016,14.094776153564453,0.1743794964028777,0.2023911619150627,1857.7479806799877,1540.0210798766036,1417.7017847895263,505.1648710427488,3196.834532374101,2049.22762637702,1.1015405654907227,1.2372959852218628
-389.2706298828125,72.63768768310547,-0.9288711547851562,29.792516708374023,-18.53769302368164,1.40738046169281,-16.347827911376953,-7.51837682723999,-14.974396705627441,-10.363996505737305,-7.352357387542725,-0.45515623688697815,-12.88060474395752,134.63937377929688,67.70983123779297,43.02573776245117,23.483903884887695,25.916889190673828,14.940773963928223,17.01181983947754,16.9178409576416,14.221034049987793,14.775416374206543,13.220016479492188,14.254619598388672,12.022124290466309,8.990934371948242,9.724873542785645,0.16271739130434784,0.19831958870157007,1937.9312951063837,1410.139741256467,1541.3523754444047,535.9134232302574,3526.9565217391305,1996.9769212979395,0.8731316328048706,0.8557797074317932
-432.3589172363281,83.38922119140625,-10.0663480758667,32.79548645019531,-38.86003112792969,3.184765577316284,-21.983064651489258,-22.99329376220703,-8.76170539855957,-11.876302719116211,-3.64597225189209,-6.433745384216309,-7.697105884552002,136.52838134765625,63.439971923828125,49.475440979003906,56.25852966308594,42.11711883544922,26.14894676208496,17.2654972076416,22.52959442138672,15.806710243225098,14.330635070800781,12.317864418029785,15.347838401794434,11.089276313781738,14.293864250183105,17.726224899291992,0.1764198606271777,0.19452649700647784,1770.3317249494155,1320.677015134341,1348.1252599232635,572.4811869398593,3045.574912891986,2050.7354677465773,0.9451149106025696,1.0919171571731567
-451.3704833984375,71.22734832763672,-23.707622528076172,59.79462432861328,-30.524667739868164,-13.242316246032715,-14.592334747314453,-15.415267944335938,-8.586856842041016,-17.804168701171875,1.4101489782333374,-16.3074951171875,-4.035914421081543,180.4058074951172,44.975276947021484,64.20079803466797,48.59196472167969,34.561710357666016,24.039941787719727,21.820344924926758,14.868432998657227,18.528240203857422,15.49521255493164,13.371187210083008,13.895360946655273,9.025623321533203,12.142176628112793,13.814117431640625,0.1267090395480226,0.07344150081922589,1829.8338041423247,937.1826444384793,1485.6716402026234,552.0302474639624,3426.4406779661017,1738.0700018200241,0.9646013379096985,1.5942177772521973
-458.91522216796875,85.67772674560547,-21.718839645385742,35.514503479003906,-22.772794723510742,-5.344414234161377,-19.594411849975586,-18.839820861816406,-3.9467437267303467,-12.827281951904297,-4.729995250701904,-7.0928850173950195,-5.803799152374268,164.0553741455078,66.5989990234375,48.445613861083984,42.03958511352539,32.05170440673828,19.178030014038086,18.05911636352539,19.368452072143555,16.152935028076172,13.143229484558105,8.624019622802734,11.989094734191895,8.227815628051758,11.181584358215332,15.049861907958984,0.10626876876876877,0.13114513766327102,1167.7391449792824,1053.6772794108101,958.1090612629164,638.0903348878257,2058.018018018018,1800.6691214547543,0.839226245880127,1.2117297649383545
-412.265380859375,94.1275405883789,17.36048126220703,43.52196502685547,-5.949362277984619,21.868362426757812,4.035696983337402,-1.3717900514602661,-11.57259750366211,7.36830997467041,-3.3412091732025146,10.524578094482422,-5.858441352844238,149.98733520507812,77.55595397949219,30.35845947265625,24.512104034423828,24.054481506347656,17.805574417114258,14.714720726013184,14.730401039123535,15.684829711914062,14.375044822692871,12.878877639770508,9.367831230163574,10.030519485473633,9.774921417236328,13.952925682067871,0.12169811320754716,0.16350314961353785,1471.7448494643186,1200.7228393292157,1368.4355221782284,438.28699531008135,2687.0440251572327,1822.2636256404355,0.7225891947746277,0.7109284996986389
-416.2093505859375,56.70359420776367,10.589916229248047,24.202425003051758,-4.086782932281494,-4.9998955726623535,-7.417540550231934,-1.6696856021881104,-9.488012313842773,-6.940911769866943,-4.389972686767578,-2.671447277069092,-3.774468421936035,147.0859375,62.582427978515625,33.9189453125,30.716276168823242,23.919662475585938,19.000198364257812,15.507462501525879,13.865640640258789,18.190685272216797,11.541790008544922,11.431269645690918,12.246671676635742,10.340470314025879,8.436264038085938,13.64664077758789,0.21873376623376625,0.24035810113644884,2325.9074769861577,1578.7734298755379,1766.3668853930053,528.9316151663669,4234.025974025974,2068.945562257521,0.9830754399299622,1.174001932144165
-471.3994140625,92.60430908203125,13.632274627685547,62.4268684387207,10.473983764648438,3.449383020401001,-2.150048017501831,-10.768677711486816,6.165092945098877,-2.0718159675598145,0.07797395437955856,9.487235069274902,-1.4475964307785034,173.09207153320312,91.20768737792969,51.04684829711914,53.458316802978516,25.757617950439453,24.373014450073242,23.666187286376953,28.86182975769043,12.17801570892334,22.416187286376953,12.843555450439453,13.953536987304688,12.480960845947266,9.824541091918945,12.498826026916504,0.12612341772151897,0.1529464174261988,1635.9177674148004,1306.2639180952642,1462.2315758911834,635.383194349596,3093.9240506329115,2055.197435907511,1.0844674110412598,1.4491724967956543
-396.880859375,104.52569580078125,17.65144920349121,46.64873504638672,16.080717086791992,5.303961753845215,-7.785849571228027,-11.566951751708984,5.642259120941162,-2.2627971172332764,-1.3430159091949463,-3.110832691192627,-9.63755989074707,133.39503479003906,83.83515167236328,26.851110458374023,36.67505645751953,22.99691390991211,15.66736888885498,14.989290237426758,21.022619247436523,15.617643356323242,16.098791122436523,12.391959190368652,11.456048011779785,11.797178268432617,16.62774658203125,24.395015716552734,0.10794600938967136,0.12855727298417105,1437.3755170072018,1056.7325511455333,1424.7553221672465,491.26669197568015,2777.652582159624,1763.4931541270457,0.8824896812438965,0.8660616874694824
-456.58575439453125,72.41062927246094,5.958556652069092,50.928436279296875,-0.5609303712844849,5.061416149139404,-3.6095612049102783,-10.422174453735352,1.6624573469161987,-5.42695426940918,3.853398561477661,0.3253381848335266,2.4401473999023438,162.595703125,70.041748046875,30.838706970214844,35.75360870361328,22.702707290649414,16.701292037963867,19.945987701416016,20.735254287719727,11.011689186096191,16.588842391967773,10.617857933044434,11.51585578918457,8.73033618927002,4.830294132232666,9.05031681060791,0.11480861244019137,0.13238030333291606,1697.7264457164288,992.0819679813244,1617.780680564641,416.2520336937228,3387.9425837320573,1501.7999014754905,0.964546263217926,1.2478104829788208
-446.6925964355469,93.16917419433594,23.92398452758789,56.96917724609375,10.477774620056152,8.335144996643066,-3.021151304244995,-7.971482276916504,4.069118976593018,0.5070828199386597,2.248957633972168,9.079618453979492,2.041642189025879,169.30795288085938,90.389404296875,40.5741081237793,46.966064453125,22.59707260131836,20.576889038085938,22.563968658447266,25.37994384765625,12.41476821899414,17.905109405517578,11.272684097290039,11.655364990234375,12.75450611114502,10.030227661132812,11.779446601867676,0.12867777777777778,0.17881834841088054,1544.0245053641117,1362.738306596942,1392.2687498414157,570.3500433263074,2818.488888888889,1977.1133685499083,0.9816077947616577,1.2324610948562622
-473.12188720703125,71.41089630126953,-3.2081105709075928,45.28860855102539,3.5355443954467773,6.363379955291748,-1.2922860383987427,0.7155816555023193,-1.2906434535980225,-11.214466094970703,-2.314608097076416,-1.7328722476959229,-1.0748714208602905,178.26673889160156,65.6867446899414,30.445919036865234,39.349578857421875,18.430572509765625,18.67498016357422,16.60482406616211,15.32032585144043,13.199200630187988,20.055713653564453,12.946006774902344,10.53945255279541,12.277307510375977,4.62464714050293,7.904897689819336,0.11900621118012422,0.13749767911737085,1746.9309461329615,1008.2756592625238,1617.1045740682043,514.4954846080086,3501.863354037267,1584.6653368377456,0.8122736811637878,1.2495216131210327
-415.9915466308594,123.33979034423828,25.766441345214844,35.259056091308594,5.437468528747559,8.14062786102295,-4.628373146057129,-10.407278060913086,5.848205089569092,-4.364901065826416,2.1543128490448,-4.6789870262146,-3.1775407791137695,151.16502380371094,60.11280822753906,24.90604591369629,27.839109420776367,23.804922103881836,14.55048942565918,17.473947525024414,18.867597579956055,14.5155611038208,13.750341415405273,12.941512107849121,13.37757396697998,12.873332023620605,11.62295150756836,15.342994689941406,0.0653494623655914,0.03880020403353934,1149.8786398357988,579.6314015843649,1450.2573333426976,529.3425497671174,2487.956989247312,1646.0827133608275,0.7233243584632874,0.6915639042854309
-438.3025207519531,66.63964080810547,-9.041056632995605,9.722232818603516,-18.5374698638916,0.9952983856201172,-21.8128719329834,-3.819173574447632,-14.321306228637695,-2.8826637268066406,-12.440902709960938,2.536419630050659,-10.707313537597656,148.13719177246094,67.75139617919922,44.801475524902344,23.873689651489258,29.209627151489258,19.287382125854492,21.159208297729492,15.880240440368652,14.355230331420898,13.788034439086914,14.402957916259766,14.319846153259277,11.635478019714355,5.169073104858398,8.609269142150879,0.17578045685279187,0.20119647668952506,1956.6131262373797,1361.133357634054,1529.1342021066362,552.7476709178678,3524.8730964467004,2027.1218398109759,0.9835483431816101,1.1330078840255737
-475.48760986328125,53.88051223754883,-7.722923278808594,13.591805458068848,-15.276988983154297,4.953985214233398,-16.51837158203125,-8.86015796661377,-5.094913005828857,-4.905252456665039,-4.606168746948242,-1.206030011177063,-0.5328223705291748,165.20465087890625,74.86609649658203,50.369873046875,31.21361541748047,27.22490882873535,18.77899742126465,16.33433723449707,16.030502319335938,10.404684066772461,11.095436096191406,10.463857650756836,12.545212745666504,8.564356803894043,6.1898603439331055,11.106637001037598,0.28926666666666667,0.24404704919794096,2620.380982184168,1681.0037887263231,1632.6525107664177,534.8047068570453,4235.733333333334,2315.9051064804494,1.2553375959396362,1.3905553817749023
-437.7400207519531,108.8731460571289,-11.684222221374512,31.122325897216797,2.8575048446655273,3.9524316787719727,-8.462315559387207,-6.839418411254883,-5.563718318939209,-1.585212230682373,-7.936940670013428,2.4030065536499023,-2.3591718673706055,159.31837463378906,87.43739318847656,40.72180938720703,26.87519073486328,23.017494201660156,18.186992645263672,19.076906204223633,19.568605422973633,13.101753234863281,14.076554298400879,11.730294227600098,10.013693809509277,11.714675903320312,6.0791802406311035,8.805631637573242,0.1211902286902287,0.15956468421684056,1377.116638740132,1198.8606085831957,1193.4829829434764,544.4051891097374,2442.6611226611226,1770.4432850850349,0.8505871295928955,1.1315083503723145
-481.8938903808594,54.058006286621094,-6.214139938354492,29.710506439208984,-15.37359619140625,-3.2013704776763916,-20.31435203552246,-13.925395965576172,-11.17212200164795,-10.705682754516602,1.7702828645706177,-16.26174545288086,2.223074197769165,158.91549682617188,75.60478210449219,61.69684982299805,49.38408660888672,34.648414611816406,22.350374221801758,22.40289878845215,23.10993003845215,19.480546951293945,14.322676658630371,15.231858253479004,19.65338897705078,11.445685386657715,7.636780738830566,11.648123741149902,0.23137892376681612,0.20711835864675981,2422.1742088915034,1631.6415062865278,1476.9067677974267,547.1272307477067,3878.116591928251,2289.2566488586513,0.9906397461891174,1.160060167312622
-441.4325866699219,57.569637298583984,22.062543869018555,58.855613708496094,17.40633201599121,6.478658676147461,-12.421722412109375,-11.272027969360352,2.3225903511047363,1.9212846755981445,0.11443447321653366,7.459436416625977,5.017945766448975,131.21859741210938,93.38351440429688,44.38397216796875,48.84982681274414,25.5638370513916,24.384662628173828,22.698810577392578,24.55461311340332,11.120635032653809,16.426925659179688,15.189349174499512,9.00924301147461,11.106142044067383,7.767738342285156,12.376067161560059,0.2047007042253521,0.20595438319504283,2070.4549483291444,1577.709397571264,1459.3288438756742,473.4026628426009,3504.507042253521,2040.9544775736356,1.0964362621307373,1.0061535835266113
-463.0576171875,67.66292572021484,10.950669288635254,45.153053283691406,-14.401427268981934,-8.82523250579834,-14.739097595214844,-9.496644020080566,-6.055727005004883,-7.921144485473633,-1.3904967308044434,-3.034654140472412,-0.7690137028694153,160.52481079101562,70.44878387451172,41.44480514526367,45.08592987060547,31.21750259399414,16.316200256347656,18.48502540588379,15.418036460876465,13.611361503601074,10.534473419189453,10.882644653320312,12.341812133789062,6.65038537979126,10.009839057922363,14.412924766540527,0.19256720430107524,0.1803901895436166,2183.308079871005,1533.8333778932138,1557.9582286044406,599.4568631846905,3742.2580645161293,2321.171204663649,0.8844295740127563,1.1254103183746338
-468.72601318359375,81.00115966796875,19.078628540039062,80.1288070678711,19.03418731689453,8.07691764831543,-9.172085762023926,-13.330083847045898,-4.766911506652832,-5.257725238800049,-5.646335124969482,12.004842758178711,-3.3128836154937744,128.3289031982422,71.22853088378906,34.9708251953125,64.43050384521484,31.06746482849121,22.245281219482422,24.215913772583008,25.9238338470459,11.881468772888184,19.85224723815918,13.43088436126709,9.68587875366211,10.937859535217285,10.098793029785156,14.552095413208008,0.12834699453551912,0.16873919663207548,1389.3201387565673,1265.7147964280057,1270.8700352549627,447.8361328109606,2442.4043715846997,1852.4273575965524,0.8588760495185852,1.0444233417510986
-420.5257873535156,103.88746643066406,16.781410217285156,44.45903396606445,10.353014945983887,-6.948498725891113,-7.38931941986084,-10.072477340698242,-8.79445743560791,-9.161380767822266,4.405421733856201,-3.913109064102173,-8.106062889099121,124.05403900146484,90.08920288085938,49.83375930786133,53.430023193359375,41.413631439208984,26.310171127319336,24.66811752319336,24.05687713623047,19.73478126525879,21.090009689331055,16.80225944519043,16.23246192932129,13.705201148986816,11.319808959960938,13.567276000976562,0.12161174785100287,0.1440742072587302,1352.7234332425617,1220.26902273698,1220.5954866285301,539.0782636846228,2296.7335243553007,2007.9463030481736,1.1008567810058594,0.9463233351707458
-455.74798583984375,143.4561767578125,52.75151824951172,48.94278335571289,-12.352123260498047,-15.696516036987305,12.328840255737305,-11.71033763885498,-6.230713367462158,-17.40959358215332,-5.301313400268555,1.60719895362854,-5.440674781799316,107.26361846923828,80.87332916259766,46.61928176879883,53.376243591308594,47.08438491821289,33.56074142456055,12.13831615447998,26.33077049255371,15.766511917114258,23.53723907470703,13.328791618347168,14.18121337890625,15.714056015014648,22.16555404663086,23.273971557617188,0.07999999999999999,0.1074346513052249,931.974459332533,997.166388954901,1030.202686046539,687.85394979297,1690.3225806451612,2138.6833712843973,0.859472393989563,0.8899337649345398
-426.2034912109375,89.90494537353516,1.7034540176391602,51.43791961669922,-2.2249011993408203,5.741861820220947,-1.3962626457214355,-5.740134239196777,7.0376362800598145,-13.61994743347168,2.2364797592163086,-1.768065333366394,-2.8426012992858887,181.64784240722656,67.4576416015625,34.12461471557617,33.94685745239258,19.54094123840332,16.684865951538086,15.417601585388184,18.606857299804688,11.632126808166504,19.714221954345703,11.826411247253418,9.370726585388184,10.976567268371582,5.843199729919434,8.39912223815918,0.10590596330275229,0.12623340698021865,1566.1428359621834,960.4380014692348,1551.7735209630373,473.26371837372795,3242.935779816514,1541.706014855861,0.9017913341522217,1.0281788110733032
-494.1737976074219,92.52915954589844,5.8846611976623535,61.912513732910156,8.876816749572754,9.109766960144043,-6.866875171661377,-13.248600959777832,-1.2542449235916138,-0.842632532119751,-1.234330654144287,4.639860153198242,-3.991466999053955,164.9524688720703,73.1253662109375,43.6829719543457,41.94390869140625,26.011783599853516,22.05131721496582,19.314977645874023,21.05644989013672,14.666104316711426,15.19605827331543,9.912917137145996,9.762015342712402,12.651549339294434,6.688701629638672,10.142221450805664,0.10525974025974026,0.12482883372763948,1384.9873029743665,993.9976357607344,1376.0464522067334,639.1896924370833,2767.2727272727275,1944.4089920120296,1.071494221687317,1.3382446765899658
-548.8363037109375,58.23502731323242,-10.721771240234375,33.497833251953125,-9.936768531799316,-1.4095025062561035,-11.43289852142334,-4.448902130126953,-5.437168121337891,-8.18924331665039,4.667117595672607,-3.937516212463379,1.4351264238357544,183.270263671875,53.65839385986328,39.31418991088867,34.431915283203125,27.59764862060547,12.982544898986816,25.49955177307129,14.090314865112305,16.707704544067383,15.64304256439209,11.321481704711914,11.884073257446289,10.294657707214355,5.0635504722595215,10.050119400024414,0.10817961165048547,0.06573999441640227,1904.1208138985648,748.4516378312301,1845.8427302755767,586.9914142685543,4069.902912621359,1615.2642605316134,0.7934653759002686,1.265243649482727
-446.98431396484375,77.09463500976562,-23.006805419921875,35.402313232421875,-36.94901657104492,3.268463373184204,-12.466968536376953,-17.941255569458008,-10.128524780273438,-11.167717933654785,-4.658473014831543,-15.277998924255371,-4.1999664306640625,170.9463348388672,54.46273422241211,63.766143798828125,46.43495178222656,40.429046630859375,27.019819259643555,16.4322566986084,18.88446617126465,17.79469108581543,11.730457305908203,12.858258247375488,16.09368133544922,9.086710929870605,11.294722557067871,13.760126113891602,0.14242009132420091,0.10606773599530511,1758.1064550191907,1035.219362280793,1398.3610678138625,558.0806843643873,3144.4748858447488,1905.0138299476077,1.0523401498794556,1.566765546798706
-425.90655517578125,102.99845123291016,17.101625442504883,52.734130859375,3.3662657737731934,-8.752342224121094,-9.39160442352295,-17.71202278137207,-7.18325662612915,-8.393757820129395,1.0580105781555176,-3.4997246265411377,-9.435087203979492,136.4278564453125,92.58484649658203,46.13117218017578,50.98441696166992,27.663822174072266,27.36002540588379,21.47439193725586,22.393014907836914,14.716259956359863,18.856849670410156,15.279141426086426,11.604819297790527,12.904586791992188,15.342272758483887,17.391618728637695,0.1351246105919003,0.16103099501939244,1555.6146226315543,1397.4489848145815,1249.7229732643536,662.7797264082412,2722.1183800623053,2264.873140183871,1.0196533203125,1.0809059143066406
-509.0206298828125,78.09516143798828,8.175844192504883,53.48634719848633,-18.317365646362305,-3.2965235710144043,-16.161317825317383,-14.567208290100098,-11.193428039550781,-13.237624168395996,-5.991408348083496,-3.8900673389434814,-3.871709108352661,151.56271362304688,72.31246948242188,47.25532913208008,45.944190979003906,30.421995162963867,15.149720191955566,16.322675704956055,17.827360153198242,13.949037551879883,15.078909873962402,8.532034873962402,13.100227355957031,8.332014083862305,5.965602397918701,7.708070755004883,0.11476982097186701,0.1539106949007355,1241.1499226860042,1254.5343156785686,1011.3057514550102,636.300338698519,2185.6777493606137,2004.7982055567663,0.8214037418365479,0.9517102241516113
-434.7333679199219,73.66738891601562,11.010371208190918,8.68816089630127,-4.204991817474365,-3.3114447593688965,-0.23851092159748077,-6.940439224243164,0.09252117574214935,-13.934854507446289,0.7069481611251831,-1.5132269859313965,-0.5227782726287842,144.08070373535156,72.59414672851562,27.990581512451172,27.448551177978516,27.60907745361328,18.8546085357666,15.759126663208008,19.580896377563477,15.783001899719238,20.826005935668945,10.399394989013672,13.765088081359863,11.373802185058594,7.77597188949585,12.980440139770508,0.18887096774193549,0.23402570312178134,1997.2002119410424,1489.4461426827474,1718.2312615015214,545.5934578451972,3723.8709677419356,2205.2688774977883,0.8222428560256958,1.0807148218154907
-503.5392150878906,75.90538787841797,22.79840660095215,44.88836669921875,3.7372775077819824,9.382561683654785,-3.721661329269409,-9.121255874633789,1.9889615774154663,2.770561933517456,4.198459625244141,5.655285835266113,1.4170966148376465,173.77967834472656,81.99549865722656,38.32989501953125,42.02555847167969,24.944690704345703,18.3122501373291,19.408676147460938,21.475482940673828,12.245558738708496,14.549640655517578,8.777802467346191,10.066892623901367,12.214359283447266,7.943115234375,12.200090408325195,0.1398168789808917,0.1654035859458991,1833.464623523187,1481.5422438254511,1529.6743988746787,636.8061895084728,3303.566878980892,2283.294081663945,0.9336881041526794,1.4827191829681396
-458.55255126953125,50.24510955810547,0.27131977677345276,32.605445861816406,-4.828956604003906,-15.048529624938965,-29.79605484008789,-15.347365379333496,-15.987247467041016,-13.794538497924805,6.845155715942383,-18.35923957824707,3.118664503097534,143.8212890625,70.0025634765625,51.72496795654297,49.97589874267578,38.49235153198242,25.504825592041016,27.27364730834961,26.758380889892578,18.688772201538086,18.656757354736328,15.276089668273926,20.448379516601562,11.331310272216797,8.982246398925781,12.609514236450195,0.2529978354978355,0.23935637225492426,2606.304026044517,1723.7946613698466,1578.3509381786682,492.9981004785136,4196.017316017316,2109.7452052010894,1.0968952178955078,1.2416945695877075
-454.1667785644531,75.17034149169922,-10.937068939208984,21.54107666015625,-7.570995330810547,3.8529953956604004,-11.35711669921875,-11.0328369140625,-4.244762897491455,-8.285261154174805,4.85078763961792,-6.929541110992432,-1.9196640253067017,159.03970336914062,60.3599739074707,44.87972640991211,29.893749237060547,32.60540008544922,17.484886169433594,18.2618350982666,18.709976196289062,13.381330490112305,14.025574684143066,10.936529159545898,12.662096977233887,11.067155838012695,8.408555030822754,14.351202964782715,0.133078231292517,0.16789869496521206,1707.7858229476483,1122.5788710479221,1513.1728090592505,525.078451470158,3123.809523809524,1750.875129419817,0.8024698495864868,1.1711621284484863
-421.5782470703125,120.40203857421875,15.0380220413208,65.8283462524414,10.224167823791504,-10.101902961730957,-6.938314437866211,-22.461374282836914,-7.425583362579346,-17.37413215637207,0.05155385658144951,1.1351368427276611,-6.790882110595703,124.70243835449219,87.23241424560547,43.51948547363281,59.06901550292969,25.075176239013672,22.50516128540039,13.884068489074707,25.198871612548828,15.968428611755371,18.400985717773438,7.90715217590332,11.343474388122559,12.29490852355957,22.332183837890625,23.76229476928711,0.10852611940298505,0.14569545415884777,1247.265768377977,1304.4466046881676,1066.9870864876348,565.0302122978152,2172.8358208955224,2030.2229904509677,0.953312873840332,1.208897352218628
-475.08416748046875,108.92173767089844,-15.073220252990723,51.98921585083008,14.228763580322266,4.566441535949707,2.166518211364746,-6.117606163024902,0.9424170851707458,5.281123638153076,1.3536932468414307,1.0855571031570435,-0.9544993042945862,201.98089599609375,47.53850173950195,41.86142349243164,31.441762924194336,19.19036865234375,18.70474624633789,12.578081130981445,17.835418701171875,15.773415565490723,13.386366844177246,15.455537796020508,15.328141212463379,10.632181167602539,4.6367292404174805,6.30263090133667,0.0748148148148148,0.04545921007366122,1306.291503009361,452.62323371031766,1518.7245974068856,451.2657826920384,2871.703703703704,1266.0451930034028,0.7530949115753174,1.2163302898406982
-480.0507507324219,66.25581359863281,30.01861572265625,43.56653594970703,-12.902196884155273,-4.355920314788818,-17.833412170410156,-13.212606430053711,-9.037873268127441,-12.501845359802246,-4.363746166229248,-3.4374072551727295,-2.2492382526397705,137.89231872558594,82.55787658691406,43.31040573120117,48.335601806640625,36.07368469238281,18.22305679321289,17.463275909423828,15.202170372009277,13.94550609588623,11.44823932647705,10.60506820678711,13.132450103759766,8.08181095123291,11.6911039352417,15.471268653869629,0.21104567307692307,0.24592304354546027,2162.564016656349,1824.9479616409935,1477.3867451001652,720.9294053351882,3607.3076923076924,2642.7070295034564,1.021759271621704,1.3660656213760376
-439.4552917480469,96.31420135498047,8.070045471191406,43.225807189941406,-2.5822863578796387,6.061458587646484,-6.995532989501953,-11.22175121307373,0.2530718445777893,-3.2540602684020996,2.0783164501190186,-3.294189214706421,-0.2988073527812958,172.23370361328125,67.96791076660156,37.48530578613281,30.284353256225586,25.948936462402344,14.730331420898438,19.68268585205078,20.245080947875977,11.925382614135742,13.834242820739746,8.997666358947754,12.835566520690918,9.03890323638916,7.226651668548584,10.798474311828613,0.10802702702702702,0.14526266730575704,1543.6092089766366,1072.6456214301093,1576.5698873789743,519.409579543988,3159.135135135135,1820.6976115075524,0.9481865763664246,1.1143178939819336
-469.0249328613281,80.19544982910156,4.627729892730713,35.44807815551758,-12.715246200561523,-2.902872323989868,-18.18844223022461,-17.574430465698242,-7.6749958992004395,-8.204377174377441,-7.31593656539917,-0.5441942811012268,-4.97119665145874,144.19117736816406,78.12769317626953,46.691097259521484,45.75003433227539,28.941564559936523,16.670652389526367,19.59404182434082,20.570215225219727,14.184381484985352,14.864011764526367,10.496517181396484,14.453347206115723,9.322311401367188,9.73693561553955,12.675238609313965,0.1783,0.2280889848282902,1634.4344908247106,1638.3348552639893,1131.9876596406903,696.6276648427607,2639.28,2357.6834990303514,0.8963375091552734,1.0802803039550781
-469.3509521484375,117.41184997558594,19.38994598388672,49.685211181640625,12.90636157989502,8.645498275756836,1.9823857545852661,-15.846699714660645,3.439466714859009,3.449256658554077,3.729320526123047,8.826226234436035,3.603482723236084,157.2267608642578,86.12149810791016,48.91557693481445,32.07347869873047,39.628822326660156,20.245079040527344,17.32880210876465,27.015439987182617,14.589390754699707,21.17373275756836,14.181159973144531,11.3854398727417,10.011094093322754,7.785738468170166,9.926384925842285,0.0898888888888889,0.13416429144435352,1228.4526377448426,1149.270477317945,1277.3439358988576,640.8504572629698,2336.4444444444443,2003.6934291514485,0.8606023192405701,1.1236529350280762
-441.42822265625,85.53411865234375,-3.605740547180176,25.356494903564453,-16.55677032470703,1.577316403388977,-17.09075927734375,-20.808679580688477,-8.77984619140625,-13.443422317504883,-2.7964601516723633,-13.311620712280273,-2.09171199798584,163.2762451171875,77.00238037109375,44.15349197387695,40.938053131103516,28.131505966186523,16.283493041992188,16.626798629760742,16.985151290893555,13.95766830444336,12.51762580871582,10.08801555633545,15.519287109375,6.533639430999756,21.99320411682129,25.519128799438477,0.1794516129032258,0.2245916134230733,1971.2866795180166,1736.7590432796296,1393.372852727296,648.7806858922905,3221.6774193548385,2610.566078608323,0.828184962272644,1.1446001529693604
-419.11370849609375,85.27056884765625,-16.85235023498535,36.32304763793945,-22.101802825927734,-2.083242416381836,-14.5685396194458,-7.506872177124023,-11.404085159301758,-8.692302703857422,-0.835806667804718,-8.569686889648438,0.08534069359302521,159.9076690673828,54.504093170166016,48.72185134887695,34.985382080078125,29.886024475097656,14.036870956420898,18.71725082397461,14.676074028015137,17.51162338256836,13.642465591430664,14.64732837677002,11.242874145507812,11.074783325195312,7.771286964416504,14.370619773864746,0.11498971193415637,0.07511702048526477,1625.2994822926134,701.4478417061732,1519.7339144829266,539.2050678667388,3244.2798353909466,1537.7846673084716,0.9437205195426941,1.2693873643875122
-455.4805603027344,64.19854736328125,10.833710670471191,23.813352584838867,-12.721874237060547,-0.11152508109807968,-12.123082160949707,-2.1284379959106445,-8.599359512329102,-7.352735996246338,-4.773959159851074,-3.1538589000701904,-1.5644948482513428,129.7692108154297,76.15571594238281,33.47964096069336,28.206689834594727,24.688806533813477,15.858089447021484,19.687265396118164,16.036165237426758,15.218304634094238,15.310107231140137,14.507293701171875,15.232145309448242,9.699739456176758,4.185485363006592,9.711343765258789,0.19165966386554623,0.2065426119663209,2084.9728489547915,1428.4857409380106,1584.9181552746843,559.2814692344275,3748.0672268907565,2039.7195709836328,0.8332737684249878,0.9679560661315918
-463.4529113769531,88.0241470336914,-15.176491737365723,19.619564056396484,-11.441027641296387,0.6479237675666809,-2.8449764251708984,-18.31732177734375,7.447050094604492,-1.275949239730835,4.14006233215332,-3.484414577484131,1.405664324760437,180.90682983398438,84.58061981201172,55.20361328125,46.99565124511719,34.450130462646484,15.331439018249512,17.68354606628418,24.75929832458496,17.154373168945312,14.376824378967285,8.437847137451172,16.333858489990234,10.535140037536621,8.572916030883789,11.102851867675781,0.15717241379310345,0.17749411237744298,1780.1759821938322,1310.4245456476665,1459.6298606338887,604.7484552622112,3221.793103448276,1965.4504332263582,0.8230162858963013,1.1005793809890747
-438.4569396972656,61.143699645996094,-12.146241188049316,47.16374969482422,-22.94124412536621,-14.460305213928223,-22.160890579223633,-20.525470733642578,-16.12946319580078,-14.575334548950195,4.090120792388916,-22.505910873413086,0.2351507544517517,161.11866760253906,63.95265197753906,78.91639709472656,57.07377624511719,36.88029098510742,22.373353958129883,22.883264541625977,22.7858943939209,18.622325897216797,15.444232940673828,16.64078140258789,18.93210792541504,13.616332054138184,13.987871170043945,14.130450248718262,0.209080310880829,0.19166664721278287,2255.907624419395,1485.0599662720135,1467.5083344144073,576.9888685128506,3745.2849740932643,2083.004766344427,1.0703039169311523,1.078751564025879
-425.61962890625,105.78679656982422,11.85335922241211,51.26429748535156,-0.9169192314147949,12.059173583984375,-9.120526313781738,-14.080526351928711,-3.5193352699279785,4.650533199310303,-1.0516890287399292,10.72531509399414,-2.6694812774658203,140.32843017578125,89.56074523925781,35.1281852722168,48.48686981201172,25.26544952392578,19.47751808166504,19.367504119873047,24.224628448486328,16.691768646240234,18.322620391845703,8.777140617370605,10.878331184387207,9.897995948791504,12.227371215820312,13.35964584350586,0.15235897435897436,0.20114992969010123,1562.432320477044,1428.1742310252373,1284.5887125647232,573.1813129875119,2700.5128205128203,2100.5351561312477,0.8396753668785095,0.9437984824180603
-423.0970153808594,77.00072479248047,15.987237930297852,42.211814880371094,16.97835350036621,7.967529296875,-8.576480865478516,-5.7219929695129395,6.432020664215088,3.5415191650390625,-1.5966143608093262,-1.3373372554779053,-2.3252179622650146,142.7116241455078,63.215457916259766,28.0802001953125,35.60506057739258,20.355501174926758,16.428882598876953,17.531768798828125,17.758159637451172,13.191105842590332,14.015612602233887,13.677721977233887,10.53654670715332,11.468268394470215,7.3916778564453125,14.317290306091309,0.1255625,0.15343886625325193,1705.6962808102553,1103.738527119972,1643.0532808581672,377.16318932360656,3312.6666666666665,1572.5773607538536,0.8552361726760864,0.9640201926231384
-471.7843933105469,70.75718688964844,20.37384033203125,48.74030685424805,-20.998695373535156,-3.1767444610595703,-12.193416595458984,-15.622489929199219,-10.666677474975586,-9.573010444641113,-1.9152121543884277,-4.522953987121582,0.13953016698360443,140.99398803710938,82.23734283447266,47.893646240234375,51.74067687988281,34.880470275878906,22.198528289794922,18.365243911743164,19.242788314819336,16.031978607177734,12.076591491699219,11.797080993652344,13.309782028198242,9.811927795410156,9.600214004516602,12.88241195678711,0.19485408560311285,0.210545320113816,2047.2376157827493,1623.2625725270857,1430.097934658128,600.2664031192986,3416.498054474708,2337.918566323229,1.0076624155044556,1.2544615268707275
-489.9818115234375,59.85239028930664,-25.085142135620117,43.33414840698242,-33.37197494506836,-10.406720161437988,-12.420676231384277,-14.604788780212402,-3.8974807262420654,-10.215296745300293,-1.8347899913787842,-8.658576965332031,-3.1991307735443115,179.68336486816406,60.77193832397461,64.39798736572266,44.18008041381836,32.98405838012695,16.350942611694336,15.047675132751465,18.417753219604492,17.121984481811523,13.491605758666992,9.24647045135498,14.247330665588379,10.839255332946777,6.404836177825928,10.257434844970703,0.18118279569892476,0.13953243321559972,2131.865085589429,1112.6924598077142,1562.331009195324,530.4922581305561,3815.483870967742,1733.818283770737,1.045147180557251,1.1961562633514404
-434.557373046875,84.01101684570312,1.291534185409546,38.09992218017578,18.97833251953125,2.83687162399292,-5.706428527832031,-10.162276268005371,-2.7592086791992188,-4.696954250335693,-6.100797653198242,-2.3496737480163574,-9.176578521728516,183.38507080078125,75.36177825927734,27.845401763916016,31.859272003173828,16.758472442626953,14.538826942443848,16.631803512573242,20.040874481201172,13.791929244995117,14.963454246520996,11.923585891723633,10.345499038696289,12.88441276550293,11.626532554626465,15.286014556884766,0.09522727272727274,0.12227757115560278,1578.1593256691276,1014.6548401327992,1673.4937210675075,638.6155252895329,3450.4242424242425,1910.922465330086,0.83918696641922,1.1560695171356201
-440.7142028808594,65.61772918701172,-3.215930700302124,28.60974884033203,-41.26955795288086,-2.364914655685425,-24.1155948638916,-23.00625991821289,-12.200709342956543,-13.4805908203125,-1.209173560142517,-9.78778076171875,-6.434698104858398,130.70716857910156,66.4248046875,51.627891540527344,57.082523345947266,45.51083755493164,27.940385818481445,17.30754852294922,22.316373825073242,17.680315017700195,12.953973770141602,11.587911605834961,15.1768159866333,13.294492721557617,11.808682441711426,14.903078079223633,0.21523462783171518,0.22249560367630233,2168.786838730867,1572.2731561935889,1453.478967237017,498.76934094743245,3524.919093851133,2188.2076741409637,1.0190846920013428,1.0835590362548828
-429.565673828125,81.84819793701172,-10.757556915283203,44.331512451171875,-30.87476348876953,-8.429491996765137,-14.207143783569336,-15.649876594543457,-6.213799953460693,-10.669548034667969,-3.902508497238159,-9.507122993469238,-3.495321750640869,163.32928466796875,63.425628662109375,61.280189514160156,49.38349914550781,35.69023132324219,18.337207794189453,20.488813400268555,13.206762313842773,15.339115142822266,13.247295379638672,10.116008758544922,12.027429580688477,8.278671264648438,14.961010932922363,18.99493408203125,0.1643956043956044,0.1814526020586794,1900.3023682556209,1467.2722234926464,1373.1212474878214,478.7431803346473,3290.3296703296705,2062.289057104687,1.0285594463348389,1.2700419425964355
-448.86285400390625,112.8375244140625,24.50585174560547,47.2607307434082,16.374588012695312,7.420879364013672,-8.794445991516113,2.6261682510375977,-9.779767990112305,2.835116386413574,-0.2354741394519806,6.353849411010742,0.6424247026443481,138.95980834960938,72.73893737792969,31.839357376098633,32.353355407714844,17.66709327697754,14.562743186950684,22.107540130615234,12.778441429138184,19.247163772583008,12.530279159545898,13.994733810424805,12.861703872680664,10.944358825683594,11.678720474243164,14.794315338134766,0.0792361111111111,0.09035927411289821,1075.6463981960826,831.0247045956706,1231.6640636489976,497.49157439587236,2049.777777777778,1732.9364787856978,0.9441174268722534,1.2736735343933105
-442.8782043457031,100.7668685913086,1.1086868047714233,43.167022705078125,5.966753959655762,5.387453079223633,-0.3569738268852234,-9.249787330627441,3.2252182960510254,2.4983115196228027,-3.4283955097198486,2.7404391765594482,-3.048393487930298,153.8349609375,65.03426361083984,41.71271896362305,34.488895416259766,26.3492488861084,14.404268264770508,15.18513011932373,23.406848907470703,11.982951164245605,14.105634689331055,11.36680793762207,10.436359405517578,12.766407012939453,5.5604023933410645,10.966995239257812,0.1393421052631579,0.1506859508083168,1742.448047101638,1094.9110029975725,1617.913742762085,512.8848762492414,3515.7894736842104,1684.8110040658448,0.9191221594810486,1.0955631732940674
-463.4584045410156,67.5403823852539,11.75781536102295,45.7399787902832,-14.8905611038208,-8.865838050842285,-15.24081802368164,-9.519214630126953,-6.353622913360596,-8.061511039733887,-1.0638152360916138,-2.9107167720794678,-0.23257355391979218,160.33689880371094,71.0794677734375,43.3337516784668,46.4962272644043,31.877216339111328,16.8223876953125,18.697378158569336,15.331799507141113,13.860554695129395,11.123139381408691,11.112021446228027,12.698376655578613,6.789025783538818,10.146724700927734,14.49659252166748,0.19462635869565217,0.18184407793551915,2213.94738304368,1537.5779517317299,1573.0387316049566,584.2847858785923,3796.413043478261,2311.2504057524225,0.9097810983657837,1.1379992961883545
-445.9928894042969,98.72699737548828,4.1425275802612305,39.47475051879883,2.396052837371826,8.884737968444824,-7.13082218170166,10.130127906799316,-7.909252166748047,3.6743059158325195,-6.087485313415527,6.3334221839904785,-6.015219211578369,173.4841766357422,73.64852905273438,31.423233032226562,31.416908264160156,27.718212127685547,18.951284408569336,18.750877380371094,15.540824890136719,14.580964088439941,14.258750915527344,12.51540756225586,11.9061279296875,13.510285377502441,5.207391738891602,9.251594543457031,0.1249025974025974,0.16129050796194255,1581.700717618966,1245.1241220065608,1434.9414145190935,608.4324382307811,2977.6623376623374,1972.3788981883724,0.8580178022384644,0.9438823461532593
-396.68505859375,89.10885620117188,-12.789396286010742,38.43339157104492,-20.155080795288086,-3.919152021408081,-7.777229309082031,-3.86458420753479,-13.995064735412598,-10.004426002502441,2.0963244438171387,-3.0109264850616455,-9.107528686523438,162.57395935058594,51.954036712646484,33.0863151550293,27.258377075195312,26.810861587524414,16.167814254760742,15.939186096191406,13.3040132522583,17.48958969116211,12.081400871276855,13.084240913391113,13.442558288574219,13.107553482055664,13.36650276184082,14.974621772766113,0.11089449541284405,0.09478489828119555,1547.5495892581198,813.0594088537738,1468.5919989201388,504.5250423927983,3109.3577981651374,1525.3949858335582,0.7618425488471985,0.9914588928222656
-454.7293395996094,116.8292007446289,28.241607666015625,35.72114181518555,-4.791524887084961,1.9681916236877441,2.0794460773468018,-13.15338134765625,-5.960273265838623,-10.458548545837402,7.94769287109375,1.1211961507797241,-6.228195667266846,135.26560974121094,90.91903686523438,48.6983757019043,47.25267791748047,44.40495681762695,25.63408660888672,22.782228469848633,25.00276756286621,18.761138916015625,20.725414276123047,20.10975456237793,14.011265754699707,15.218252182006836,12.307191848754883,14.202645301818848,0.12398625429553264,0.15082249808266038,1468.0391355293548,1308.5495796680768,1304.3919242494921,672.1515730504019,2619.9312714776634,2227.119013839539,1.0576294660568237,1.3092825412750244
-457.644775390625,106.19417572021484,4.080846309661865,3.655630350112915,-16.149131774902344,-11.838323593139648,-23.8710994720459,-16.049453735351562,-14.386252403259277,-11.642743110656738,-6.849637985229492,-8.130309104919434,-1.400844931602478,128.6356964111328,75.32389068603516,50.654205322265625,50.62004470825195,39.02293014526367,34.383399963378906,25.470813751220703,21.3660831451416,18.349180221557617,14.894182205200195,14.953752517700195,15.993582725524902,12.402897834777832,13.825251579284668,15.665525436401367,0.1756725721784777,0.20024975893556365,1792.0478619030253,1614.70693509501,1283.7485684983224,684.8112205781108,2880.4199475065616,2441.1640078880137,1.0519742965698242,1.1808111667633057
-465.77545166015625,71.92913055419922,11.61077880859375,32.00251388549805,14.903975486755371,4.8556294441223145,-4.790223598480225,-8.400155067443848,0.3360055685043335,-5.687833786010742,-4.730639457702637,0.8447533249855042,-8.151277542114258,164.05126953125,73.32475280761719,34.49994659423828,38.722415924072266,18.485647201538086,16.985504150390625,18.751270294189453,22.284069061279297,13.502517700195312,17.735889434814453,12.129724502563477,10.849878311157227,16.437339782714844,7.193758964538574,12.090777397155762,0.1656118881118881,0.1903802591537684,2012.2585272801286,1335.2973991693812,1735.5960994809304,565.0124130065761,3933.426573426573,1953.1545597107845,0.9107059836387634,1.1078132390975952
-452.3552551269531,101.36380004882812,-11.460654258728027,20.618318557739258,-4.158868312835693,5.790945529937744,1.957359790802002,-25.51869773864746,-6.250243186950684,-1.201269507408142,-3.450693130493164,-2.3362841606140137,-3.3752377033233643,162.2307586669922,79.90392303466797,49.95848083496094,23.496126174926758,25.448162078857422,16.132667541503906,19.03461265563965,26.429563522338867,14.796631813049316,14.286280632019043,9.990067481994629,12.133615493774414,10.60122299194336,4.396465301513672,6.5995635986328125,0.15552575107296135,0.1797169847728706,1775.7907890706435,1294.3264313236318,1459.9210323725479,588.9985009327543,3242.5751072961375,1951.1212303487684,0.9331353306770325,1.0150514841079712
-453.1725769042969,115.56279754638672,8.459983825683594,26.148008346557617,-1.1974300146102905,1.457608938217163,-3.5556445121765137,-2.7946622371673584,-6.757441520690918,-1.2565091848373413,-3.417509078979492,4.610276222229004,-3.313821792602539,158.45071411132812,78.13228607177734,29.26205062866211,28.256071090698242,22.378223419189453,14.549311637878418,16.809654235839844,17.30162239074707,14.671664237976074,13.828923225402832,12.106805801391602,11.404638290405273,12.597908020019531,6.477148056030273,9.6348295211792,0.10655204460966543,0.14136312979726995,1362.5410609096375,1086.9194767325266,1354.6153933585883,555.6948223325567,2517.918215613383,1764.7136463274608,0.7914844155311584,0.8852077722549438
-412.841552734375,103.57264709472656,7.140632152557373,41.66559982299805,8.632360458374023,10.005672454833984,-2.7229666709899902,-5.464249134063721,-1.4673047065734863,-9.634852409362793,5.981968402862549,2.445955991744995,-3.042617082595825,115.81543731689453,80.10511779785156,33.77621078491211,33.82368087768555,25.245433807373047,14.77634048461914,18.441387176513672,21.218534469604492,14.05984878540039,17.81844711303711,11.983996391296387,11.975931167602539,12.838314056396484,5.819749355316162,10.416666030883789,0.13247142857142857,0.1597004983826709,1562.624771704753,1242.5618811085612,1380.5351806422116,530.4113949097468,2822.8571428571427,2005.8380100219908,0.8141181468963623,0.7359752058982849
-458.43255615234375,72.8924560546875,-12.897769927978516,25.64326286315918,-21.141433715820312,-3.105198383331299,-14.848828315734863,-12.076783180236816,-4.83965539932251,-8.075552940368652,-6.308772087097168,-8.942658424377441,-1.6576693058013916,164.6357879638672,83.09342956542969,70.2657241821289,46.657161712646484,35.746116638183594,23.455860137939453,20.198379516601562,18.85622215270996,19.36612319946289,10.728285789489746,12.599494934082031,14.720002174377441,8.8004789352417,11.613561630249023,15.76679515838623,0.19085403726708075,0.19494367429669718,2022.2665996147443,1466.6032098889816,1359.733850660468,675.2336454710934,3329.6894409937886,2212.262949327962,1.0332821607589722,1.3234381675720215
-469.7839050292969,102.57867431640625,12.713871955871582,48.01525115966797,0.3313296437263489,1.2100586891174316,6.0887770652771,-17.503366470336914,-5.715307235717773,-3.0992159843444824,0.5352930426597595,9.494976997375488,-2.6297543048858643,149.1205596923828,94.89661407470703,39.7274169921875,42.40492630004883,43.00739669799805,21.543806076049805,26.87006378173828,26.649431228637695,15.872052192687988,15.878046035766602,10.413630485534668,13.025590896606445,12.450173377990723,8.27867603302002,10.980813026428223,0.12906996587030717,0.1515567996983676,1517.3007096619936,1260.5610108780638,1325.6082081186169,618.8927868384008,2707.1672354948805,2057.616292754741,1.0301933288574219,1.2230991125106812
-434.1553955078125,75.28118133544922,-9.897640228271484,34.7369270324707,-13.672050476074219,-1.0669153928756714,-10.449934959411621,1.7400976419448853,-5.873797416687012,-3.5988988876342773,1.8725661039352417,1.263649821281433,-10.059267044067383,177.59573364257812,72.43973541259766,36.2215690612793,28.15235710144043,24.37242317199707,17.26650047302246,17.793575286865234,12.672643661499023,15.2042875289917,13.654342651367188,10.537739753723145,14.473772048950195,12.160253524780273,8.996237754821777,12.747482299804688,0.13508982035928144,0.16058297895452012,1768.0577255050073,1111.6508482496622,1589.5050947572354,584.7201178973112,3542.994011976048,1772.1648572864967,0.9084649682044983,1.3753621578216553
-472.27911376953125,97.64885711669922,10.502823829650879,55.55975341796875,19.730785369873047,-0.9855771660804749,-11.50981330871582,-24.228700637817383,-3.7489261627197266,-9.965662956237793,-10.646757125854492,1.4769176244735718,-2.155029296875,147.4842529296875,81.67267608642578,49.22025680541992,47.09711837768555,23.13009262084961,19.664335250854492,19.300437927246094,26.901670455932617,12.532927513122559,16.956127166748047,9.903319358825684,7.662336826324463,8.396899223327637,16.39546775817871,22.35848617553711,0.09167832167832167,0.09581622863539614,1430.3305489340091,1035.281154437286,1455.7254379798505,752.4771506887499,2939.5804195804194,2174.7328022116208,0.9296970963478088,1.3234622478485107
-427.69146728515625,100.97615814208984,-14.113536834716797,17.035140991210938,1.733476161956787,-8.005851745605469,-7.3773884773254395,-14.688029289245605,4.694286346435547,-12.112709045410156,-2.1794004440307617,-17.401277542114258,-3.66745662689209,172.17552185058594,43.76362228393555,43.812225341796875,22.03019905090332,17.074905395507812,19.28704833984375,16.603586196899414,20.184066772460938,17.315214157104492,18.17840576171875,10.570600509643555,17.69281768798828,10.10105037689209,13.76186466217041,16.39031219482422,0.0773538961038961,0.046185886601688306,1346.3393357201005,529.8314075482266,1538.7650858679528,535.9887596642108,2831.1688311688313,1543.026183402235,0.8866965770721436,1.0410358905792236
-463.18438720703125,92.2050552368164,-21.040441513061523,27.615039825439453,-31.443666458129883,-2.131962776184082,-23.949193954467773,-25.357576370239258,-3.7073135375976562,-13.127676963806152,-2.635359764099121,-8.032343864440918,-4.336923599243164,159.03343200683594,64.74240112304688,57.964874267578125,46.00477981567383,37.52322006225586,23.617794036865234,21.592639923095703,23.612056732177734,16.925596237182617,13.303050994873047,11.755767822265625,10.769354820251465,11.191225051879883,7.691173553466797,9.295431137084961,0.15156862745098038,0.13815896237683684,1837.4341495163776,1328.0590705888724,1342.7951519449193,548.0826289259048,3106.579520697168,2096.5807467289337,0.8917287588119507,1.176531434059143
-436.6413879394531,104.15121459960938,1.75618314743042,50.25607681274414,-3.552887201309204,1.8987880945205688,1.234761118888855,-14.161349296569824,7.059457302093506,3.61498761177063,6.002534866333008,9.019987106323242,1.835410237312317,171.88079833984375,90.3498306274414,43.396400451660156,40.436893463134766,31.166616439819336,18.76283073425293,20.978961944580078,22.65127944946289,14.633095741271973,19.065099716186523,10.891897201538086,8.76441764831543,11.722963333129883,13.437058448791504,16.337215423583984,0.11606951871657754,0.1470891558412058,1411.0734056330236,1163.7109776445332,1324.864805545418,549.6057522010396,2535.614973262032,1928.036884005584,0.9434697031974792,1.2245283126831055
-406.8081970214844,98.84212493896484,0.48010674118995667,30.248903274536133,4.434230804443359,0.6870376467704773,-6.3580002784729,-19.782386779785156,-0.5298839211463928,-12.062792778015137,-2.9734256267547607,-10.405377388000488,-3.6499602794647217,137.3873748779297,66.78620147705078,35.03267288208008,27.603931427001953,24.732282638549805,19.339563369750977,15.511408805847168,21.742488861083984,17.308618545532227,16.672340393066406,11.430831909179688,13.824847221374512,10.482423782348633,11.361119270324707,12.639068603515625,0.11442222222222222,0.15739687825351115,1499.1036413811519,1179.8217786351179,1452.3751605480609,532.3928850954364,2788.9777777777776,1895.8723174176623,0.8658568859100342,0.8312267661094666
-450.0035705566406,94.01387023925781,3.6035003662109375,77.09336853027344,9.396605491638184,-3.5015289783477783,-11.693467140197754,-19.549516677856445,-6.312159538269043,-4.720404624938965,-7.552360534667969,6.341323375701904,-3.6306629180908203,129.87696838378906,86.03298950195312,42.29339599609375,49.83885955810547,23.738712310791016,22.833473205566406,19.73708152770996,23.216093063354492,13.008708953857422,15.892891883850098,12.20970344543457,12.467628479003906,8.510642051696777,8.017871856689453,11.026769638061523,0.12831428571428571,0.1409270878207332,1443.4050121165922,1137.5062983548441,1194.0837106456997,531.575803884261,2605.1428571428573,1757.0952839088418,1.0278583765029907,1.1258946657180786
-476.3009033203125,77.91889190673828,12.630001068115234,52.350521087646484,14.944156646728516,4.960423469543457,-4.017120361328125,-12.87427043914795,4.921295166015625,-0.43937402963638306,3.5818426609039307,13.826754570007324,2.2518603801727295,147.80484008789062,96.91072082519531,42.88764953613281,58.01259994506836,27.698345184326172,24.03868865966797,20.232725143432617,26.907211303710938,12.786825180053711,16.465465545654297,11.30633544921875,9.524256706237793,13.66506576538086,5.939264297485352,8.84306812286377,0.1629761904761905,0.1840295223038007,1849.3548876065538,1497.4372901051827,1486.7275215771035,607.8201934383964,3277.5510204081634,2226.510521991705,0.9020402431488037,1.026502251625061
-404.1573486328125,83.72605895996094,-9.452180862426758,38.236488342285156,-20.206491470336914,4.616477966308594,-8.294697761535645,-12.014291763305664,0.9925625920295715,-0.5233117341995239,0.660639762878418,-7.1613569259643555,1.1443805694580078,152.5209197998047,52.79920196533203,40.45063400268555,31.054113388061523,35.459415435791016,14.569670677185059,19.363819122314453,21.01793670654297,14.35987377166748,11.547391891479492,12.332759857177734,11.497814178466797,9.484906196594238,10.007065773010254,14.113091468811035,0.1275518134715026,0.14743927320858607,1650.0157568838072,963.8682828897944,1542.250842261825,438.6143911523167,3263.2124352331607,1498.038801302576,0.852281928062439,0.9643698930740356
-462.6219177246094,112.28107452392578,-4.7798075675964355,35.43360137939453,3.446871757507324,3.7138044834136963,-1.2538819313049316,-16.18719482421875,-1.2583062648773193,-6.269186973571777,-8.282150268554688,-0.9385905265808105,-9.522360801696777,160.3622283935547,74.1208724975586,29.418498992919922,29.166723251342773,23.702991485595703,14.826456069946289,18.64095687866211,22.63417625427246,12.307903289794922,14.343951225280762,13.240382194519043,11.54102897644043,11.75379467010498,6.43455171585083,10.604580879211426,0.07626623376623377,0.0869263415763108,1208.3773617700606,761.8595172718074,1311.9824746324907,582.114580518538,2509.6103896103896,1697.293828925987,0.7725403308868408,0.971771776676178
-481.3938903808594,69.15727996826172,-12.629621505737305,13.82308578491211,-15.673542976379395,1.7733865976333618,-12.085017204284668,-5.199337959289551,-9.725076675415039,-7.178620338439941,0.31981387734413147,-4.845712184906006,-2.365262508392334,161.42037963867188,59.614200592041016,34.77432632446289,26.030101776123047,28.63260841369629,12.215600967407227,22.348142623901367,12.58894157409668,15.184426307678223,12.570320129394531,12.543744087219238,16.15574073791504,11.168513298034668,3.9881906509399414,7.688011646270752,0.17729665071770334,0.1834903502886988,2152.4469309115893,1353.2667354725174,1667.9740118127206,570.453891853267,3895.1196172248806,2121.2348822992485,0.9095691442489624,1.093427062034607
-444.087890625,116.24658966064453,3.383660316467285,49.438140869140625,10.620399475097656,3.724209785461426,8.166248321533203,-24.05419921875,-9.970405578613281,-9.329360961914062,-2.7833454608917236,10.684110641479492,-4.10582160949707,140.48001098632812,102.48639678955078,34.95238494873047,38.07564163208008,23.937074661254883,13.452567100524902,15.5723876953125,28.778406143188477,15.202486991882324,24.117618560791016,12.18963623046875,9.84301471710205,13.05587387084961,16.650197982788086,19.383655548095703,0.08449044585987263,0.1055003014355216,1193.1494057549617,1032.3330837569931,1177.0993175766985,624.2681797636626,2192.356687898089,1950.1566620483866,0.7186877727508545,0.779629111289978
-471.6570129394531,97.62971496582031,21.367109298706055,59.74983215332031,10.556859970092773,6.319323539733887,-3.1560099124908447,-14.30914306640625,0.3294287323951721,-3.679550886154175,-1.7105801105499268,8.67097282409668,2.4953556060791016,145.27198791503906,98.8256607055664,40.97932052612305,52.59526062011719,35.78883743286133,19.105527877807617,20.665245056152344,23.726863861083984,12.18698787689209,15.843864440917969,10.843127250671387,9.564763069152832,10.675766944885254,6.966531753540039,8.516412734985352,0.13888078902229845,0.16506425000351552,1620.89740528971,1471.2877410728565,1274.8680731760755,627.8459080874688,2742.3670668953687,2289.545009908606,0.9636385440826416,1.1316688060760498
-443.19207763671875,98.3652114868164,-7.661314010620117,22.624431610107422,-1.427390217781067,-3.5163183212280273,-0.32850074768066406,-6.051559925079346,1.2963063716888428,-4.505058288574219,-5.77586030960083,-2.996729850769043,-0.42417359352111816,169.84652709960938,67.93793487548828,37.54887771606445,28.659404754638672,23.030607223510742,21.179988861083984,16.786067962646484,17.540760040283203,14.123698234558105,14.750332832336426,12.281500816345215,15.70198917388916,9.543655395507812,8.398698806762695,12.620511054992676,0.10789757412398922,0.1461891023978303,1505.9058194156344,1037.789071048383,1549.4787434450393,610.6936732857562,3037.3045822102426,1968.7163197527836,0.7873191237449646,0.9729877710342407
-402.7675476074219,92.2153549194336,-8.542389869689941,27.091644287109375,2.162318706512451,-3.676299810409546,-17.09705924987793,-22.451980590820312,-2.147275924682617,-6.574553966522217,-2.507349729537964,-8.88526439666748,2.0569489002227783,132.1365509033203,71.7338638305664,43.92450714111328,32.70012283325195,24.25848388671875,20.549224853515625,20.468029022216797,24.5660400390625,15.410884857177734,16.524982452392578,15.012084007263184,14.760885238647461,10.338208198547363,10.917553901672363,15.648722648620605,0.15204451345755693,0.18916065719311778,1753.4387582426054,1387.897550679739,1410.8414028799336,512.8353130372528,3058.550724637681,1951.2434775574923,0.9226852059364319,1.0319479703903198
-479.63861083984375,60.865928649902344,-14.48026180267334,40.508724212646484,-33.25070571899414,-5.224250316619873,-20.512657165527344,-15.605990409851074,-10.352028846740723,-12.703699111938477,-4.114055156707764,-6.20774507522583,-5.776139736175537,161.84353637695312,64.69821166992188,50.86330795288086,46.83762741088867,35.70379638671875,17.778221130371094,15.793937683105469,19.720731735229492,18.084074020385742,14.012945175170898,9.312746047973633,14.422441482543945,9.533397674560547,7.97435998916626,10.941765785217285,0.16581064356435646,0.2037204437909895,1650.9456606682809,1462.341534026521,1133.5795721937188,643.5329988698766,2808.3168316831684,2128.1038226119763,0.819426417350769,1.159696340560913
-450.56195068359375,65.90162658691406,8.920350074768066,50.33377456665039,3.355240821838379,1.1128120422363281,-17.01508331298828,-5.885105133056641,6.180407524108887,3.1428751945495605,1.5264837741851807,5.248485088348389,6.266443729400635,170.50096130371094,93.79367065429688,55.293617248535156,51.32253646850586,20.582244873046875,20.642345428466797,19.990055084228516,21.724451065063477,14.264364242553711,17.878063201904297,10.495933532714844,10.525566101074219,12.266425132751465,8.51358413696289,12.167983055114746,0.19463541666666667,0.22087734796235206,2076.239455058903,1583.8332127241754,1486.1280553953284,579.8110363044917,3629.1666666666665,1953.7838999689238,0.9477259516716003,1.2351257801055908
-424.8341064453125,80.49585723876953,-32.30908203125,41.36323165893555,-29.7099609375,-9.264433860778809,-20.38176727294922,-12.03297233581543,-3.400830030441284,-14.31350040435791,-2.440445899963379,-7.10835599899292,-6.0323486328125,182.44143676757812,66.83797454833984,54.04402542114258,33.44239807128906,32.861995697021484,22.6202449798584,18.071033477783203,14.463506698608398,14.32468032836914,13.239514350891113,11.235735893249512,10.449275970458984,9.825033187866211,15.372404098510742,17.47980308532715,0.13456043956043956,0.10947024873475233,1790.5281626234857,1009.6114784139274,1427.3717592861492,628.8976390896205,3278.021978021978,1924.0674748741571,0.9786073565483093,1.3844753503799438
-437.0634765625,94.04193115234375,7.697403430938721,56.72732162475586,-4.453700542449951,4.009462356567383,-5.846336841583252,-18.75480842590332,-7.746740818023682,-3.366257667541504,-6.437777996063232,6.49169397354126,-5.690579891204834,131.0289306640625,86.04951477050781,35.87055587768555,48.813968658447266,33.59843826293945,18.742050170898438,19.669795989990234,20.784666061401367,12.786498069763184,15.803051948547363,10.857992172241211,10.115954399108887,10.708535194396973,12.55981159210205,15.329221725463867,0.14649789029535865,0.160981211380366,1540.0403181219203,1283.3953689139555,1252.0840117718749,631.8336848103348,2729.1139240506327,2162.9854289671634,0.8582357168197632,0.9423038363456726
-472.55096435546875,88.45387268066406,5.017454147338867,39.72914123535156,10.491811752319336,4.211400508880615,6.806432247161865,-7.583135604858398,0.8410547971725464,-6.47479248046875,-1.7335259914398193,-1.2930043935775757,-10.202324867248535,178.4945526123047,61.90531921386719,30.990013122558594,33.1514892578125,15.06471061706543,16.030057907104492,12.740896224975586,19.92914390563965,12.87578010559082,15.30476188659668,13.647706985473633,11.01356315612793,14.356703758239746,9.607614517211914,14.752094268798828,0.0799174528301887,0.08858105246482498,1410.6514401249801,732.499919552453,1665.9154512933605,548.2321324389975,3198.867924528302,1692.2728496464183,0.7782800197601318,1.2280590534210205
-466.6483459472656,84.28271484375,5.872016429901123,47.579742431640625,3.883545398712158,2.497141122817993,-2.3151602745056152,-20.235332489013672,-4.545351028442383,-5.788540363311768,-0.39813467860221863,7.710579872131348,-4.589565277099609,156.33718872070312,96.7741470336914,36.154083251953125,45.75331115722656,20.044363021850586,20.336292266845703,15.76174259185791,25.660356521606445,13.599335670471191,18.029850006103516,11.521900177001953,10.488177299499512,11.967976570129395,9.65417766571045,13.726146697998047,0.15325539568345323,0.15339092509057764,1884.1135253977434,1438.7820693934295,1422.3483677270638,617.2662707152824,3279.4244604316546,2267.9989711247204,0.8653838038444519,1.1177048683166504
-413.0693664550781,95.24851989746094,14.194182395935059,52.20255661010742,4.325291156768799,16.977251052856445,-16.534664154052734,-2.9160938262939453,0.24221394956111908,-6.053125858306885,5.9956231117248535,0.7558895945549011,3.3652660846710205,147.41912841796875,78.99073028564453,29.5704402923584,36.03850173950195,19.221010208129883,16.576318740844727,23.971696853637695,18.12858772277832,14.515920639038086,18.049413681030273,11.72560977935791,12.05681037902832,10.949432373046875,9.556079864501953,13.094890594482422,0.10608996539792388,0.1559734102627603,1387.5431420559423,1226.61389794544,1359.8194166869089,484.2011975997566,2557.508650519031,1903.9887163352855,0.949265718460083,1.16184401512146
-390.61383056640625,106.69418334960938,-9.327168464660645,27.204750061035156,-4.720729827880859,-4.627674579620361,-15.788015365600586,-28.063793182373047,-3.199105739593506,-7.379825592041016,-13.676186561584473,1.1148523092269897,-6.737672328948975,135.73240661621094,76.60385131835938,34.382659912109375,35.76061248779297,20.822723388671875,20.927106857299805,18.406373977661133,20.893680572509766,13.817448616027832,14.040180206298828,12.528348922729492,11.368549346923828,9.923623085021973,9.768362045288086,10.482236862182617,0.13484558823529416,0.1696439666528486,1501.5944568070925,1221.6209228546804,1291.2882174333163,478.2824135624499,2672.3529411764707,1884.7206983334809,0.8467929363250732,0.8018966913223267
-462.92987060546875,107.34388732910156,21.2580509185791,39.2586669921875,15.791027069091797,18.677017211914062,1.0422762632369995,11.93228816986084,6.867921352386475,1.38704252243042,1.1544606685638428,8.670942306518555,-4.846813678741455,175.5083770751953,66.74114990234375,24.074626922607422,20.016170501708984,20.904569625854492,15.970999717712402,17.832447052001953,15.538741111755371,12.217231750488281,16.45309066772461,11.495978355407715,9.340591430664062,13.726289749145508,7.43791389465332,12.693549156188965,0.05658682634730539,0.09755175168900146,1019.1351183415128,917.5964015911795,1268.920455960054,466.75613288279294,1913.7724550898204,1749.056757523233,0.800406813621521,0.945529043674469
-381.6335754394531,115.77034759521484,18.416179656982422,35.49341583251953,13.16248893737793,11.287270545959473,-11.004427909851074,-10.257974624633789,8.250139236450195,-0.7185308933258057,-1.156267762184143,-3.6684296131134033,-2.025994300842285,124.07194519042969,71.85313415527344,29.328411102294922,29.26835823059082,23.486942291259766,16.09272003173828,17.832944869995117,21.424606323242188,16.505699157714844,15.539709091186523,13.426173210144043,11.833011627197266,11.628226280212402,12.022886276245117,16.082050323486328,0.10762820512820515,0.13603517796522774,1430.1261729827095,1067.9963407528137,1451.2153733483292,492.31042103808284,2726.739926739927,1804.5839053798632,0.8135631084442139,0.9035509824752808
-463.91217041015625,105.5428695678711,9.733521461486816,34.90634536743164,10.098240852355957,15.696595191955566,-13.314348220825195,-6.058075904846191,1.631614327430725,-4.909757137298584,5.1134352684021,5.5177459716796875,4.731692314147949,156.51431274414062,73.63286590576172,27.70119857788086,30.897586822509766,19.19949722290039,15.745342254638672,26.164505004882812,16.997407913208008,12.369112968444824,16.257673263549805,10.966415405273438,8.19919490814209,10.366294860839844,11.468899726867676,20.702245712280273,0.05256211180124224,0.051202883439889685,1083.4403222519943,658.1414604125562,1370.0109159131264,611.5764749316322,2282.7329192546586,1651.0738036397377,0.8475169539451599,1.1770108938217163
-469.4917907714844,85.44463348388672,-5.840730667114258,20.342853546142578,4.293177604675293,-3.130499839782715,-13.425817489624023,-20.041486740112305,-0.31683453917503357,-6.215599060058594,-7.445985317230225,-0.39193975925445557,-0.8891488909721375,162.6952667236328,64.9698257446289,34.825355529785156,30.338388442993164,17.620410919189453,20.37722396850586,18.823307037353516,22.33368492126465,14.346095085144043,15.164273262023926,11.466560363769531,10.937801361083984,12.183210372924805,6.1834588050842285,9.547611236572266,0.1460891089108911,0.13615006364992718,1762.19080858887,1037.449740889201,1595.7461077758078,584.553938265597,3443.366336633663,1903.3406157230077,0.8009057641029358,0.9264331459999084
-420.4792785644531,120.6016616821289,11.157634735107422,70.08747100830078,8.100116729736328,-8.485206604003906,-8.748169898986816,-21.609798431396484,-8.711748123168945,-15.5530366897583,-2.469327211380005,3.444336175918579,-9.484939575195312,119.39350128173828,87.01478576660156,42.058921813964844,58.042598724365234,24.97068214416504,22.931100845336914,16.51205062866211,24.921192169189453,13.663055419921875,19.086660385131836,8.178777694702148,11.487595558166504,10.879940032958984,21.825584411621094,23.465240478515625,0.11124074074074072,0.15794217005262648,1153.6203568146525,1255.666769941837,953.5823390566893,426.77925121158074,1925.3333333333333,1757.8896438627767,0.917188286781311,1.1798511743545532
-438.751220703125,74.88335418701172,13.679317474365234,73.33912658691406,1.2796059846878052,-4.234036445617676,-13.209385871887207,-10.690640449523926,-0.3616158068180084,-7.678580284118652,-0.5250244140625,0.8183607459068298,-4.83756160736084,152.9357452392578,79.11585998535156,48.588993072509766,63.39993667602539,20.255369186401367,22.496339797973633,19.915300369262695,20.907451629638672,12.01464557647705,20.785429000854492,10.442327499389648,11.178586959838867,12.395783424377441,10.433950424194336,12.401846885681152,0.15824585635359117,0.17067888186555008,1772.7374783209316,1313.4083939864684,1456.5998254503427,523.4666436738953,3308.950276243094,1849.8324555347297,1.0576602220535278,1.0615036487579346
-478.97552490234375,45.00361251831055,15.491786003112793,42.45616912841797,-7.46398401260376,2.712019681930542,-18.602235794067383,-4.326554298400879,-6.220261573791504,-2.611046314239502,-4.049365520477295,7.8834638595581055,2.435072183609009,141.77601623535156,80.05651092529297,37.54457473754883,55.48947525024414,27.18085289001465,21.48142433166504,23.915645599365234,20.046524047851562,10.339097023010254,14.785482406616211,11.510690689086914,10.085088729858398,6.949984550476074,9.266422271728516,18.812482833862305,0.22805944055944055,0.20229613315088085,2379.1026113394346,1454.9901338098698,1590.4963921722047,578.8754170900986,4056.5034965034965,2012.25520032786,0.9455193877220154,1.130574345588684
-492.1351623535156,70.47663116455078,18.6640567779541,29.249422073364258,-7.857030868530273,-21.425336837768555,-16.43994903564453,-13.53891658782959,-16.710529327392578,-13.926807403564453,-1.5871093273162842,-5.664218425750732,-0.3226238489151001,133.36080932617188,69.09729766845703,58.74932098388672,50.1854362487793,31.86343765258789,29.18497085571289,28.071462631225586,19.808259963989258,20.023990631103516,14.804369926452637,12.39029598236084,16.93389320373535,10.012002944946289,11.053160667419434,16.616212844848633,0.1927840909090909,0.22207998911446897,2187.880516073952,1786.2105793748292,1516.4492940263697,684.9003105051236,3576.1363636363635,2598.636631974798,0.9131743907928467,1.2205941677093506
-452.7457580566406,117.50865936279297,9.364211082458496,66.67500305175781,12.082022666931152,10.021427154541016,0.25919121503829956,-15.80993938446045,-0.35263538360595703,1.442821741104126,5.059602737426758,13.11461353302002,-3.247150421142578,158.1664276123047,77.50995635986328,36.371429443359375,44.48392105102539,25.419841766357422,20.67086410522461,18.390777587890625,29.280885696411133,13.585529327392578,18.116413116455078,12.370058059692383,10.915678977966309,10.742376327514648,12.294761657714844,14.563536643981934,0.07527777777777779,0.13139314651311645,1005.1777312768912,1023.5170561910105,1094.938587522785,488.94329054985536,1821.7777777777778,1564.5990453913441,0.8802574872970581,1.1592719554901123
-458.8091735839844,83.64991760253906,-18.177778244018555,60.676673889160156,-18.83742332458496,-18.30850601196289,-19.988494873046875,-12.006989479064941,-4.892178058624268,-17.17055320739746,-1.9519528150558472,-0.6719385385513306,-8.68610954284668,158.04685974121094,72.59288024902344,65.99314880371094,49.61283874511719,32.46002960205078,22.947154998779297,21.042057037353516,14.310736656188965,17.653295516967773,16.753232955932617,11.933723449707031,12.772798538208008,10.062734603881836,8.253990173339844,10.44291877746582,0.1346654275092937,0.15440474967745813,1461.7250659106248,1143.4405500171242,1122.0131834678587,590.6653371172365,2607.881040892193,1795.3174245780917,0.9282850027084351,1.5024851560592651
-450.9687805175781,54.313846588134766,-12.461898803710938,55.57558059692383,-28.532554626464844,-10.192266464233398,-14.004270553588867,-15.206299781799316,-4.31619930267334,-8.648029327392578,-4.197375774383545,-0.22557835280895233,-4.480467796325684,155.79135131835938,80.68877410888672,50.795684814453125,56.94912338256836,30.544456481933594,21.54072380065918,13.89465618133545,19.87305450439453,16.08749771118164,16.015003204345703,12.19015121459961,17.83776092529297,8.402207374572754,12.898370742797852,17.084991455078125,0.21514248704663214,0.2273864783281035,2013.2014324848258,1585.6698318001486,1216.6545209458802,580.387950116177,3285.3886010362694,2121.9767837445565,0.9723382592201233,1.4131746292114258
-413.2737121582031,67.0550765991211,-30.68862533569336,24.12409210205078,-32.272857666015625,-2.0439465045928955,-23.76637077331543,-15.389754295349121,-5.41489315032959,-10.866340637207031,-7.133355140686035,-14.686800956726074,-2.290816307067871,164.78359985351562,60.35509490966797,56.89508056640625,32.90659713745117,41.345924377441406,25.576383590698242,24.853450775146484,22.804248809814453,17.108333587646484,13.313901901245117,15.294538497924805,16.6320858001709,8.468423843383789,14.371646881103516,17.045085906982422,0.19403266331658295,0.17888080360377373,2122.2240955611114,1414.042560291967,1431.16949881311,548.715631505196,3610.452261306533,2001.487712126,0.9308463931083679,1.162145972251892
-468.4469299316406,90.387451171875,-13.788742065429688,14.513593673706055,-11.66873550415039,5.631436347961426,-11.775029182434082,-7.767988681793213,-9.112024307250977,-9.824615478515625,-1.9828853607177734,-7.946403503417969,-5.842046737670898,158.9423370361328,56.99836349487305,45.38663101196289,25.28348159790039,30.741933822631836,14.872207641601562,17.658586502075195,15.039628028869629,15.507362365722656,11.87560749053955,11.964757919311523,14.310152053833008,11.17422103881836,5.170638561248779,9.172199249267578,0.10601593625498008,0.11594348699394315,1546.8557248224868,962.9103022670936,1456.500957282322,632.6979368656132,2929.2430278884462,1943.3090399117648,0.998219907283783,1.494978904724121
-472.7956848144531,97.70758819580078,16.7396240234375,32.11449432373047,-4.716639995574951,6.1523637771606445,-7.2082624435424805,-14.961027145385742,-3.4531490802764893,-2.005373954772949,-2.756159543991089,1.6969608068466187,-10.643427848815918,167.2283935546875,63.434661865234375,35.50981521606445,32.02877426147461,22.877670288085938,15.237015724182129,19.7061824798584,27.55349349975586,14.253427505493164,12.073325157165527,10.505265235900879,10.11941909790039,13.877883911132812,10.736828804016113,14.577290534973145,0.07535,0.10694353260794533,1175.531929181512,830.5901096317243,1375.4513370164238,492.24080945747806,2453.6,1573.7095369434178,0.8952891230583191,1.1225597858428955
-452.37542724609375,141.7301025390625,39.16086959838867,49.001670837402344,-17.560575485229492,5.745303630828857,16.022550582885742,-10.662097930908203,-1.0583714246749878,-5.585859775543213,-3.4520812034606934,13.930108070373535,-2.2147209644317627,132.8701629638672,78.2854995727539,37.762306213378906,46.79353713989258,32.5958251953125,17.2591495513916,12.919495582580566,20.686996459960938,13.559832572937012,19.24599838256836,11.559610366821289,7.284833908081055,13.220377922058105,17.70789337158203,20.83102798461914,0.06490963855421687,0.07661164561897668,835.617402403977,757.2198648541442,1041.9280137933167,537.2713312064836,1473.2530120481927,1672.8801427865303,0.8034303188323975,0.9518125057220459
-420.1594543457031,106.46491241455078,-43.0529899597168,17.18950080871582,-21.42898178100586,-6.132094383239746,-27.068275451660156,-18.964387893676758,-7.998050689697266,-15.623583793640137,-8.522100448608398,-10.405696868896484,-4.594457149505615,152.4587860107422,63.79684066772461,59.23908233642578,42.682350158691406,36.78533172607422,20.574352264404297,26.56684684753418,17.174245834350586,17.920316696166992,14.527368545532227,15.212594032287598,10.31940746307373,10.484511375427246,18.270462036132812,16.884986877441406,0.09252941176470589,0.07067218659753996,1116.2394839323968,761.1782264144213,902.0753453720122,486.8945333271149,1861.8823529411766,1433.2722692928498,0.9251663088798523,1.3929154872894287
-428.6009216308594,98.9501953125,-12.855124473571777,19.634498596191406,7.240777969360352,-5.940932750701904,-14.68509578704834,-26.95076560974121,2.5666773319244385,-5.8936285972595215,-11.650834083557129,2.434525966644287,-1.8743547201156616,153.574951171875,73.94120788574219,40.4431266784668,28.98954200744629,23.113052368164062,19.21314239501953,19.27140998840332,22.560758590698242,14.099395751953125,14.064641952514648,11.788875579833984,10.371806144714355,13.207204818725586,6.944352626800537,9.059348106384277,0.14516276041666665,0.1496600625295153,1679.7597854328812,1126.347324901306,1457.489466868281,531.4816832013101,3089.4791666666665,1893.1118945797434,0.8863527178764343,0.8770384788513184
-440.0246276855469,89.30045318603516,3.4422311782836914,65.21791076660156,-0.34447118639945984,-1.7795450687408447,-11.676292419433594,-22.005706787109375,-1.4503812789916992,-8.549589157104492,-2.3692941665649414,3.2408487796783447,-2.87632155418396,155.7124481201172,82.85888671875,44.77880096435547,57.30723190307617,27.33282470703125,20.669689178466797,18.9758358001709,25.08525848388672,12.279938697814941,19.592329025268555,11.821001052856445,8.12740421295166,10.858084678649902,10.27001953125,12.567706108093262,0.1476061320754717,0.1657681712915391,1741.8115460453796,1319.5106303430457,1438.9927249875304,595.1825979176785,3231.3207547169814,2055.358425094508,0.9582547545433044,1.1184834241867065
-439.5373229980469,130.545166015625,-14.01518440246582,59.327205657958984,8.94913101196289,-5.642589569091797,3.0299973487854004,-13.119856834411621,11.745186805725098,4.208256244659424,5.253495216369629,6.5312910079956055,-4.693567276000977,179.00289916992188,63.343318939208984,47.69679641723633,42.37105941772461,26.23542022705078,22.49777603149414,17.2224178314209,24.47805404663086,15.424948692321777,21.098468780517578,12.634411811828613,10.686229705810547,14.313108444213867,7.411827087402344,8.015456199645996,0.07250000000000001,0.055869046572887784,986.3671125566789,544.3160311315265,1159.9894898485904,412.7506363495784,1838.5401459854015,1307.9736041366532,1.0255728960037231,1.5710994005203247
-476.8954162597656,75.88811492919922,8.696557998657227,34.229530334472656,6.054026126861572,4.537009239196777,4.9488606452941895,-4.469850063323975,2.2844505310058594,-8.052083015441895,1.006833791732788,1.2626577615737915,-3.666908025741577,177.05831909179688,61.299922943115234,27.13625717163086,30.66242027282715,19.596691131591797,13.641594886779785,13.456223487854004,18.140140533447266,10.866705894470215,18.227537155151367,11.017715454101562,9.540828704833984,11.83026123046875,5.786080837249756,11.088584899902344,0.13175675675675674,0.1228705301692638,1800.8420244361412,960.3188767357606,1750.768397891079,515.1673072118919,3716.4864864864867,1827.7378075261859,0.8784338235855103,1.2379586696624756
-512.7320556640625,95.2113037109375,5.18710994720459,20.01539421081543,3.765549898147583,2.197890520095825,-4.630229949951172,-1.5880080461502075,-5.997401237487793,-1.9827337265014648,-5.182423114776611,-2.149359703063965,1.791438341140747,171.73056030273438,84.23278045654297,41.464134216308594,29.15119743347168,21.613698959350586,16.764833450317383,17.419904708862305,15.740152359008789,14.165133476257324,9.604683876037598,13.511067390441895,10.972334861755371,9.181756019592285,4.727965831756592,9.353798866271973,0.14582644628099173,0.15522923212850662,1924.5090101651463,1421.7141087128825,1524.614296431467,664.229472030056,3399.6694214876034,2247.8698581061826,0.7485546469688416,0.9561634063720703
-465.6254577636719,51.06731414794922,8.189879417419434,47.96033477783203,-17.03403663635254,-10.022918701171875,-16.456544876098633,-11.188162803649902,-12.12169075012207,-13.546595573425293,-0.3566698729991913,-3.7567152976989746,-3.030768394470215,148.18634033203125,86.01348114013672,51.818016052246094,57.64303207397461,31.54873275756836,16.804519653320312,14.813486099243164,16.771135330200195,15.85180950164795,15.062275886535645,9.190618515014648,12.860625267028809,8.082048416137695,10.573516845703125,14.137744903564453,0.24688995215311005,0.24713783583061655,2448.6368541184133,1773.024864726794,1517.8810781405332,601.3351300689003,4006.1244019138758,2393.7895731265376,0.982391893863678,1.0312786102294922
-446.9269104003906,65.01041412353516,-4.4318766593933105,35.04265213012695,-11.092117309570312,5.259605884552002,-3.3667221069335938,-3.6669132709503174,-5.75602912902832,-2.4675254821777344,-4.462503433227539,-0.7152276039123535,-0.21904288232326508,162.6682586669922,72.62207794189453,25.93123435974121,32.07681655883789,28.962451934814453,13.956757545471191,16.28725242614746,16.556610107421875,12.488027572631836,16.228025436401367,10.129311561584473,9.536541938781738,9.729466438293457,4.375975608825684,10.203911781311035,0.16508888888888887,0.16020106425256456,2023.7095637308046,1083.5557964050072,1684.875170636902,536.9877616257337,3924.266666666667,1713.8005899818747,0.8740553259849548,1.1506327390670776
-466.06805419921875,70.67362213134766,-5.031655311584473,21.34515953063965,-20.805437088012695,2.858675003051758,-17.394878387451172,-15.464637756347656,-7.603675365447998,-6.874926567077637,-6.870236396789551,-1.6530929803848267,-6.265260219573975,149.2992706298828,78.5350341796875,54.68156814575195,40.38522720336914,37.81501770019531,20.997283935546875,21.761035919189453,20.73161506652832,16.645584106445312,14.283836364746094,12.231056213378906,17.56804084777832,9.922662734985352,8.767539978027344,14.310456275939941,0.22027999999999998,0.2454491222229161,2000.2498729490753,1715.8049572095797,1254.82065631984,651.5080840493815,3125.12,2351.5726196739065,1.0500835180282593,1.3895248174667358
-509.7022705078125,77.70446014404297,13.59290885925293,50.3385009765625,-15.154457092285156,-5.204948902130127,-14.767189979553223,-15.339648246765137,-11.175015449523926,-14.235544204711914,-4.51629638671875,-4.431072235107422,-1.7048249244689941,153.12649536132812,76.74630737304688,50.300228118896484,46.57807922363281,31.971696853637695,14.922072410583496,16.46013069152832,16.585798263549805,13.433051109313965,13.795844078063965,7.913947582244873,11.931970596313477,7.560029029846191,6.437828063964844,8.216503143310547,0.15401948051948053,0.15493420139971195,1895.5004343402168,1485.4183605385067,1433.846218132545,670.2133349789891,3340.051948051948,2428.246119749936,0.9028521776199341,1.068341612815857
-469.6551818847656,56.945438385009766,27.95937728881836,38.12600326538086,4.024715900421143,18.113351821899414,-10.411280632019043,-10.110461235046387,0.622525691986084,5.829235076904297,3.867938995361328,5.9608354568481445,6.140312194824219,149.8462677001953,93.59845733642578,38.594783782958984,33.404945373535156,21.97626304626465,17.450698852539062,20.882587432861328,28.252172470092773,14.069989204406738,13.50001049041748,11.506975173950195,8.90350341796875,10.664145469665527,6.45546293258667,11.242449760437012,0.19878246753246753,0.22957669208731848,2059.3430366105467,1682.6688926397887,1486.8742164797548,515.3438477138063,3365.974025974026,2122.0317755557307,0.9980390667915344,1.2620974779129028
-458.78338623046875,76.5526351928711,-16.148447036743164,9.53528118133545,-30.50006675720215,6.375139236450195,-18.098960876464844,-18.315610885620117,-1.8718701601028442,-11.209725379943848,-7.088567733764648,-5.288415431976318,-5.185143947601318,148.49044799804688,69.33238220214844,60.96738052368164,32.95939254760742,41.5562744140625,20.034852981567383,17.76810073852539,19.20404815673828,14.890485763549805,12.818918228149414,12.628746032714844,13.293633460998535,9.706660270690918,8.650104522705078,13.386817932128906,0.22309090909090906,0.21553620431820922,2226.030417499015,1608.4251259930068,1472.8257481424064,580.3617809156478,3654.4,2361.045512633603,1.1328539848327637,1.4284716844558716
-465.8819580078125,88.65392303466797,3.6426825523376465,43.311546325683594,-10.708820343017578,-2.639068841934204,-12.08853530883789,-22.437332153320312,-5.157686233520508,-7.299489498138428,-0.7125677466392517,2.9389312267303467,-0.883788526058197,129.09071350097656,83.24552917480469,42.248374938964844,51.16060256958008,30.381336212158203,19.961273193359375,20.334129333496094,25.563873291015625,16.555204391479492,16.186851501464844,10.536683082580566,13.432271957397461,9.184369087219238,9.784862518310547,13.97751522064209,0.13416055718475073,0.15525556298318652,1416.8577044971476,1206.1844747260436,1147.2455092151279,543.5937891017952,2448.0938416422287,1850.7844583928054,0.9310590624809265,1.0569193363189697
-463.0753479003906,56.072166442871094,12.139801979064941,61.34090042114258,-23.541208267211914,-10.895486831665039,-13.109814643859863,-22.364154815673828,-17.27509880065918,-15.558035850524902,-0.9112790822982788,-20.365325927734375,-3.009979009628296,152.71734619140625,56.92478942871094,55.67393112182617,56.55859375,42.61481475830078,15.355490684509277,20.83258819580078,20.06637191772461,17.111865997314453,12.37658405303955,11.75549602508545,17.51205062866211,10.186209678649902,13.540403366088867,14.508645057678223,0.1975796178343949,0.22923012600304057,2226.398889111785,1725.45292055158,1532.8635681338537,588.9476598178153,3660.6369426751594,2447.282044068731,0.9569202661514282,1.2363288402557373
-480.81317138671875,51.872501373291016,-14.532205581665039,26.639875411987305,-16.693214416503906,-8.906976699829102,-18.264020919799805,-0.47707343101501465,-4.1908345222473145,-6.831789970397949,-4.299262046813965,4.087016582489014,-6.9866509437561035,166.64862060546875,73.09303283691406,57.119651794433594,42.53400421142578,24.02797508239746,15.041618347167969,16.754018783569336,10.700695037841797,15.956243515014648,14.75175952911377,9.510825157165527,14.951228141784668,9.819966316223145,6.90328311920166,11.919642448425293,0.25917701863354037,0.26377246694182716,2181.820965633649,1808.0482016465921,1264.6023877295522,714.3605063247251,3448.447204968944,2393.919460604021,0.867656946182251,1.268532156944275
-475.5500183105469,69.6026611328125,10.538997650146484,45.9633903503418,-15.135743141174316,-7.88289737701416,-12.938075065612793,-15.855830192565918,-7.803891658782959,-11.451430320739746,2.074943780899048,-4.126405715942383,-0.4827621579170227,156.89532470703125,71.74786376953125,45.25710678100586,53.00490188598633,32.046566009521484,18.250247955322266,18.083131790161133,21.55865478515625,13.941088676452637,13.739458084106445,10.623515129089355,14.343310356140137,7.031875133514404,11.662811279296875,16.33786392211914,0.18717966573816153,0.1988965952529879,2199.456159419115,1647.9626007998568,1528.3283193673462,584.9362890366625,3729.24791086351,2357.5765949244887,0.877121090888977,1.2053430080413818
-469.18646240234375,73.98217010498047,0.40477871894836426,30.46014404296875,-4.833625793457031,-8.206923484802246,-21.007293701171875,-12.573542594909668,-2.099818468093872,-11.887426376342773,-4.575082778930664,-0.7334940433502197,-2.521061897277832,154.35919189453125,76.2094955444336,55.677940368652344,41.11556625366211,31.296018600463867,20.814176559448242,23.67902946472168,19.743452072143555,13.125198364257812,13.986781120300293,10.272289276123047,10.84119987487793,9.706154823303223,8.36804485321045,13.369749069213867,0.20465022935779814,0.2064622714161016,2208.1930088128215,1687.4852834226058,1451.9921640510738,638.9628319290161,3583.9449541284403,2457.081702423181,0.9707052111625671,1.2993139028549194
-455.0270690917969,85.87886047363281,9.736249923706055,40.2103157043457,0.3497920632362366,13.857329368591309,-14.30141830444336,-2.45914363861084,1.1506435871124268,-3.4866831302642822,3.916757106781006,0.35014280676841736,3.6427810192108154,185.87950134277344,80.28348541259766,29.86522674560547,31.498279571533203,21.039283752441406,14.523179054260254,21.701141357421875,18.078140258789062,11.931167602539062,14.75461196899414,11.336441993713379,12.115442276000977,8.719482421875,10.741334915161133,13.93170166015625,0.1252027027027027,0.1520025430734746,1761.2659775378631,1211.551980632877,1597.4996477042948,651.6303046275025,3450.2702702702704,2007.3223882070424,0.7906501293182373,1.0234769582748413
-395.7294616699219,83.63983154296875,-25.072898864746094,37.643768310546875,-7.615746021270752,-1.0121651887893677,-17.990245819091797,-21.66388511657715,-1.0773694515228271,-0.46704232692718506,-9.44668197631836,-9.98953914642334,0.8750395774841309,136.27801513671875,65.69706726074219,42.63322448730469,27.686782836914062,23.83009910583496,16.184223175048828,20.228548049926758,23.322359085083008,15.2554349899292,16.10244369506836,15.113981246948242,16.407562255859375,11.605101585388184,11.759313583374023,17.123645782470703,0.1494187898089172,0.16805865274240647,1652.5561344886767,1145.0016525554881,1339.3071066079517,368.97639029497583,2886.1146496815286,1619.4434247492966,0.8605451583862305,0.8842503428459167
-502.2952880859375,81.87034606933594,-20.103822708129883,24.716333389282227,-11.985006332397461,-0.7325179576873779,-15.609882354736328,-12.563709259033203,-1.7373558282852173,-3.7962474822998047,-6.751697063446045,-4.235470294952393,-3.065049886703491,137.24398803710938,60.95115661621094,53.523475646972656,26.302339553833008,28.80828285217285,16.287988662719727,20.394060134887695,21.276586532592773,14.057223320007324,14.506353378295898,11.845564842224121,13.837766647338867,9.975458145141602,3.0042724609375,6.381209850311279,0.15904999999999997,0.15109689771798757,1844.5589962623953,1086.2409297386812,1506.2667607459762,580.5093403917939,3458.24,1789.7271586473732,0.9920963048934937,1.1629035472869873
-427.9463806152344,111.27779388427734,-5.839267730712891,55.20851516723633,5.784366607666016,-12.248771667480469,-10.728443145751953,-11.779671669006348,-1.2370495796203613,4.293654918670654,-6.571019649505615,8.452427864074707,-6.783803939819336,140.82225036621094,77.75950622558594,39.97420883178711,33.41545867919922,23.960390090942383,29.81018829345703,16.764801025390625,18.757165908813477,12.816017150878906,13.233160018920898,15.39445686340332,10.07453441619873,12.124292373657227,9.336766242980957,15.100811958312988,0.105390625,0.13819513119900198,1282.3096672172496,988.2281516935842,1199.9117060508158,393.3174896858831,2326.25,1538.4064062637458,0.6691417694091797,0.7207463979721069
-454.4404296875,89.42868041992188,-18.214282989501953,49.919403076171875,-17.740232467651367,-5.293856620788574,-18.42161750793457,-18.816448211669922,-6.008237361907959,-10.225682258605957,-1.5598461627960205,-9.012972831726074,-1.5036981105804443,162.30398559570312,59.10648727416992,43.79427719116211,52.64826202392578,25.974727630615234,24.638702392578125,16.32651710510254,22.44548797607422,14.7257719039917,13.301712989807129,12.674785614013672,13.515685081481934,9.39849853515625,12.304360389709473,14.847169876098633,0.10502890173410405,0.10646683533364482,1259.329239827913,923.5843622434413,1119.3575361221726,565.9062639981205,2339.884393063584,1730.705355367419,0.862889289855957,1.2758326530456543
-387.34881591796875,82.3249740600586,2.4830150604248047,35.25068283081055,-2.969512939453125,6.933353424072266,3.0888898372650146,-5.654135704040527,0.7539768815040588,-6.07567834854126,-2.2148053646087646,-0.30956828594207764,-3.958599090576172,151.78086853027344,70.32176208496094,27.573972702026367,30.751157760620117,19.179012298583984,14.147891998291016,16.5102481842041,21.76058006286621,11.172514915466309,16.397289276123047,10.490031242370605,12.016972541809082,14.720807075500488,8.067147254943848,10.431377410888672,0.15796178343949044,0.1585627429251686,1909.0674774013908,1158.2486801464415,1638.7659266587862,422.71747204983785,3602.6751592356686,1812.9464992459536,0.9627096652984619,1.1675816774368286
-482.96875,93.27803802490234,17.825876235961914,18.22647476196289,-14.895820617675781,0.6143009662628174,7.0814433097839355,-6.592918395996094,-0.23797525465488434,-16.461881637573242,3.0184712409973145,-6.714321136474609,-2.015425443649292,157.89584350585938,61.04738998413086,25.553672790527344,30.85696029663086,30.03990936279297,17.18215560913086,11.879693984985352,20.97657585144043,13.928193092346191,19.480911254882812,9.861547470092773,17.25473976135254,11.771547317504883,5.391453742980957,9.278240203857422,0.10963709677419356,0.1218971176022769,1589.155513895055,944.9488408879838,1694.7717438782483,546.7261784433514,3306.451612903226,1924.9346561518364,0.8574888110160828,1.3833770751953125
-437.95220947265625,77.89086151123047,15.239227294921875,48.81550216674805,0.747039258480072,10.25054931640625,-7.175239086151123,-8.19118881225586,0.6163386106491089,-2.6786632537841797,3.6788527965545654,-2.2685258388519287,1.3098945617675781,174.75010681152344,75.63924407958984,36.524227142333984,30.90317726135254,19.647035598754883,14.560818672180176,18.087419509887695,20.307899475097656,13.00895881652832,12.482260704040527,9.804351806640625,13.170196533203125,8.106034278869629,7.706930160522461,10.50595760345459,0.13073333333333334,0.16430329678169373,1747.8021128938242,1242.7094040675547,1584.7494768876597,497.0513457485829,3427.3777777777777,1835.1173778854811,1.0776594877243042,1.4419296979904175
-471.6669006347656,90.82658386230469,6.474546432495117,50.975067138671875,-1.8483494520187378,4.274165630340576,-5.387677192687988,-15.902617454528809,-5.614790439605713,-0.18479233980178833,-3.720184087753296,10.08948802947998,-4.134736061096191,148.37545776367188,95.80052947998047,46.40721130371094,50.45363235473633,29.092077255249023,22.56155776977539,20.731176376342773,24.495424270629883,11.035717010498047,19.105377197265625,11.500083923339844,10.826717376708984,10.452516555786133,8.534212112426758,11.832297325134277,0.1334288990825688,0.15917972644665532,1442.5481620226606,1306.057974361383,1167.5084605992943,665.5850953172063,2572.6605504587155,2100.1444433512534,0.8344559073448181,0.9328138828277588
-449.8143615722656,85.92963409423828,10.562968254089355,64.01555633544922,9.498588562011719,4.079133033752441,-11.778539657592773,-14.910945892333984,-4.9641218185424805,-3.043036460876465,-7.937870502471924,9.449362754821777,-2.3802316188812256,135.17652893066406,91.89335632324219,42.543331146240234,44.002506256103516,26.863832473754883,18.261245727539062,25.082826614379883,28.375259399414062,13.252578735351562,16.785076141357422,13.92014217376709,9.717774391174316,10.474488258361816,10.646843910217285,14.194443702697754,0.15051605504587157,0.19447631036374127,1537.6297152245668,1473.5232486306718,1209.9131733925833,491.84353745580944,2516.880733944954,2057.7634145302704,0.926223635673523,1.1466786861419678
-397.4284362792969,95.29651641845703,22.340057373046875,47.482120513916016,19.2105712890625,12.337519645690918,3.8597934246063232,-7.561899185180664,-8.092423439025879,-2.8306736946105957,-6.743775844573975,8.791388511657715,-11.892071723937988,138.39625549316406,87.68328094482422,31.323375701904297,33.430545806884766,18.220983505249023,19.50043296813965,18.84526824951172,21.139970779418945,18.216575622558594,14.234879493713379,15.930280685424805,15.527606010437012,16.368942260742188,12.073471069335938,14.248188972473145,0.13034220532319393,0.1776350415615506,1652.578070008266,1385.0607653184024,1473.3788871623867,518.1092395921678,3049.885931558935,2039.6599065817093,0.7913445234298706,0.6603323817253113
-432.460693359375,103.2423095703125,-0.7275353074073792,38.52445602416992,-8.644002914428711,7.3761982917785645,11.96969985961914,-12.661592483520508,5.847483158111572,-10.17082691192627,2.8853518962860107,-1.3387529850006104,-5.385286808013916,213.8207244873047,64.4543228149414,31.678295135498047,29.48472023010254,26.60692596435547,13.809211730957031,12.724184036254883,22.350391387939453,12.759061813354492,17.608430862426758,7.4944562911987305,8.941898345947266,11.221512794494629,7.811152458190918,8.3836030960083,0.07791411042944786,0.07150188969771103,1435.2211770698357,696.9748160152432,1562.3845578935359,516.0349163830506,3102.0858895705524,1536.680532871958,0.8285953998565674,1.0974537134170532
-400.7512512207031,102.3038330078125,18.14327049255371,47.38767623901367,12.49885082244873,7.66939640045166,-10.007255554199219,-6.150754451751709,7.820925712585449,3.4716620445251465,-0.8184769749641418,-7.431685924530029,2.3540122509002686,143.87164306640625,50.242820739746094,26.96259117126465,35.63408660888672,16.786231994628906,16.684593200683594,17.128183364868164,18.34894371032715,17.45854377746582,14.724023818969727,11.609371185302734,11.134941101074219,11.143848419189453,11.834413528442383,16.749692916870117,0.08989819004524886,0.11959687111473472,1377.7176640107898,885.8016475336142,1553.647504346484,425.33110856952015,2872.579185520362,1535.2353716758175,0.8273484110832214,1.0033369064331055
-463.1352844238281,99.99465942382812,17.499832153320312,66.81111907958984,4.492961883544922,9.585941314697266,-2.55777907371521,-14.490233421325684,-4.406917095184326,-2.003356695175171,-1.2146365642547607,8.22895622253418,-2.459371328353882,145.73451232910156,85.8172607421875,40.46943283081055,51.573463439941406,37.7894172668457,20.087730407714844,22.396352767944336,26.037473678588867,14.09176254272461,19.422834396362305,12.181622505187988,10.841979026794434,11.23476505279541,8.998220443725586,11.761960983276367,0.11980923694779118,0.15444790505709743,1324.6046013580803,1232.1651577341402,1214.175309639111,507.2270326136123,2280.4819277108436,1874.7666437583357,1.0870442390441895,1.2146315574645996
-453.76092529296875,89.77279663085938,5.689244270324707,71.50910949707031,12.124072074890137,-4.962785720825195,-10.191629409790039,-18.56928253173828,-4.303611755371094,-6.600383281707764,-5.249166011810303,4.099734783172607,-2.9909675121307373,132.37339782714844,87.72379302978516,40.36440658569336,50.035430908203125,21.304550170898438,22.167627334594727,18.716083526611328,23.17105484008789,11.5639009475708,14.836181640625,11.2069730758667,12.093591690063477,8.966937065124512,6.81354284286499,9.45250415802002,0.13557365439093486,0.14411130008778297,1559.6772710003484,1193.7354122314173,1307.4195588612283,538.8122592549244,2812.4645892351273,1855.7787823371368,1.0357052087783813,1.1289482116699219
-435.19525146484375,84.48666381835938,-5.310510635375977,50.03816604614258,11.03521728515625,-8.98144817352295,-4.226655006408691,-19.16977310180664,-7.959391117095947,-1.9850867986679077,7.018888473510742,3.72202730178833,-10.285791397094727,140.52716064453125,88.33045196533203,40.793373107910156,61.44002914428711,37.213111877441406,24.423343658447266,29.210905075073242,28.75290870666504,15.919881820678711,18.741052627563477,21.38555145263672,12.509264945983887,16.077722549438477,15.977627754211426,19.369770050048828,0.13492592592592595,0.13130292257217474,1562.4221463991437,1089.6951917670783,1319.3322939987747,552.4215387208582,2769.4814814814813,1920.569097185642,0.9342135190963745,0.9005078077316284
-485.0318603515625,76.62665557861328,5.184056758880615,27.99822235107422,10.094073295593262,-0.2458580732345581,1.1206820011138916,-5.7167067527771,-6.645182132720947,5.711009979248047,-0.5165060758590698,7.843428611755371,1.1652342081069946,170.02293395996094,77.13945770263672,35.44926452636719,28.858427047729492,19.16377067565918,25.507478713989258,14.918891906738281,18.416982650756836,20.161760330200195,13.345325469970703,15.624299049377441,9.341875076293945,11.054378509521484,5.563606262207031,10.702815055847168,0.13284697508896798,0.17443028688262,1781.0548755906773,1185.3389878561793,1653.3788502215352,525.6118952070121,3535.373665480427,1684.935118939608,0.9124557375907898,1.2706387042999268
-377.45294189453125,113.53807830810547,14.040901184082031,38.09610366821289,3.069308042526245,-0.29799461364746094,-5.87809944152832,-0.6621809005737305,-8.092790603637695,-5.787082672119141,-9.07698917388916,3.4251418113708496,-2.8267221450805664,122.57715606689453,83.60245513916016,34.35531234741211,34.74449157714844,24.920289993286133,17.135421752929688,17.35826301574707,17.62534523010254,14.873927116394043,18.378013610839844,13.842145919799805,9.438009262084961,14.019392013549805,12.441086769104004,15.876819610595703,0.14442095588235293,0.18049146601293387,1587.3859529903855,1361.220316611819,1381.4769072210663,592.6689126618685,2889.264705882353,2122.576691731947,0.8484938144683838,0.7464624047279358
-448.6813049316406,73.21842193603516,8.438212394714355,44.61357116699219,-19.83753204345703,-4.418216228485107,-21.46800994873047,-12.595677375793457,-11.005416870117188,-7.252838611602783,-7.618930339813232,-1.8880267143249512,-5.684226989746094,141.74623107910156,66.84207153320312,50.54753494262695,46.498966217041016,32.695926666259766,18.815698623657227,19.237728118896484,20.3360652923584,16.55465316772461,12.385037422180176,12.545714378356934,15.303495407104492,9.532109260559082,10.150418281555176,14.299264907836914,0.19776462395543176,0.22610992015140624,1825.4189210617947,1582.230055210271,1315.7597871019577,595.9018753639577,3064.8467966573817,2169.5738298729734,1.0266987085342407,1.2612078189849854
-466.4062194824219,75.19609832763672,33.64493179321289,35.224552154541016,13.524703979492188,-1.2101233005523682,-8.712689399719238,-22.392465591430664,-9.813091278076172,-9.856693267822266,-6.623748302459717,-4.376913547515869,-2.337747097015381,124.61739349365234,88.67894744873047,42.48786544799805,50.50556945800781,31.71116828918457,22.635709762573242,22.954797744750977,29.58959197998047,19.280967712402344,19.03629493713379,14.828254699707031,12.071599006652832,12.5603666305542,16.710506439208984,25.48983383178711,0.15021788990825685,0.20291350803771385,1601.7224306479513,1696.9099327640365,1321.2201556769699,603.0520708006998,2560.9174311926604,2569.1163444553326,1.043582558631897,1.188187599182129
-467.26959228515625,80.36466979980469,-10.989448547363281,34.869422912597656,-22.421743392944336,-2.3345441818237305,-5.807765483856201,-3.890756845474243,-9.604388236999512,-14.793780326843262,-8.358590126037598,-2.373796224594116,-1.7190046310424805,162.12783813476562,54.361228942871094,40.42879104614258,32.392276763916016,27.7426700592041,19.116085052490234,19.028980255126953,16.184391021728516,20.692874908447266,15.17314624786377,10.821319580078125,14.566372871398926,10.60762882232666,7.446457862854004,10.129146575927734,0.14360497237569061,0.11312588952734397,1816.8860322821993,852.8211790856961,1599.9053910315533,532.7262208133142,3613.7016574585637,1601.730452160559,0.8954873085021973,1.232959270477295
-468.26312255859375,70.53638458251953,15.122450828552246,34.13174057006836,1.6686509847640991,-7.660679340362549,2.6956300735473633,-11.32741641998291,-5.95303201675415,-17.46125030517578,-0.444569855928421,-8.97156047821045,-0.208920419216156,155.52200317382812,48.490257263183594,20.51504135131836,25.885400772094727,26.599834442138672,20.926607131958008,13.906919479370117,23.998231887817383,15.450483322143555,22.631982803344727,10.67566967010498,14.731206893920898,10.07579231262207,10.76875114440918,16.08574867248535,0.08946808510638296,0.1386471516814638,1480.9020095988085,981.3824685008044,1697.1583837244523,494.0399493439716,3194.326241134752,1715.124751976753,0.6829389929771423,0.8270913362503052
-460.3811950683594,86.091552734375,4.452188491821289,34.13637161254883,1.8878003358840942,10.349626541137695,0.3039477467536926,-6.338870048522949,0.5385377407073975,1.7113476991653442,1.4090534448623657,1.3206809759140015,-1.050523042678833,156.84426879882812,70.18145751953125,32.26821517944336,25.968610763549805,23.99292755126953,15.812131881713867,15.788243293762207,21.244688034057617,14.02083969116211,12.43368911743164,11.503608703613281,12.082830429077148,9.456334114074707,4.75762414932251,8.871316909790039,0.13097597597597596,0.1460260148755826,1756.302919709752,1077.5979007300805,1678.4558245773023,493.8244916301195,3581.981981981982,1716.1622558966387,0.9052475690841675,1.2969753742218018
-452.4828186035156,85.28691101074219,-10.065875053405762,11.340452194213867,-17.97990608215332,4.451833724975586,-7.373149394989014,-17.063865661621094,-3.510059118270874,-9.168220520019531,-6.947176933288574,-8.197029113769531,-5.5281476974487305,151.1824951171875,76.01631164550781,53.733699798583984,35.450809478759766,37.256591796875,21.583200454711914,14.011078834533691,19.300424575805664,13.49810791015625,11.175524711608887,10.356430053710938,13.730790138244629,7.950650691986084,8.05915355682373,14.671588897705078,0.1688375796178344,0.20964550164139692,1925.0286599777037,1620.789766532371,1391.7331140942617,712.8947251854545,3245.605095541401,2483.151720748108,0.8857836127281189,1.2453303337097168
-416.9375915527344,58.33531951904297,-1.9231200218200684,31.14644432067871,-14.299362182617188,-1.0791805982589722,-13.082012176513672,-0.6796695590019226,-8.527544021606445,-6.358911514282227,-8.887145042419434,4.823709487915039,-8.166293144226074,154.91098022460938,71.36433410644531,29.54058074951172,33.12109375,25.901592254638672,19.531030654907227,20.475549697875977,13.691628456115723,14.44633960723877,16.91005516052246,11.888062477111816,12.802835464477539,13.591156005859375,7.862572193145752,11.918808937072754,0.1863341968911917,0.20167835540242418,2016.8037247485638,1389.4436582144117,1500.957240483669,418.3732691627264,3564.559585492228,1853.2648513215454,0.9864930510520935,1.1695531606674194
-473.13836669921875,102.53961944580078,-5.264704704284668,36.78090286254883,10.610199928283691,5.848198890686035,-8.843268394470215,5.488498210906982,-5.492030143737793,-0.18788181245326996,-3.503737688064575,6.864432334899902,-4.515653610229492,174.56546020507812,81.77091979980469,27.0601863861084,29.799131393432617,27.545711517333984,11.714311599731445,15.575387954711914,14.258994102478027,13.459071159362793,13.249056816101074,12.446945190429688,10.863456726074219,12.380873680114746,4.018693447113037,7.684103012084961,0.10061111111111111,0.1299886806562996,1412.6312438750563,1101.78716588023,1316.0091688705688,633.9405441595871,2712.8888888888887,1897.5031807582443,0.7723838090896606,0.9558426737785339
-439.12506103515625,88.92669677734375,3.3850021362304688,66.02125549316406,-1.1942524909973145,-1.7060526609420776,-12.021859169006348,-21.737533569335938,-1.1866456270217896,-8.123589515686035,-1.7225414514541626,3.4273808002471924,-2.3894705772399902,155.5031280517578,84.1825180053711,44.9466552734375,58.533775329589844,27.129390716552734,20.493982315063477,19.199363708496094,24.835844039916992,12.098093032836914,19.527225494384766,11.142189979553223,8.600536346435547,11.131097793579102,10.28689956665039,12.51505184173584,0.1474170616113744,0.16571498541582133,1749.703987965319,1326.26694547725,1433.8742298208567,589.7491186831943,3224.644549763033,2044.3535094888541,0.9692320823669434,1.129059076309204
-526.3626708984375,83.65419006347656,-10.5695219039917,23.4107608795166,-13.061116218566895,10.870516777038574,-3.5011439323425293,-14.38301944732666,4.3740458488464355,-0.09988737851381302,-4.488848686218262,-7.0141706466674805,2.3515732288360596,153.013916015625,53.60240173339844,51.400238037109375,25.45778465270996,33.10678482055664,16.020427703857422,16.7383975982666,22.98596954345703,16.806310653686523,12.876327514648438,13.665817260742188,14.57761287689209,9.881422996520996,2.053057909011841,5.703747272491455,0.10269434628975264,0.09733782945104388,1474.8294451081083,676.2759627653493,1515.8231567638366,503.47162818853633,3026.2897526501765,1360.3278603979447,0.9020232558250427,1.253970980644226
-458.3240661621094,104.40961456298828,21.695234298706055,23.570518493652344,-2.430428981781006,9.35411262512207,5.813404083251953,-10.779690742492676,-2.90423321723938,-2.3454062938690186,-6.899800777435303,11.248409271240234,-2.7915096282958984,143.89768981933594,82.23627471923828,34.36294174194336,26.685935974121094,29.145540237426758,23.68166732788086,19.50331687927246,21.12950897216797,14.180032730102539,16.92098617553711,15.796724319458008,11.951058387756348,14.048755645751953,5.173457622528076,9.93071174621582,0.11903361344537815,0.1505429980048476,1594.9248481245315,1316.2287067117368,1439.8642956447911,536.3525435903279,2864.705882352941,2093.2419564600564,0.8687134981155396,0.9463220834732056
-458.04461669921875,90.25177764892578,20.381595611572266,55.4132194519043,-2.2815380096435547,0.6668432354927063,3.8448660373687744,-17.263465881347656,-6.333581447601318,-7.677444934844971,-1.227165699005127,7.8672261238098145,-3.8289968967437744,138.9641876220703,96.28473663330078,43.82817840576172,54.65880584716797,37.234554290771484,20.133197784423828,22.58098030090332,24.413246154785156,16.530601501464844,18.004066467285156,13.84715747833252,10.70883560180664,12.381817817687988,9.881402015686035,14.040797233581543,0.1517192429022082,0.1804143322191706,1668.5512131469798,1432.587372855827,1328.7384494725568,611.7120971466264,2931.98738170347,2181.3994639432462,1.0277296304702759,1.1022788286209106
-433.6275329589844,98.40275573730469,-7.223215103149414,36.768959045410156,2.1553001403808594,0.04313381761312485,-16.606382369995117,-16.34398078918457,-6.437568187713623,-5.274774551391602,-11.532402038574219,-2.3764212131500244,-2.2488489151000977,142.65115356445312,60.45730972290039,35.253177642822266,29.52359390258789,19.900310516357422,16.529863357543945,20.120485305786133,19.601171493530273,16.791683197021484,14.02038860321045,10.916359901428223,12.2962064743042,11.425786972045898,7.350344181060791,10.915084838867188,0.13902834008097165,0.1432772050831358,1595.259385211659,1055.247343956962,1425.9178535705184,494.18123684829226,3020.728744939271,1796.0382276234154,0.8081172704696655,0.8590608239173889
-429.95440673828125,103.53546142578125,-4.4538421630859375,30.674592971801758,-9.743837356567383,2.7059874534606934,-4.832082748413086,-8.282027244567871,-3.386962652206421,-7.187463283538818,2.19974946975708,-6.3243207931518555,-4.989497661590576,171.8817901611328,75.03250885009766,37.595890045166016,28.61547088623047,30.4750919342041,17.188982009887695,19.285320281982422,19.182273864746094,15.419074058532715,15.487874031066895,11.940954208374023,14.295040130615234,10.706762313842773,10.18121337890625,11.42306137084961,0.0897167487684729,0.11127540863447499,1296.5607348438618,922.8347055211591,1409.271884596754,568.6129921277955,2527.2906403940888,1792.807207705577,1.027138352394104,1.284938931465149
-453.87261962890625,68.60395812988281,-20.434974670410156,29.354488372802734,-29.11858367919922,-4.293884754180908,-12.772700309753418,-16.09637451171875,-6.155121326446533,-7.160526275634766,-4.560727596282959,-10.151043891906738,-3.98721981048584,161.43675231933594,55.54668426513672,47.38420867919922,40.03456115722656,33.3470458984375,25.788005828857422,16.02311897277832,15.896509170532227,15.71898078918457,9.990873336791992,10.693717002868652,12.79438304901123,8.791632652282715,8.548762321472168,13.61729907989502,0.14457805907172996,0.13896137954060375,1850.5981249724807,1089.7610905368115,1560.9721453244954,576.3743311648618,3525.4008438818564,1813.4344957973562,1.0889357328414917,1.7703112363815308
-448.5416259765625,107.76256561279297,20.11556625366211,49.52429962158203,-11.179250717163086,-1.2567100524902344,3.5340054035186768,-21.541528701782227,-8.458038330078125,-12.60100269317627,-2.0338025093078613,7.062877655029297,-2.6996819972991943,139.96742248535156,98.84864807128906,35.53837966918945,50.81357955932617,33.76860809326172,18.475116729736328,23.321666717529297,27.058042526245117,15.221367835998535,18.853900909423828,11.33614444732666,9.296546936035156,14.015742301940918,16.02810287475586,17.55800437927246,0.13908291457286434,0.16981017900590595,1577.6481731396443,1409.0363147318571,1327.308821416018,714.12024845361,2858.894472361809,2382.4645792279844,0.89544278383255,0.9712777733802795
-415.9804382324219,73.03980255126953,3.3506293296813965,26.680707931518555,7.764858245849609,-5.717827796936035,-19.247777938842773,-20.714065551757812,-4.380078315734863,-8.397850036621094,-6.972046852111816,0.9190166592597961,0.3239888548851013,148.99917602539062,69.6966781616211,33.252498626708984,33.746002197265625,15.996176719665527,20.9364070892334,20.361400604248047,23.508935928344727,13.384835243225098,16.190181732177734,11.572458267211914,11.789844512939453,12.797574043273926,9.440585136413574,12.48193645477295,0.19480544747081713,0.20675981641118593,2112.016837395357,1448.9284888101108,1633.9608174822918,529.1189644670778,3826.770428015564,2106.0341503020168,0.8148479461669922,0.8094852566719055
-467.25732421875,72.74348449707031,10.95256519317627,41.72664260864258,1.7504448890686035,1.6425637006759644,-9.657703399658203,-0.9981396794319153,-5.574535369873047,5.90011739730835,-8.169510841369629,5.892026424407959,-1.8220230340957642,146.97740173339844,61.35237503051758,27.269071578979492,30.046058654785156,20.62372398376465,13.492267608642578,16.470876693725586,14.65821361541748,16.428356170654297,14.867683410644531,13.108626365661621,13.597539901733398,10.60001277923584,5.779104709625244,9.674156188964844,0.17267341040462428,0.2160756771423637,1867.2285085542862,1452.6550355847476,1492.436774810051,453.2428763829502,3254.7976878612717,1980.8150916422992,0.8086602687835693,0.9017773270606995
-509.76593017578125,83.06156158447266,10.193294525146484,39.959564208984375,0.20869161188602448,-3.2690370082855225,1.18538236618042,-3.4794445037841797,-3.455702781677246,6.522915840148926,-2.1737189292907715,8.7604341506958,-1.776536226272583,181.1332550048828,79.6634521484375,34.74106216430664,30.21888542175293,29.255460739135742,25.45383071899414,16.740253448486328,17.541927337646484,15.801472663879395,8.709896087646484,13.517416000366211,11.113065719604492,9.5448579788208,4.764898777008057,9.163154602050781,0.11650735294117646,0.13071738784549644,1696.294462857122,966.7121195277942,1686.952828795789,601.9164944954415,3544.901960784314,1829.1666082083368,0.8730424046516418,1.4004817008972168
-465.774169921875,88.62893676757812,3.4988980293273926,39.570003509521484,-8.711280822753906,8.732975959777832,-3.2307448387145996,-13.262350082397461,-0.39637935161590576,9.904010772705078,1.9821635484695435,9.703386306762695,-3.727198362350464,169.75392150878906,91.14798736572266,36.82157516479492,32.932456970214844,33.02473449707031,19.137868881225586,23.082714080810547,26.9527645111084,17.42416763305664,11.875361442565918,11.103601455688477,8.494471549987793,10.394831657409668,9.731229782104492,14.745729446411133,0.12930232558139534,0.1683676695958411,1425.540027361424,1286.4007172674071,1252.912920343378,520.2840490890546,2397.829457364341,1885.8941749558123,0.9938262104988098,1.4175465106964111
-463.4952087402344,102.5228271484375,5.469784259796143,57.63717269897461,20.76321029663086,3.215975046157837,-0.2957315742969513,-11.697168350219727,8.855865478515625,-1.0317176580429077,-1.3278543949127197,9.414056777954102,1.7934867143630981,166.21075439453125,75.18619537353516,41.024574279785156,44.817352294921875,29.009103775024414,20.050764083862305,19.4506778717041,25.321392059326172,14.23132610321045,18.736093521118164,13.581989288330078,8.276676177978516,12.833934783935547,10.72425651550293,15.203664779663086,0.08422,0.09748662267203638,1148.368944740899,898.0014575278952,1297.3788350424068,506.56252830726726,2108.96,1711.2034707772189,1.0139015913009644,1.3133578300476074
-482.5188903808594,101.36534881591797,23.14976692199707,80.37664794921875,10.698078155517578,-5.05167818069458,3.5996627807617188,-11.971381187438965,-3.886807918548584,-11.82321548461914,-3.176751136779785,7.987891674041748,-3.9205129146575928,142.168701171875,82.06776428222656,42.097652435302734,63.662532806396484,37.3501091003418,24.880767822265625,18.68902587890625,23.33898162841797,13.497125625610352,23.192895889282227,12.096508979797363,9.45921802520752,14.11109733581543,10.44980525970459,12.701398849487305,0.08179640718562875,0.11047491594457065,1072.81626962089,965.1580662483063,1231.412234281258,546.5046502170363,1958.3233532934132,1740.6302295552177,0.8500623106956482,1.221032977104187
-446.3112487792969,92.40045928955078,20.84461212158203,28.90755844116211,6.717404842376709,7.4595818519592285,-0.6711235046386719,-11.930397033691406,-0.20633043348789215,1.6429812908172607,-10.238601684570312,9.034342765808105,-0.22955982387065887,138.6091766357422,80.38182067871094,40.38088607788086,37.53767776489258,20.41583824157715,18.851131439208984,18.8652286529541,20.784317016601562,14.439902305603027,12.288461685180664,12.820287704467773,12.16437816619873,11.984682083129883,4.884719371795654,12.110800743103027,0.142145390070922,0.17635684266261364,1804.4890256671397,1411.5747009349461,1514.0770973883605,623.4933698171038,3297.7304964539007,2165.1600988400314,0.8779609799385071,1.0505166053771973
-482.3427429199219,62.60334777832031,4.692162990570068,32.4624137878418,3.402677297592163,12.860074996948242,-6.735652923583984,-1.3493729829788208,-7.825617790222168,7.197784900665283,-5.904705047607422,9.152678489685059,-1.8691580295562744,153.57972717285156,67.78563690185547,31.748397827148438,27.798786163330078,18.52362060546875,16.63922882080078,17.804550170898438,19.41659927368164,15.401662826538086,10.978002548217773,12.331789016723633,11.450767517089844,10.799676895141602,5.882538795471191,12.071732521057129,0.1998706896551724,0.21299557953047843,2048.9224346413353,1360.2004733700023,1559.9715140162634,417.2657927379209,3648.6206896551726,1688.3602004514587,0.9007435441017151,1.2655785083770752
-460.4993896484375,98.63994598388672,16.22848892211914,57.287391662597656,8.036303520202637,4.142364501953125,-1.4639935493469238,-17.00290298461914,-2.9047749042510986,-4.656385898590088,-0.634308934211731,6.157909870147705,-2.647141218185425,148.30311584472656,90.2616195678711,43.555885314941406,43.81475067138672,32.17655944824219,21.510128021240234,24.03041648864746,25.6035099029541,13.170598030090332,17.759334564208984,13.434895515441895,11.087336540222168,13.974827766418457,9.132119178771973,10.78697681427002,0.12200389105058368,0.15939016803364495,1453.3801051368196,1322.2556988967083,1308.6209254219364,667.7341765137398,2667.5486381322958,2166.942434887651,0.9555976390838623,1.2092875242233276
-461.6184997558594,101.15926361083984,21.591999053955078,69.04369354248047,6.183569431304932,10.53946590423584,-11.952681541442871,-13.683420181274414,-2.992940664291382,-1.3305290937423706,-1.4995943307876587,9.95175552368164,-0.7044146656990051,150.8396759033203,88.89891815185547,49.76898956298828,56.53977584838867,28.463090896606445,23.428192138671875,26.113725662231445,27.396974563598633,14.601523399353027,21.441335678100586,13.309588432312012,12.57175350189209,10.570184707641602,7.501441478729248,8.415400505065918,0.13913366336633662,0.18980120385706106,1456.5721797636415,1440.1695024164305,1212.8369608811684,525.8728229917779,2498.8118811881186,1934.7542055512997,1.0800197124481201,1.248113989830017
-424.9352722167969,83.29589080810547,3.555055618286133,34.15218734741211,0.5631794333457947,2.482205867767334,-25.001813888549805,-11.905035972595215,0.156070739030838,-2.17120099067688,-6.81117582321167,6.08435583114624,-5.476921081542969,141.38223266601562,70.5628662109375,28.32036590576172,29.507673263549805,19.131641387939453,14.743332862854004,21.811702728271484,18.91895294189453,12.132935523986816,14.811593055725098,12.008721351623535,14.007777214050293,11.16635799407959,9.076850891113281,12.3104248046875,0.15136117136659435,0.20468834897473567,1646.5375442209163,1400.9802726729722,1425.2631810611308,587.7282319090615,2978.394793926247,2182.133333044365,0.8216310739517212,1.0082743167877197
-463.63232421875,96.43206787109375,24.268787384033203,65.03794860839844,9.095312118530273,7.201793670654297,-8.410562515258789,-16.497787475585938,0.5796173810958862,-3.971752405166626,1.2622292041778564,6.650852203369141,2.2793288230895996,154.5182342529297,92.24686431884766,50.3337516784668,58.2744255065918,26.961612701416016,21.986591339111328,23.138805389404297,26.388755798339844,13.988489151000977,20.491636276245117,12.278282165527344,11.352517127990723,11.675841331481934,7.453670024871826,8.45632553100586,0.13629268292682925,0.18859228108023351,1492.0117642085418,1470.4915323447399,1272.8994064181434,558.4154320984355,2578.3414634146343,2027.023091903507,1.0855038166046143,1.2584302425384521
-448.3356018066406,100.30338287353516,11.426581382751465,48.429443359375,10.777588844299316,9.185382843017578,2.1621477603912354,-18.32407569885254,-3.2200236320495605,-0.8731732964515686,2.79000186920166,7.64465856552124,-3.6508100032806396,152.75347900390625,94.90049743652344,42.50043487548828,39.35882568359375,26.454490661621094,19.11236572265625,16.187362670898438,28.446571350097656,14.991881370544434,17.609697341918945,12.977676391601562,8.622562408447266,13.080495834350586,12.10887336730957,16.06386947631836,0.11573611111111112,0.16190075346880084,1306.8400187587604,1318.6580225249534,1184.9534633779065,530.9282005887671,2135.5555555555557,2043.871658892674,1.0011234283447266,1.245392084121704
-461.82373046875,87.67736053466797,23.3099308013916,31.55370330810547,8.924105644226074,12.713568687438965,-9.408597946166992,-4.6752610206604,0.32664012908935547,3.7256011962890625,-3.265209436416626,6.034367561340332,2.763727903366089,154.64468383789062,78.58979797363281,29.88742446899414,27.59592056274414,27.35392189025879,17.13031768798828,18.134092330932617,14.56250286102295,13.163352012634277,12.211145401000977,12.093378067016602,9.906654357910156,9.975279808044434,7.86991024017334,13.841268539428711,0.1185427135678392,0.14140718473311067,1616.8783756934938,1121.1695013061853,1553.2587461404305,621.7318482869532,3121.407035175879,2028.6565176202623,0.8870389461517334,1.1298754215240479
-431.62701416015625,87.78023529052734,7.757256031036377,44.11528396606445,2.645125150680542,-9.820916175842285,-1.858221173286438,-4.807817459106445,-7.246337890625,8.298975944519043,-5.501904010772705,7.493988513946533,-4.8467183113098145,145.04454040527344,89.9769287109375,36.32712173461914,32.16630935668945,30.09844398498535,29.211973190307617,19.93321990966797,20.925554275512695,18.26898193359375,14.353540420532227,16.060932159423828,10.648022651672363,12.044418334960938,6.637457847595215,10.54662036895752,0.15653526970954354,0.17668843983873167,1835.5397437060478,1260.5953030786438,1567.8920941315987,573.0286430241761,3539.0871369294605,1928.470465629561,0.9626270532608032,1.073580265045166
-442.05267333984375,92.48421478271484,13.764361381530762,13.64763355255127,-8.165027618408203,-4.475269794464111,4.7311577796936035,-13.843256950378418,-3.356823205947876,-19.00374412536621,-0.23652856051921844,-4.6842851638793945,-3.5754587650299072,144.51702880859375,74.75579071044922,23.098127365112305,23.599933624267578,25.102869033813477,19.940229415893555,17.10606575012207,21.08439064025879,12.819992065429688,18.32179832458496,9.953062057495117,13.63081169128418,10.888392448425293,5.961747646331787,8.524420738220215,0.12018518518518519,0.18981280486740712,1608.6202302842469,1324.9619304221967,1584.1627263674886,552.5383270707431,3057.962962962963,2136.278244838204,0.7880043983459473,0.8728620409965515
-481.4585876464844,48.324344635009766,-10.025662422180176,22.14681625366211,-13.37860107421875,-10.687156677246094,-16.826732635498047,-3.60479736328125,-1.0082218647003174,-10.165249824523926,-1.046532392501831,0.9778333306312561,-2.519178628921509,167.6108856201172,77.54167938232422,60.94970703125,45.4808464050293,26.83774757385254,15.275819778442383,17.2424373626709,9.82665729522705,13.394034385681152,12.484786033630371,8.782235145568848,12.34485912322998,8.565930366516113,6.853484630584717,11.586385726928711,0.293312101910828,0.25826485204647637,2833.0703177909836,1811.0517899096571,1632.05894124559,617.8772835292367,4551.08280254777,2356.3184010562913,0.9320070147514343,1.3017785549163818
-442.14483642578125,85.06580352783203,37.92851257324219,47.58464050292969,8.252213478088379,16.989343643188477,-10.489250183105469,-13.445083618164062,-2.9431731700897217,0.28769806027412415,3.192354917526245,6.318953037261963,3.692355155944824,132.4803466796875,89.18245697021484,48.458187103271484,41.092647552490234,33.855751037597656,19.127792358398438,21.931947708129883,25.117801666259766,12.602806091308594,12.818063735961914,10.5286865234375,12.006250381469727,10.308030128479004,9.537790298461914,13.561118125915527,0.15806324110671935,0.18435525925020596,1734.486468330079,1489.9262663988952,1440.3061736095035,631.5399087617652,2985.7707509881425,2329.0894374248364,0.9897153973579407,1.0162367820739746
-434.34326171875,96.95381164550781,-21.86443519592285,20.994083404541016,-16.843358993530273,0.46452367305755615,-16.61463165283203,-6.354519844055176,-13.114226341247559,-11.349700927734375,1.157549262046814,-6.988948822021484,-4.927014350891113,144.84500122070312,51.19038009643555,49.91834259033203,26.348560333251953,31.567461013793945,14.6132230758667,20.819368362426758,13.293710708618164,16.83619499206543,13.325735092163086,11.336674690246582,10.756260871887207,11.841620445251465,7.94510555267334,11.904824256896973,0.109931640625,0.12303105638337156,1469.6739610672703,911.4678234234115,1359.2029547301072,539.3624378591966,2764.21875,1668.2853329537,1.005429983139038,1.2195647954940796
-474.0755920410156,65.92565155029297,2.7510104179382324,22.21837615966797,-9.87085247039795,4.410196781158447,-9.423249244689941,5.519965171813965,-7.52290678024292,0.036607444286346436,-6.085265636444092,5.622635841369629,-7.638891220092773,180.50082397460938,64.76438903808594,38.4203987121582,26.836374282836914,22.831663131713867,13.13697624206543,21.947174072265625,10.982772827148438,17.601917266845703,14.418537139892578,14.128527641296387,12.865145683288574,11.67238712310791,6.024234771728516,10.304205894470215,0.17240683229813664,0.21884984645855843,1877.9985792179493,1363.3971044367167,1601.1641193030869,529.5655056507012,3353.7888198757764,2094.0450747963214,0.8954179883003235,1.4479025602340698
-431.9367980957031,90.42752838134766,-11.350302696228027,26.928667068481445,-4.404063701629639,6.901309967041016,-0.3043716847896576,-5.655263900756836,0.9455772638320923,3.6937592029571533,-1.03849196434021,4.08957052230835,-0.24078786373138428,151.27774047851562,74.8650894165039,32.720340728759766,29.98040008544922,23.133512496948242,12.997332572937012,14.847010612487793,19.012056350708008,11.733840942382812,10.649205207824707,10.849684715270996,8.618144989013672,9.824044227600098,7.062951564788818,13.862619400024414,0.17220149253731346,0.14184234801114448,1909.037373038738,1018.1070991396731,1674.1609324098324,571.2094567375942,3752.8358208955224,1862.4961632496986,0.6184964776039124,0.7924914360046387
-401.9760437011719,79.05442810058594,-18.994277954101562,32.008182525634766,-2.7911765575408936,-6.380432605743408,-14.105042457580566,-25.07402229309082,2.135040760040283,-3.3596913814544678,-5.7917304039001465,-13.529778480529785,4.7678985595703125,140.1072998046875,68.97050476074219,42.89950942993164,28.823026657104492,23.87794303894043,17.271806716918945,20.06928253173828,24.754776000976562,15.049318313598633,14.178725242614746,13.804320335388184,16.827953338623047,10.933513641357422,11.11064338684082,16.21571159362793,0.15044585987261147,0.17442409861348535,1782.052216911974,1206.9632250723334,1462.7908122428878,460.30137246247654,3250.3184713375795,1713.892437439129,0.9003826379776001,0.9140707850456238
-469.297607421875,82.21617889404297,-6.524900913238525,18.253795623779297,-1.8574130535125732,-6.396092891693115,-5.669760704040527,-5.2622857093811035,-7.847148895263672,-10.157665252685547,-2.9526000022888184,-1.9779177904129028,-1.9665650129318237,150.2589111328125,74.28433990478516,46.42940139770508,27.027812957763672,28.554410934448242,19.951539993286133,19.698720932006836,18.48931312561035,15.727523803710938,19.15682601928711,12.601510047912598,15.036524772644043,11.869955062866211,3.9748969078063965,7.251577854156494,0.16383392226148408,0.1923543246176272,1967.8349902815435,1367.6978939344053,1590.4714330750905,639.894102966563,3646.9257950530036,2093.331179147015,1.0300319194793701,1.3448622226715088
-437.9429931640625,72.33367156982422,-14.496659278869629,13.912416458129883,-12.610182762145996,1.1701804399490356,-13.471054077148438,-1.8966082334518433,-8.647322654724121,-10.938998222351074,2.4927258491516113,-2.7266509532928467,-2.885300636291504,150.38340759277344,61.81281661987305,43.1632194519043,21.918771743774414,31.026527404785156,14.552556991577148,23.85561180114746,14.31659984588623,13.69653034210205,12.761184692382812,10.657416343688965,11.959117889404297,9.343659400939941,9.318948745727539,15.381488800048828,0.1628541076487252,0.1987643717008445,1852.8880313817094,1317.045018793623,1532.9166984913188,533.6290640381391,3393.7677053824364,1898.4991007523877,0.9421697854995728,1.1768914461135864
-518.76025390625,75.37029266357422,-1.9199408292770386,22.971664428710938,-11.24461841583252,7.092641830444336,-7.54503870010376,1.1449846029281616,-3.5805578231811523,-4.981611251831055,-4.685123920440674,-2.161559820175171,1.1442623138427734,173.56251525878906,64.51690673828125,34.65617752075195,21.415170669555664,29.601545333862305,15.51889705657959,23.98577880859375,14.284740447998047,16.354909896850586,15.539560317993164,11.372749328613281,11.892756462097168,8.823385238647461,3.3835318088531494,5.3906707763671875,0.11021912350597611,0.11049914726658355,1594.5177186559026,836.0198054596664,1597.6738269407163,486.9039858298161,3242.7091633466134,1541.2021977076279,0.8035837411880493,1.0461781024932861
-403.18304443359375,103.49801635742188,-1.1086230278015137,33.96000671386719,-3.282402276992798,-1.7483958005905151,-15.13780403137207,-27.084733963012695,-3.1082870960235596,-4.810452461242676,-8.162397384643555,-11.617085456848145,0.606683075428009,141.3400421142578,60.16326141357422,38.04985427856445,30.68540382385254,24.39961814880371,17.1556339263916,17.570695877075195,22.874584197998047,16.737571716308594,12.178068161010742,14.758355140686035,13.726106643676758,11.86017894744873,9.614124298095703,11.772299766540527,0.09688755020080321,0.11364754490738635,1397.0922160475218,964.1782630363663,1394.4849032710702,480.477976793223,2714.2168674698796,1629.007720599173,0.8795033693313599,0.9395890831947327
-443.31097412109375,98.51380157470703,-8.401876449584961,21.478872299194336,-0.4080352783203125,-5.360012531280518,0.2609076201915741,-6.220551013946533,1.448185920715332,-3.755338191986084,-6.518912315368652,-2.340752124786377,-1.5027387142181396,168.92103576660156,66.4984359741211,36.11057662963867,27.99569320678711,21.31503677368164,21.403564453125,16.211057662963867,16.558530807495117,13.664323806762695,14.383870124816895,12.652997016906738,16.085315704345703,10.570895195007324,7.636819362640381,11.470723152160645,0.11788978494623657,0.14943132328773526,1590.9734551998515,1045.095262915697,1587.1166120141636,608.8397414225722,3240.6451612903224,1947.6767557932276,0.7963215708732605,0.9630658626556396
-452.7574157714844,52.05068588256836,5.790352821350098,26.280025482177734,-6.2414374351501465,3.169991970062256,-6.469608783721924,6.859758377075195,-5.46406888961792,-6.282968521118164,-7.847209453582764,-0.8389922380447388,-2.524772882461548,164.21511840820312,67.56546020507812,36.008201599121094,27.776126861572266,24.13446807861328,18.059968948364258,16.84552001953125,11.061334609985352,17.99679946899414,14.128530502319336,13.108311653137207,10.34182357788086,8.006718635559082,6.4573073387146,13.113999366760254,0.15815972222222222,0.20163287124521515,2047.830085118031,1361.186145151354,1716.232980057475,526.0021631162822,3914.722222222222,1775.3137220582717,0.8154293894767761,1.2799023389816284
-548.5513916015625,58.73954391479492,-11.848437309265137,34.808284759521484,-11.651187896728516,-1.8934880495071411,-13.50888729095459,-5.872943878173828,-6.697446823120117,-8.633890151977539,3.8841147422790527,-3.3646793365478516,0.4907718002796173,180.5878143310547,53.863651275634766,39.11777877807617,35.6614990234375,28.10434913635254,13.604989051818848,26.672029495239258,15.052964210510254,17.63890266418457,16.027053833007812,9.414304733276367,11.310807228088379,9.634445190429688,5.324685573577881,10.52538013458252,0.07089805825242719,0.05069403553622521,1569.5102003244137,657.5914206284409,1690.546849701991,625.6483247618356,3468.73786407767,1627.4959499817774,0.7813088297843933,1.237654209136963
-461.1951904296875,103.07955169677734,2.492852210998535,7.708950996398926,-16.726221084594727,-12.068242073059082,-22.807819366455078,-17.14862823486328,-15.147358894348145,-11.896160125732422,-6.38318395614624,-6.694875240325928,-2.3895833492279053,135.11346435546875,76.58759307861328,53.56983947753906,47.44443893432617,38.08891296386719,30.627456665039062,25.208894729614258,19.175806045532227,17.25186538696289,13.170317649841309,13.7526216506958,14.38637638092041,11.024425506591797,13.870319366455078,15.618998527526855,0.16655878467635404,0.19645520473905648,1767.4595959618791,1616.8893484395815,1280.5317226267214,709.212053980967,2883.0647291941877,2487.9089621077687,1.089806318283081,1.2402793169021606
-443.9167785644531,81.50885772705078,-0.771341860294342,30.107370376586914,3.4293227195739746,-2.3700006008148193,-19.083269119262695,-17.46293830871582,-3.69195294380188,-6.627145767211914,-12.100236892700195,2.019970655441284,-2.396503210067749,158.93954467773438,74.98241424560547,33.10694122314453,32.94104766845703,15.811429023742676,21.333967208862305,19.147064208984375,22.883968353271484,13.145981788635254,15.42134952545166,16.101016998291016,10.802666664123535,11.901962280273438,8.628742218017578,11.575824737548828,0.14095588235294118,0.16798329607289997,1681.1759989782777,1231.935556352283,1462.0114041808915,593.6152186472839,3167.294117647059,1981.5320206317454,0.8885567784309387,1.30916428565979
-421.9513854980469,103.63542938232422,-20.607070922851562,26.21718978881836,-4.3132243156433105,6.501821994781494,-4.8548359870910645,-11.85509204864502,-4.228001117706299,-2.569028854370117,-3.4032795429229736,-2.1942555904388428,-3.5158307552337646,181.23849487304688,68.12218475341797,52.505027770996094,23.889328002929688,18.091712951660156,18.59238052368164,16.3489933013916,24.472501754760742,16.0668888092041,14.659838676452637,11.644852638244629,13.040457725524902,10.261509895324707,6.807748794555664,8.284124374389648,0.14521103896103893,0.14954366497877533,1662.5530883607498,1037.5163160141108,1423.6918898116141,466.17334324820996,3083.116883116883,1642.9592083689452,0.84571373462677,1.0685192346572876
-490.9366149902344,53.33658218383789,-20.20329475402832,32.40029525756836,-17.975400924682617,-5.0110955238342285,-17.92587661743164,-13.2993803024292,-4.752472400665283,-12.16172981262207,-1.5904594659805298,-8.110294342041016,0.07705015689134598,170.4512176513672,73.15836334228516,55.274444580078125,46.57501220703125,27.952116012573242,16.931344985961914,15.535456657409668,18.13469696044922,17.54958724975586,12.93501091003418,11.435669898986816,16.574951171875,8.806130409240723,7.436614036560059,10.540522575378418,0.22673913043478258,0.19864956415349697,2415.14958358484,1505.6213655569532,1561.744867235653,573.369404664565,4018.88198757764,2210.3182631879927,0.9055799245834351,1.21742582321167
-450.17547607421875,100.36419677734375,0.7942531704902649,47.470611572265625,1.618361473083496,9.045228958129883,-3.7955665588378906,-6.870556831359863,1.0054396390914917,4.397719860076904,-5.11382532119751,4.736113548278809,-4.146273136138916,158.0926055908203,62.322776794433594,37.69259262084961,33.060604095458984,25.977888107299805,14.883358001708984,16.371959686279297,21.23250389099121,11.905757904052734,14.63495922088623,11.854707717895508,10.481597900390625,10.129250526428223,4.9402899742126465,9.726659774780273,0.12539473684210525,0.14497664876023814,1661.97635788114,1019.3294651815232,1561.171179746379,475.2292191099003,3368.654970760234,1579.378793128138,0.9213715195655823,1.2041462659835815
-472.17169189453125,84.45874786376953,6.119351863861084,54.29312515258789,7.147303104400635,-1.1902580261230469,-4.809656620025635,-19.125246047973633,-3.3393704891204834,-4.115681171417236,-1.5465525388717651,4.042426109313965,-4.867458343505859,156.9481658935547,85.33248901367188,44.810977935791016,47.58089828491211,23.890043258666992,23.65289306640625,17.26359748840332,25.975845336914062,13.743646621704102,14.035075187683105,10.807377815246582,11.141241073608398,12.658967971801758,10.188376426696777,14.959916114807129,0.13040441176470588,0.14116636663444881,1744.9462511060167,1374.494861779655,1423.411639785835,645.143790303228,3151.764705882353,2196.615137497631,0.9003954529762268,1.3749423027038574
-447.15386962890625,105.19841003417969,-5.192312717437744,55.57490158081055,5.710315227508545,6.430363178253174,-5.581750869750977,-14.315342903137207,1.6549334526062012,6.007665634155273,0.8079541921615601,9.495003700256348,-4.514070987701416,160.45046997070312,90.06632995605469,48.75021743774414,40.880916595458984,29.50726318359375,21.926450729370117,17.94069480895996,25.010604858398438,13.665250778198242,16.973867416381836,11.135247230529785,9.777894020080566,12.149468421936035,9.421795845031738,11.63428783416748,0.1313396624472574,0.15822116933865163,1477.5940934204518,1245.5850885192458,1251.843028252271,530.3749761617966,2608.6075949367087,1864.5618488568189,1.1093231439590454,1.3676284551620483
-390.9867248535156,74.6081771850586,-0.6725860238075256,20.74380111694336,-13.367005348205566,-2.586394786834717,-8.88516902923584,-12.41061782836914,-8.075545310974121,-14.980278968811035,-2.380408525466919,-4.1418986320495605,-9.146697044372559,149.0821533203125,60.19120788574219,42.038230895996094,27.426969528198242,25.81740951538086,16.525724411010742,15.895915985107422,19.575416564941406,15.450722694396973,15.455713272094727,13.911219596862793,13.996606826782227,12.223535537719727,7.509761810302734,8.126283645629883,0.14129777070063695,0.16781759896891818,1839.5038934036097,1222.6930118856194,1632.6680601982696,519.0248907579215,3526.3694267515925,1816.1484243289879,0.8284969329833984,0.742690920829773
-446.95458984375,106.23424530029297,11.859511375427246,42.49689865112305,20.030033111572266,-3.360509157180786,12.226393699645996,-6.40861701965332,-9.716340065002441,-0.3061589300632477,-2.8575096130371094,7.182292461395264,-1.9133312702178955,158.5307159423828,77.28312683105469,36.78443908691406,29.888687133789062,16.68410873413086,26.6268310546875,13.045701026916504,18.745235443115234,16.603534698486328,11.923127174377441,15.116500854492188,10.663065910339355,9.205004692077637,7.779118537902832,12.792097091674805,0.09328378378378378,0.14291272807256336,1356.0121476163606,1124.6818389882067,1417.7211935258624,498.7575138642923,2553.945945945946,1819.247868732837,0.94772869348526,1.1912842988967896
-488.628662109375,70.98353576660156,17.575458526611328,29.582983016967773,-7.7550272941589355,-21.545761108398438,-15.999189376831055,-13.267184257507324,-16.56283950805664,-13.817017555236816,-1.7019516229629517,-5.595929145812988,-0.5531505346298218,134.1266326904297,68.5181655883789,58.050472259521484,49.41743087768555,31.213964462280273,28.5832462310791,27.05485725402832,19.221633911132812,19.546724319458008,14.366215705871582,11.876546859741211,16.236818313598633,9.854501724243164,11.3578462600708,17.112987518310547,0.19426345609065152,0.22287203355011515,2182.8119147580283,1782.4068913821147,1523.2347336872342,699.694651812048,3569.971671388102,2614.147659920159,0.9000059366226196,1.2164746522903442
-436.17645263671875,94.59799194335938,-10.679128646850586,30.112808227539062,6.135737419128418,-9.639963150024414,-13.01951789855957,-15.405071258544922,-0.19291605055332184,-14.536178588867188,-4.7460174560546875,-8.792073249816895,-3.032810926437378,132.58831787109375,48.46714401245117,44.98151779174805,26.726848602294922,18.106658935546875,21.31418800354004,22.050594329833984,19.680665969848633,14.588995933532715,18.572336196899414,11.067540168762207,10.662208557128906,8.79192066192627,8.344411849975586,16.53358268737793,0.09401881720430108,0.10124698811768217,1394.3862606753428,738.0279679345256,1469.632560080487,503.5041155464062,2841.2903225806454,1371.600764671806,0.6903187036514282,0.5954296588897705
-466.9450988769531,98.8132095336914,5.192083358764648,61.48533630371094,3.658151388168335,-2.2500133514404297,-2.4151723384857178,-19.903736114501953,-2.943330764770508,-7.51858377456665,-4.164670467376709,0.27837637066841125,-6.492440700531006,167.87384033203125,78.5169677734375,44.12546157836914,58.44590377807617,28.016857147216797,16.368408203125,15.69222640991211,23.98817253112793,14.227684020996094,21.486831665039062,9.981359481811523,7.809584617614746,9.743249893188477,10.846467971801758,12.846441268920898,0.1031152647975078,0.09828787008382693,1550.1783694103694,1254.5907339033754,1377.379686094417,674.6063716243274,2920.7476635514017,2280.962673578369,0.7587518692016602,1.1042743921279907
-501.966064453125,118.47843170166016,20.269535064697266,20.54564666748047,13.635862350463867,4.229523658752441,13.76097583770752,-1.5238076448440552,-1.240390419960022,-1.474521279335022,3.8726632595062256,12.432971954345703,-2.3821280002593994,155.9850616455078,84.50129699707031,35.02252197265625,24.016521453857422,28.175352096557617,21.430828094482422,12.167052268981934,20.652944564819336,11.570184707641602,14.260337829589844,13.202619552612305,10.515745162963867,10.046271324157715,8.400714874267578,14.252470970153809,0.05808189655172414,0.05330899451690204,1311.6448669891397,842.5827689115092,1552.7885943209394,773.9769270853943,2986.896551724138,2176.5190548660507,0.727820098400116,0.8058005571365356
-412.3193359375,93.38548278808594,3.75062894821167,50.59019470214844,10.231097221374512,-3.963662624359131,-0.820775032043457,-7.7005295753479,-5.028811454772949,-6.755910873413086,-6.831413745880127,-1.631087303161621,-2.017749547958374,160.51141357421875,77.75174713134766,35.94448471069336,38.63545227050781,17.82083511352539,21.024335861206055,16.398494720458984,19.489070892333984,13.061810493469238,16.015491485595703,12.554134368896484,9.770343780517578,9.221136093139648,8.682926177978516,11.321758270263672,0.11307339449541284,0.13884460698376946,1599.7634908101807,1151.0137370655302,1497.6279449262593,597.1882477434483,3187.033639143731,1926.029827103639,0.83992999792099,0.9557700157165527
-450.79937744140625,94.91246032714844,-2.4296300411224365,51.20682144165039,-3.9032487869262695,-6.3060736656188965,-2.412870168685913,-8.037018775939941,-8.322980880737305,6.732232093811035,-1.1547807455062866,9.939709663391113,-3.6697683334350586,132.66244506835938,80.70752716064453,32.524017333984375,38.14591979980469,26.593460083007812,23.270509719848633,17.87083625793457,18.352399826049805,13.885932922363281,12.970170974731445,11.057540893554688,11.306238174438477,11.758833885192871,4.544798374176025,7.699321746826172,0.14621926229508198,0.14378188911389608,1678.1679073982768,1059.0615756039494,1371.4007699343083,459.4552846547125,3050.4918032786886,1664.789088428083,0.8972902297973633,0.9075297117233276
-427.87884521484375,121.53450775146484,-7.231766700744629,63.71448516845703,6.6010942459106445,2.197244882583618,-0.7721560597419739,-21.238798141479492,-2.1370086669921875,-2.1843132972717285,-2.8357162475585938,11.459794998168945,-6.04243803024292,160.6121368408203,80.3831558227539,46.47785568237305,50.62431335449219,33.16099166870117,21.83214569091797,23.615711212158203,27.92120933532715,12.816555976867676,21.810726165771484,15.935112953186035,9.356158256530762,12.408866882324219,14.229706764221191,16.261137008666992,0.09662060301507537,0.1299337114628484,1098.9107673508113,977.2451177120892,1065.7988215667058,400.7923960411105,1945.1256281407036,1445.5072866906835,0.9263077974319458,1.149489402770996
-450.1961975097656,75.09416198730469,7.522460460662842,55.19351577758789,11.01294231414795,4.888618469238281,-8.33797836303711,-10.830028533935547,2.663262128829956,-0.09655658900737762,-0.43254244327545166,7.231018543243408,1.3395975828170776,150.41932678222656,99.33617401123047,44.86042785644531,49.51924514770508,26.526432037353516,21.133947372436523,19.678096771240234,23.953889846801758,10.797706604003906,17.374183654785156,10.617962837219238,10.843159675598145,11.940155029296875,6.260103702545166,8.322437286376953,0.18568565400843878,0.1913467684225519,1937.6949681486112,1492.4222407252535,1390.5646457007622,577.7869164122133,3338.565400843882,2061.7782585658624,0.9771919250488281,1.1878279447555542
-370.7568359375,97.70275115966797,19.542478561401367,45.35291290283203,11.008630752563477,8.510599136352539,-11.446828842163086,-7.753364086151123,7.487635135650635,-1.0937821865081787,-0.7770258784294128,-1.8233416080474854,-0.07618303596973419,111.19837188720703,75.97188568115234,25.738611221313477,38.96818161010742,20.47134780883789,17.91742706298828,19.10993194580078,18.666364669799805,17.82536506652832,18.18581771850586,13.378196716308594,13.122014999389648,12.799901962280273,10.022754669189453,13.32339096069336,0.13196952595936795,0.16950973548954246,1588.2287206490832,1246.61933736438,1482.54559489836,468.56217435267075,2990.4288939051917,1901.3509623328985,0.8141700029373169,0.7002834677696228
-432.950927734375,88.07455444335938,13.10057258605957,61.188682556152344,13.104700088500977,9.0092134475708,-5.672422885894775,-19.68933868408203,-0.22069454193115234,-2.635162591934204,1.6514338254928589,9.971041679382324,0.5560488104820251,135.12864685058594,97.65931701660156,49.15657424926758,45.23898696899414,32.7713623046875,21.66716194152832,20.9454345703125,28.844207763671875,14.259142875671387,15.576018333435059,12.229071617126465,11.62653923034668,11.708501815795898,10.600390434265137,14.998960494995117,0.15146853146853148,0.1696670764818542,1638.60360156782,1386.2746178611494,1319.279427759369,568.6226114091465,2827.972027972028,2082.685383060046,1.043407917022705,1.1047351360321045
-477.49798583984375,60.43291473388672,0.6164347529411316,40.82573699951172,-25.552331924438477,-2.9393458366394043,-12.6412935256958,-15.050396919250488,-6.760764122009277,-11.497438430786133,1.0208525657653809,-4.791545867919922,-0.7933111786842346,155.69155883789062,88.73361206054688,43.871395111083984,51.05331039428711,30.408445358276367,21.77407455444336,15.04175090789795,22.60776710510254,15.60837459564209,13.781660079956055,10.422663688659668,15.59762191772461,7.296485424041748,9.615677833557129,14.006999015808105,0.22554502369668247,0.21208022181409344,2300.8564093891814,1643.2936284339928,1416.3261943853358,512.3346752811611,3681.516587677725,2268.862289471842,1.070325493812561,1.5213559865951538
-461.4001159667969,109.41620635986328,10.288477897644043,37.36470413208008,9.227521896362305,16.295381546020508,-12.45146656036377,-7.138125419616699,1.399796962738037,-4.4026312828063965,5.29496431350708,4.743427753448486,5.662174701690674,156.27947998046875,71.61617279052734,31.357027053833008,29.401073455810547,20.915390014648438,15.606661796569824,26.296716690063477,18.661008834838867,12.595301628112793,15.460729598999023,10.401761054992676,8.325681686401367,9.41421890258789,11.436912536621094,20.14665412902832,0.04901612903225807,0.04674872499054296,1036.8434271792719,588.7143981463705,1366.6254752078562,576.6869657450156,2171.0967741935483,1604.7705364025485,0.8774446845054626,1.1878458261489868
-477.9394226074219,83.8753890991211,-12.505560874938965,37.46210479736328,-24.01670265197754,-0.2768324017524719,-6.955905437469482,-2.589348316192627,-11.217747688293457,-13.51304817199707,-8.991921424865723,-1.4141550064086914,-2.5255587100982666,159.05499267578125,53.91702651977539,42.235233306884766,33.44157409667969,28.730674743652344,18.17595672607422,19.544044494628906,15.91451644897461,21.03533935546875,14.421160697937012,10.721903800964355,13.909563064575195,10.669103622436523,6.656606674194336,8.917692184448242,0.12041666666666669,0.10105193246818962,1681.8610105928544,790.9018745901923,1510.3448422810013,495.0955985367693,3373.1111111111113,1490.645381813189,0.824312150478363,1.1260696649551392
-424.90423583984375,98.55428314208984,-1.0545741319656372,26.26906967163086,-6.29353666305542,-5.509521961212158,-9.75365924835205,-15.47988224029541,-6.5074992179870605,-4.3029375076293945,-0.14356635510921478,-2.97459077835083,-9.395785331726074,147.83602905273438,66.17674255371094,39.95579147338867,31.613473892211914,27.27961540222168,23.78180503845215,19.27887725830078,24.103546142578125,13.986974716186523,12.562922477722168,10.12494945526123,14.256309509277344,13.322310447692871,11.404799461364746,14.224316596984863,0.12125668449197861,0.13234121106124555,1577.426088192815,1029.6003941314507,1489.8423689148792,566.9289693224026,3104.1711229946523,1835.3923162839437,0.9804404973983765,1.1227586269378662
-458.2654113769531,76.83303833007812,12.502646446228027,45.254737854003906,1.475630283355713,2.6037075519561768,-2.107102394104004,-9.162919044494629,5.30877161026001,3.1858086585998535,4.601504802703857,9.558159828186035,3.3160250186920166,167.85031127929688,82.33824157714844,35.148441314697266,43.696807861328125,17.76399803161621,19.819252014160156,17.759572982788086,21.934635162353516,11.667474746704102,14.588409423828125,8.808416366577148,6.619277477264404,10.469931602478027,9.287315368652344,14.204760551452637,0.14505725190839697,0.1715801243985771,1809.4916009133835,1255.4135467848039,1648.3749315144978,593.8834761119558,3636.641221374046,1966.2870852986468,0.8745303750038147,1.0847843885421753
-431.721435546875,93.09909057617188,4.213945388793945,46.50177001953125,12.948095321655273,4.851222038269043,0.409914493560791,-16.3796443939209,-0.3565581142902374,-8.971985816955566,-6.2396416664123535,0.11902228742837906,-14.971574783325195,166.07199096679688,59.05646514892578,30.81208038330078,38.23686218261719,15.906837463378906,16.893550872802734,13.60960578918457,22.524139404296875,11.696791648864746,14.895853996276855,13.612837791442871,10.164288520812988,16.199262619018555,10.033724784851074,14.518732070922852,0.09390277777777778,0.08625831839471455,1500.1154514662414,731.0724179394124,1664.855380737945,526.4984784891672,3399.1111111111113,1572.027455545117,0.756933867931366,1.0103952884674072
-403.5942687988281,97.08769989013672,-9.596639633178711,41.41930389404297,-5.776403427124023,-2.566660165786743,-17.738677978515625,-12.429767608642578,-5.416513919830322,-5.624423980712891,-9.778255462646484,-5.406168460845947,0.753618597984314,151.24127197265625,60.37592315673828,42.14752960205078,32.56964111328125,24.06798553466797,18.48610496520996,20.080856323242188,18.187864303588867,16.929746627807617,16.88268280029297,13.115083694458008,16.329702377319336,11.558456420898438,13.453229904174805,16.744720458984375,0.1382124352331606,0.16349895485643742,1636.864825853918,1131.181644812046,1421.557287183641,473.12109678926106,3046.2176165803107,1689.0683866614727,0.9301321506500244,1.1367499828338623
-479.7586975097656,64.85836791992188,8.450199127197266,52.057044982910156,4.917254447937012,1.2675081491470337,-5.167089939117432,-14.276002883911133,-1.4102178812026978,-3.573235511779785,-4.392687797546387,6.365820407867432,-3.097019910812378,168.30471801757812,94.71646881103516,33.49016571044922,47.77970886230469,22.240833282470703,16.32965850830078,16.9738712310791,23.198944091796875,10.805545806884766,18.331037521362305,11.10483455657959,9.203059196472168,10.551867485046387,9.211549758911133,14.179523468017578,0.1589520958083832,0.18354222729986258,1829.542142947447,1433.6467990878696,1420.072956448998,667.5979322000907,3291.25748502994,2212.2181622015746,1.0567364692687988,1.3912941217422485
-487.8258972167969,85.90764617919922,8.302535057067871,44.209041595458984,9.945927619934082,8.57983684539795,-1.5966547727584839,-11.136244773864746,-1.8393136262893677,-4.117239952087402,-8.089438438415527,-0.5360127091407776,-10.142216682434082,151.169189453125,66.62598419189453,34.0090446472168,39.94824981689453,16.974443435668945,15.154733657836914,17.332460403442383,22.461769104003906,12.969291687011719,16.497352600097656,14.490058898925781,10.798347473144531,13.183576583862305,5.086252689361572,9.532362937927246,0.10700748129675809,0.1309803480105998,1595.931256381781,1002.513815110176,1591.53259151589,546.1208199325497,3328.6783042394013,1716.934140160593,0.8041451573371887,1.132933259010315
-459.6777038574219,91.90123748779297,4.896708965301514,53.87875747680664,4.996651649475098,2.0811407566070557,-2.581233263015747,-20.051477432250977,-0.6761502027511597,-3.2217471599578857,-0.5482275485992432,8.038675308227539,-0.8627400398254395,156.70053100585938,97.93212127685547,47.32007598876953,50.732582092285156,28.622760772705078,20.786108016967773,17.73585319519043,25.43509292602539,10.656521797180176,19.126632690429688,11.153207778930664,10.66345500946045,10.736900329589844,10.864668846130371,13.868024826049805,0.14055424528301885,0.14402584077923744,1716.9038404327878,1373.715475030251,1396.9554088959096,651.6898502147664,3109.1509433962265,2260.877946821464,0.8845038414001465,0.9674850702285767
-455.7254638671875,97.84439849853516,10.803197860717773,31.799285888671875,4.296962261199951,2.521521806716919,-10.3627347946167,-12.075539588928223,-6.280877113342285,-2.0226926803588867,5.536422252655029,-1.7884137630462646,-11.855189323425293,157.67501831054688,88.0935287475586,52.14886474609375,35.95191192626953,28.355655670166016,22.588685989379883,23.865036010742188,25.047203063964844,15.708795547485352,15.814532279968262,12.997542381286621,14.946508407592773,13.527402877807617,11.523839950561523,14.429888725280762,0.12559146341463415,0.17268053698652888,1318.7184109199786,1417.2445554072738,1012.9565423313139,675.5942293070901,2159.8048780487807,2146.836120382989,0.8950046300888062,1.197235107421875
-422.34857177734375,99.47105407714844,1.8835574388504028,35.49467849731445,-7.7859697341918945,2.4932804107666016,-14.77067756652832,-3.8708763122558594,-7.544486999511719,-5.366453647613525,-9.616484642028809,-3.3519651889801025,-4.387407302856445,140.64956665039062,62.45598602294922,37.56331253051758,31.713768005371094,26.661338806152344,17.469322204589844,18.818368911743164,17.909168243408203,16.00936508178711,15.88355827331543,11.489425659179688,12.616870880126953,9.637258529663086,8.89882755279541,12.859957695007324,0.1175767918088737,0.1705967694737952,1383.7986107171103,1201.3768890331366,1269.037241334957,444.74063692963085,2458.976109215017,1818.2646462111372,0.836783230304718,0.9513893723487854
-470.8248291015625,82.75821685791016,-4.939478397369385,42.85016632080078,-20.5087890625,-1.1922450065612793,-12.487191200256348,-12.540306091308594,-3.0848135948181152,-12.61095905303955,-4.74405574798584,-3.2191364765167236,-1.4979592561721802,160.98135375976562,70.63178253173828,62.435302734375,44.998390197753906,32.62713623046875,19.31130599975586,16.07870101928711,17.422927856445312,13.949908256530762,11.300948143005371,9.739253997802734,12.938597679138184,7.778082370758057,6.098227024078369,8.38584041595459,0.1657817589576547,0.17785479637149462,1853.407224707824,1341.0626028602528,1455.5187712607465,610.6520986921818,3284.560260586319,2102.2947099946746,1.0654826164245605,1.2107510566711426
-422.5323486328125,99.29595184326172,-3.124965190887451,37.76177215576172,-0.0789119303226471,-7.804103851318359,2.249196767807007,-6.616264343261719,-2.741720676422119,-2.679730176925659,-7.952427387237549,-1.503932237625122,-2.8812286853790283,173.7799835205078,82.23112487792969,34.31756591796875,30.334585189819336,20.321855545043945,19.38243865966797,13.046661376953125,17.41082191467285,12.745430946350098,17.063928604125977,10.777992248535156,11.477058410644531,11.760090827941895,9.0319185256958,12.041244506835938,0.11384444444444444,0.12653479197535716,1588.6870177367005,1137.4503623626558,1460.6939568206603,608.4024151950815,3061.866666666667,2033.5283141486977,0.8143925666809082,0.8535853624343872
-468.50372314453125,118.48472595214844,6.976603031158447,72.11732482910156,12.276305198669434,-2.4071900844573975,2.266376495361328,-19.999177932739258,-2.2066245079040527,-11.058117866516113,-0.7136061191558838,4.8326568603515625,-8.953678131103516,159.05970764160156,74.7298812866211,44.84618377685547,52.600276947021484,28.486522674560547,18.85806655883789,14.72418212890625,23.669023513793945,13.490877151489258,20.51197052001953,11.159025192260742,9.839895248413086,12.554672241210938,9.082324028015137,10.343987464904785,0.08792572463768117,0.0973650818162425,1201.2191965801715,967.4327348865663,1244.116851233715,633.8295818586456,2317.536231884058,1956.6696830807316,0.9942384958267212,1.314544677734375
-468.67010498046875,92.47099304199219,3.0262410640716553,27.70733070373535,-12.562241554260254,-3.82561993598938,-0.020653601735830307,-7.28380823135376,-12.10360336303711,-8.365058898925781,-4.816101551055908,-1.601445198059082,-4.2420220375061035,161.34698486328125,62.235984802246094,41.993858337402344,35.331298828125,30.393938064575195,22.191835403442383,18.147546768188477,15.455187797546387,15.637930870056152,13.057256698608398,11.705211639404297,11.973960876464844,9.461071968078613,4.538059711456299,8.0762939453125,0.10598445595854922,0.09441736945475569,1569.967574998044,976.5277535471848,1525.998912978048,523.6302782009172,3125.3886010362694,1677.438208177423,0.8440311551094055,1.171132206916809
-469.1416320800781,110.79460144042969,8.917737007141113,50.774349212646484,11.324338912963867,4.3223114013671875,1.9823501110076904,-19.25701904296875,-2.4011478424072266,-3.8069069385528564,1.7634429931640625,8.130233764648438,-2.1555399894714355,154.54095458984375,81.64522552490234,43.19990539550781,44.198516845703125,28.75166130065918,18.034334182739258,17.334877014160156,26.62346839904785,13.24807357788086,15.312552452087402,11.548540115356445,9.396889686584473,10.241447448730469,9.746044158935547,14.285589218139648,0.086012987012987,0.09659837775337765,1255.4686388835296,1121.8464142783357,1285.3948524003672,663.3484583776049,2342.025974025974,2157.043924641277,0.8232688307762146,1.166106104850769
-429.0106506347656,67.33805847167969,-0.16366200149059296,12.417421340942383,-9.599197387695312,-2.5901939868927,-4.787830352783203,-3.413674831390381,-7.250308513641357,-9.568863868713379,-9.686349868774414,-0.406307578086853,-6.664572238922119,173.46446228027344,61.496925354003906,38.729496002197266,26.007766723632812,25.741979598999023,14.507780075073242,18.298871994018555,16.019298553466797,13.08699893951416,13.042472839355469,13.70748519897461,10.334369659423828,9.562353134155273,8.023510932922363,13.858534812927246,0.16961038961038963,0.21280194931512195,2098.4468547276483,1343.9030787718636,1762.0910008796295,538.4874509684656,3990.12987012987,1863.2484505101716,0.8573246002197266,1.2855349779129028
-474.2653503417969,61.08150863647461,6.4325103759765625,59.814918518066406,-10.231014251708984,-19.758037567138672,-22.24167251586914,-18.642684936523438,-7.198441028594971,-14.634687423706055,3.852726936340332,-12.347453117370605,2.416649580001831,150.7451629638672,54.31944274902344,52.27939987182617,53.05817413330078,33.20393371582031,19.269479751586914,27.03071403503418,22.694154739379883,12.814359664916992,16.55368995666504,15.988687515258789,18.00918197631836,10.833702087402344,11.892053604125977,17.916967391967773,0.15298672566371682,0.12586288824729586,2010.9628272287255,1115.2395333439881,1619.1926354178918,577.1505976359832,3689.2035398230087,1778.1685624393563,1.2093610763549805,1.4283357858657837
-470.9946594238281,74.13935089111328,5.79340934753418,49.45450210571289,-17.598228454589844,-6.941498279571533,-15.191393852233887,-15.732348442077637,-8.482633590698242,-10.14028263092041,-0.06964655220508575,-1.0458022356033325,-4.072024345397949,153.0441436767578,69.93305969238281,43.591583251953125,52.08146286010742,30.807373046875,17.660301208496094,18.293428421020508,21.648517608642578,13.583658218383789,14.808897972106934,10.432368278503418,14.36983585357666,7.487000465393066,12.504084587097168,17.571063995361328,0.13600278551532033,0.1910163878779079,1411.6676862753868,1430.2579771337544,1108.802482489488,703.0106536525484,2459.0529247910863,2140.5141378551416,0.8287540674209595,1.156380295753479
-455.28497314453125,107.79185485839844,-3.2817249298095703,19.60397720336914,-4.309267997741699,-10.28009033203125,-5.1720662117004395,-9.598665237426758,-2.6673316955566406,-8.055546760559082,-5.179426670074463,-2.970698833465576,-3.110149621963501,128.5006866455078,72.89427947998047,29.569202423095703,26.339645385742188,22.64126205444336,19.339269638061523,11.406063079833984,13.637534141540527,12.48926067352295,12.64785385131836,9.661149024963379,12.555081367492676,8.40810489654541,2.470287799835205,4.906067848205566,0.12627906976744188,0.16625311985321867,1575.203421867564,1225.2925303520403,1436.945068491888,649.2286059029809,2964.3853820598006,2160.5430375091287,0.8000361323356628,1.3185938596725464
-494.6407775878906,55.40262222290039,27.17387580871582,55.637451171875,-4.63545560836792,10.582015037536621,-9.93840217590332,-8.342229843139648,-4.879737854003906,-5.251080513000488,-7.6042304039001465,9.242524147033691,-3.357530355453491,141.110595703125,80.27001190185547,30.845623016357422,54.000144958496094,33.5072135925293,17.630435943603516,21.597272872924805,21.06774139404297,10.34775161743164,18.66836929321289,12.78587532043457,7.943844795227051,10.250113487243652,7.209611415863037,12.352254867553711,0.19264248704663212,0.20575546167312878,2046.2742291500604,1505.5429537509547,1510.7356300885979,560.4627158819263,3573.056994818653,2086.7495813835544,0.9884476065635681,1.0691994428634644
-491.30010986328125,64.98565673828125,8.529454231262207,36.67636489868164,0.045677561312913895,16.116086959838867,-9.866631507873535,3.604274272918701,10.225789070129395,2.686344861984253,6.738479137420654,6.650834560394287,8.052525520324707,192.4911651611328,80.30782318115234,33.1174430847168,30.16486930847168,19.19329261779785,14.908976554870605,20.79252052307129,16.138383865356445,11.68415641784668,13.881163597106934,8.099899291992188,8.620222091674805,9.95391845703125,5.54584264755249,9.823334693908691,0.1261607142857143,0.1671174097310154,1808.7144158923827,1189.8316085820966,1708.6423904357846,521.7977021042594,3435.0,1871.7839084680688,0.8772015571594238,1.050423502922058
-441.18719482421875,79.471435546875,-1.554303526878357,46.367671966552734,-14.85207462310791,-7.726393222808838,-19.855539321899414,-30.57916259765625,-3.8572328090667725,-15.658227920532227,5.48793363571167,-9.05343246459961,-5.383050918579102,141.7354278564453,76.72522735595703,48.457557678222656,68.54785919189453,48.79660415649414,25.722415924072266,28.31850814819336,27.815711975097656,14.367839813232422,18.31218910217285,16.62849998474121,19.566421508789062,11.837368965148926,14.969799995422363,18.378536224365234,0.16493279569892472,0.1835035438107635,1867.9209031191465,1513.4291152445128,1306.041702678674,557.546020589862,3169.462365591398,2165.6707548646737,0.7915573120117188,1.1175837516784668
-469.65460205078125,86.97401428222656,-3.7023048400878906,26.390588760375977,-13.729846954345703,-8.378137588500977,-18.199687957763672,-19.038681030273438,-4.186125755310059,-11.670969009399414,-1.8720815181732178,-4.939728736877441,-4.233067512512207,160.28050231933594,91.92031860351562,51.28816223144531,49.76163864135742,33.09312438964844,21.317949295043945,21.859630584716797,20.43574333190918,18.824127197265625,14.76958179473877,11.095005989074707,12.52509880065918,9.513758659362793,10.93150520324707,13.989139556884766,0.20713302752293578,0.23334212333794693,2095.864710221475,1802.9746636410462,1299.0494342224429,628.2931703648068,3296.880733944954,2502.803088079886,0.9607029557228088,1.2498629093170166
-422.4736633300781,67.96719360351562,22.843921661376953,44.54582214355469,17.912118911743164,9.304195404052734,-9.454901695251465,-2.698803663253784,7.36704683303833,2.785240650177002,-2.2948157787323,-2.7866404056549072,1.0304276943206787,147.13333129882812,77.99183654785156,26.65260887145996,34.28083801269531,18.448698043823242,14.122027397155762,17.833242416381836,17.435806274414062,17.38642692565918,15.137236595153809,10.336953163146973,11.867908477783203,9.366024017333984,7.743767261505127,14.014114379882812,0.1598587570621469,0.19568251510316187,1926.3356944777001,1384.8754818149932,1657.9517823996846,417.09873829515334,3597.9661016949153,1850.416456097869,0.8437849879264832,0.8882251381874084
-476.929931640625,74.25482940673828,9.735175132751465,28.92582130432129,15.572778701782227,17.625701904296875,-6.642340183258057,3.380527973175049,0.5621426701545715,12.492470741271973,0.5034551024436951,9.235014915466309,3.763303518295288,152.59571838378906,70.19825744628906,23.71741485595703,25.777231216430664,18.836505889892578,12.317550659179688,23.72085952758789,16.794132232666016,14.878666877746582,10.903380393981934,14.268260955810547,12.332009315490723,8.67164421081543,6.194975852966309,15.095928192138672,0.128352534562212,0.17536242630076754,1536.553567632142,1231.9312394877052,1455.8712051802343,455.6494311702496,2684.2396313364056,1942.29103584464,0.855512261390686,1.1091899871826172
-463.2137756347656,105.08988952636719,-3.4434022903442383,41.87001037597656,5.014549732208252,5.742241382598877,3.0317225456237793,-7.456609725952148,7.157451629638672,2.4607317447662354,3.951188564300537,3.1624646186828613,-4.223145008087158,185.0359344482422,62.05184555053711,40.585365295410156,28.219799041748047,18.47294044494629,14.644344329833984,12.377118110656738,21.9638729095459,12.047248840332031,11.739510536193848,10.514081954956055,8.936751365661621,11.323333740234375,6.898050308227539,10.846231460571289,0.06663961038961039,0.05170814377170908,1347.0926933734725,609.1551066794311,1579.795263534174,573.8882937501849,3067.7922077922076,1454.6679215605202,0.8381497263908386,1.2801858186721802
-474.82781982421875,89.84196472167969,23.0816707611084,79.71611022949219,5.179261684417725,-0.4706619381904602,-2.4390456676483154,-16.07412338256836,-4.538038730621338,-9.15018367767334,-1.6096947193145752,5.6224236488342285,-1.5259267091751099,145.19509887695312,91.42880249023438,41.31875991821289,62.575355529785156,28.305265426635742,20.552249908447266,19.99287986755371,24.86156463623047,12.346056938171387,18.473554611206055,11.367562294006348,10.817432403564453,11.14714241027832,9.211882591247559,11.133429527282715,0.12224206349206349,0.15432772454745766,1501.7744963844666,1288.6034194897147,1328.2638706839998,608.8416540195556,2737.1428571428573,2047.601328826991,1.0707401037216187,1.2581952810287476
-446.91448974609375,84.27578735351562,5.637549877166748,52.81217956542969,-3.017683744430542,7.221613883972168,-3.4877381324768066,-6.514660835266113,2.0225908756256104,6.438178062438965,-0.6031294465065002,10.905933380126953,-2.3817853927612305,163.70408630371094,88.92585754394531,47.67499923706055,41.10222625732422,27.368820190429688,18.276044845581055,23.09606170654297,20.750049591064453,13.777389526367188,16.79486656188965,12.224205017089844,10.75808048248291,12.61225700378418,9.168109893798828,12.897347450256348,0.148843085106383,0.17261701429000856,1537.0223976004593,1355.7519626148555,1232.7228799264774,455.3642869794839,2528.2978723404253,1992.460063027972,1.0407871007919312,1.086553692817688
-444.14508056640625,82.46995544433594,-26.970182418823242,20.886730194091797,-26.28571891784668,-2.2549333572387695,-17.762996673583984,-8.602725982666016,-14.747116088867188,-11.65118408203125,0.16491439938545227,-8.928696632385254,-3.7562925815582275,152.75807189941406,55.20064163208008,45.026832580566406,24.76529884338379,30.7877197265625,16.101593017578125,19.445405960083008,13.446063995361328,15.870944023132324,12.201738357543945,10.264192581176758,12.134563446044922,8.507834434509277,5.713204383850098,10.869441032409668,0.11886212624584719,0.12091125528783389,1708.3262228432332,1017.5256904364344,1498.462288019006,634.0195602686964,3298.0730897009967,1897.5074421452912,0.9621245265007019,1.1017011404037476
-479.5282897949219,60.60711669921875,7.750286102294922,36.8613166809082,-19.040462493896484,-7.581442832946777,-14.876062393188477,-11.001577377319336,-8.409163475036621,-7.874913215637207,-1.7998939752578735,-4.428241729736328,-1.8315844535827637,158.85545349121094,69.0887680053711,39.347267150878906,48.16514205932617,35.013736724853516,17.962678909301758,18.184955596923828,15.547183990478516,13.76882553100586,11.023560523986816,10.40307903289795,12.768635749816895,7.349553108215332,11.76749324798584,17.544700622558594,0.2220616438356164,0.21778574278790924,2387.3335831756644,1685.742003703123,1572.1300348714071,623.849399422538,4020.3835616438355,2440.546281931635,0.914391815662384,1.2850688695907593
-452.737548828125,92.08863830566406,8.123495101928711,58.01554870605469,1.1724319458007812,-0.4759346544742584,-10.48023509979248,-12.599886894226074,-5.042966842651367,-1.1704812049865723,-0.5122138261795044,5.98065710067749,-3.7022957801818848,146.844970703125,83.66598510742188,42.47597122192383,47.60004806518555,24.96967124938965,22.31768035888672,22.595439910888672,24.280941009521484,14.444642066955566,15.32632064819336,9.96894359588623,11.404825210571289,11.66112232208252,7.424238204956055,10.402488708496094,0.1336703821656051,0.1653326229898223,1438.2987978677743,1301.0099351641052,1205.575827616398,599.0293019975102,2563.375796178344,1997.5963435516353,0.9440957903862,1.1407185792922974
-437.56134033203125,92.6703109741211,-13.580856323242188,24.802413940429688,-5.136074066162109,5.4078569412231445,-2.488865852355957,-17.647085189819336,-6.055397987365723,-1.8257859945297241,-2.764810562133789,-8.012896537780762,-0.845849335193634,178.7731475830078,61.70855712890625,46.81006622314453,29.69523811340332,23.03766441345215,18.184555053710938,17.52971076965332,21.554285049438477,15.363907814025879,14.902791023254395,9.572916984558105,14.495858192443848,10.771527290344238,5.916346073150635,7.649122714996338,0.13241525423728814,0.12884945511600904,1722.9705814988158,966.6094414300181,1601.7184546993965,561.3520856842233,3475.2542372881358,1756.9117962086734,0.8863016963005066,1.343550682067871
-464.9388427734375,100.0635757446289,-2.827030658721924,32.677581787109375,13.070907592773438,3.530827522277832,-7.6528754234313965,5.465600490570068,-4.663118362426758,-2.5330071449279785,-1.872530460357666,3.6701385974884033,-3.405015468597412,173.3625946044922,83.15306854248047,27.36583137512207,29.365543365478516,27.574983596801758,12.441877365112305,15.966795921325684,12.613282203674316,14.069795608520508,13.026190757751465,12.30572509765625,9.710956573486328,12.99153995513916,4.591373443603516,8.771347999572754,0.13773611111111111,0.13848728813059138,1823.551192923249,1328.0232782722378,1463.0424026490978,574.4765373045577,3297.3333333333335,2118.7547705616566,0.8079872727394104,0.9787280559539795
-439.6289367675781,66.37691497802734,-4.054419994354248,30.522119522094727,-7.336069107055664,0.2346569001674652,-11.627239227294922,-7.416771411895752,1.0025492906570435,-0.44821247458457947,-5.795411109924316,0.4901876747608185,-0.6873529553413391,132.85147094726562,68.13211822509766,52.907772064208984,33.42371368408203,27.57403564453125,16.426311492919922,20.103317260742188,17.174026489257812,12.523577690124512,12.883277893066406,11.526013374328613,13.429522514343262,10.142695426940918,4.51596212387085,9.014881134033203,0.22747674418604646,0.23697328260474734,2325.1986386290246,1538.4431040289653,1643.1999876760374,447.7917886865091,4046.3255813953488,1873.9370285631294,0.9776199460029602,1.161154866218567
-465.5577392578125,72.60345458984375,12.233870506286621,70.02081298828125,10.455367088317871,-5.997469902038574,-6.828823089599609,-11.91458511352539,-1.2001235485076904,-5.5245137214660645,-2.684713840484619,3.6356825828552246,-4.739198684692383,149.98544311523438,87.7898178100586,50.574806213378906,55.171016693115234,23.365524291992188,24.822843551635742,15.333245277404785,22.36290168762207,13.038247108459473,21.314712524414062,11.632037162780762,11.421626091003418,13.856449127197266,9.939499855041504,13.56778335571289,0.17027173913043478,0.17869714805520087,1916.8581721725704,1413.4359176566052,1457.1196509008043,642.7155190673391,3464.1304347826085,2158.614769271535,1.0484788417816162,1.335194706916809
-454.818603515625,83.99269104003906,3.0173721313476562,71.6324691772461,11.057601928710938,-6.764301776885986,-10.125471115112305,-18.49358558654785,0.9905526638031006,-6.961482524871826,-1.2145496606826782,9.633646011352539,-0.06840499490499496,144.2241973876953,80.32440948486328,43.781951904296875,60.763938903808594,27.953197479248047,30.30763053894043,20.46483612060547,25.526493072509766,10.657697677612305,20.35727882385254,11.581621170043945,9.4549560546875,12.921586036682129,9.36925220489502,12.272077560424805,0.15901515151515155,0.1727354629902962,1780.5935661826468,1264.2713925060837,1474.8991225704879,573.8983743380745,3347.4747474747473,1864.242117753146,0.9623909592628479,1.3769320249557495
-429.2970275878906,97.60337829589844,-9.365119934082031,21.910667419433594,-5.0244574546813965,-1.364780306816101,-13.467606544494629,-16.51605796813965,0.6047317981719971,-6.641025543212891,3.350187301635742,-4.167457580566406,-12.101618766784668,175.1535186767578,71.05928802490234,48.6243782043457,28.37312889099121,24.59587287902832,21.033327102661133,20.974843978881836,22.90983009338379,12.23207950592041,13.946924209594727,10.14548110961914,11.542469024658203,16.366018295288086,11.172619819641113,13.10457992553711,0.11346830985915493,0.14657619773419506,1502.248251711325,1117.418897729407,1418.8414531743006,498.05388434310487,2840.845070422535,1697.3448581670496,0.9265310764312744,1.0533527135849
-415.8525390625,107.06043243408203,4.910577297210693,55.26565933227539,1.9287400245666504,4.801494121551514,0.962996244430542,-19.168827056884766,1.5893112421035767,-2.1386427879333496,4.007879257202148,9.625826835632324,-2.262049913406372,142.20887756347656,89.02363586425781,46.03858184814453,41.19535446166992,34.95709991455078,21.07853889465332,22.556577682495117,26.87957763671875,17.017576217651367,20.577436447143555,12.095312118530273,11.113986015319824,13.387350082397461,12.634510040283203,15.283355712890625,0.12477982954545454,0.13933246076044825,1401.9340872732785,1181.1266555066552,1267.819806295305,527.5041095821294,2441.818181818182,1981.5229137840522,1.070091724395752,1.1395658254623413
-469.9120788574219,73.14083099365234,22.746807098388672,45.011016845703125,9.738971710205078,8.556180000305176,-5.255985736846924,-8.86074161529541,1.7543607950210571,3.7799465656280518,2.0176565647125244,7.711811065673828,5.524799823760986,154.1452178955078,91.2470703125,38.768733978271484,50.39639663696289,19.36163902282715,17.733360290527344,16.23883628845215,21.310665130615234,12.133798599243164,15.922446250915527,8.011770248413086,9.431255340576172,10.197734832763672,8.136040687561035,12.68904972076416,0.1687037037037037,0.2140804737605507,1924.3055063331535,1571.7894568541506,1562.5018085242848,650.3294147973261,3504.0,2374.881891800095,0.8717558979988098,1.081897258758545
-447.8963928222656,82.25267791748047,3.889270067214966,33.933387756347656,-1.1610198020935059,-8.209476470947266,-4.120377540588379,-20.612350463867188,-9.770380973815918,-4.598944187164307,-8.522884368896484,-11.650976181030273,3.007204055786133,133.54507446289062,62.92966079711914,37.88774871826172,36.560672760009766,24.363178253173828,19.854219436645508,20.072139739990234,22.643774032592773,17.233814239501953,14.631573677062988,13.636930465698242,17.912738800048828,9.540868759155273,7.588974475860596,13.18238639831543,0.13149805447470816,0.16490060971903375,1652.1275856499894,1180.1012471526215,1534.7194272637764,530.2758670745576,3234.241245136187,1841.3489779322936,0.8544960618019104,1.0632052421569824
-484.9510498046875,61.12666702270508,16.51332664489746,61.69989013671875,2.7065446376800537,-1.0657589435577393,-13.459360122680664,-18.13583755493164,-3.478076219558716,-5.763213634490967,-2.306490659713745,-0.14845354855060577,-1.3156354427337646,158.47039794921875,76.32759857177734,45.628604888916016,50.05466079711914,23.790224075317383,20.677705764770508,16.497034072875977,25.27344512939453,10.4668607711792,14.18799114227295,8.963993072509766,10.407533645629883,10.074972152709961,10.280750274658203,18.132816314697266,0.15343055555555554,0.16234138210615248,1949.593711366657,1311.0049258305082,1592.4501686897697,642.3097523564094,3666.6666666666665,2067.0623277169625,1.1862112283706665,1.5814244747161865
-418.2056884765625,70.86372375488281,4.764678478240967,35.411231994628906,-12.477246284484863,-1.8785184621810913,-8.842284202575684,0.39551228284835815,-7.860522270202637,-7.388096809387207,-7.121938228607178,-4.894946098327637,-4.661709785461426,162.84129333496094,67.6409683227539,36.25078582763672,32.169166564941406,29.79527473449707,15.95623779296875,18.65867805480957,11.912452697753906,17.346054077148438,14.413867950439453,13.279747009277344,13.563328742980957,11.085173606872559,9.14362907409668,11.461153030395508,0.12275773195876287,0.1693959038289629,1757.0915533779405,1230.9643562681192,1633.801658040705,527.1503529038939,3473.814432989691,1826.4479883710565,0.8982081413269043,1.0872011184692383
-427.0181579589844,112.64483642578125,5.590723037719727,74.46752166748047,8.6072359085083,2.7765259742736816,-2.197780132293701,-21.701995849609375,-3.426119327545166,0.03461921960115433,-2.321911334991455,11.564493179321289,-6.086365699768066,148.39544677734375,87.35737609863281,37.71192932128906,40.46805953979492,30.04605484008789,18.97376823425293,19.18431854248047,30.359834671020508,14.876521110534668,15.465264320373535,12.48610782623291,9.931224822998047,9.421882629394531,13.978965759277344,14.46823787689209,0.0978896103896104,0.12855248368229671,1159.388776251324,1076.6619517958077,1093.5133791648248,477.48722608787733,2063.3766233766232,1676.3330499988565,0.8929550647735596,0.9893091917037964
-458.31719970703125,54.5710334777832,3.2571122646331787,48.888702392578125,-15.984283447265625,-11.444110870361328,-18.854835510253906,-16.397260665893555,-18.46479606628418,-10.726961135864258,1.5358678102493286,-22.557466506958008,2.0418050289154053,147.20388793945312,66.71165466308594,63.397865295410156,51.38382339477539,41.503089904785156,25.168901443481445,23.762887954711914,26.560054779052734,21.670316696166992,12.741765975952148,14.51231861114502,19.470632553100586,12.149138450622559,7.0655694007873535,8.801065444946289,0.21235955056179776,0.19469774888278168,2366.993213063678,1559.3818723378752,1543.2964425991931,556.4671575849575,3906.516853932584,2182.3804656628863,1.0184295177459717,1.0309348106384277
-458.8146057128906,99.59337615966797,8.01889419555664,46.59115982055664,-7.280326843261719,-0.10487314313650131,2.682748556137085,-19.258068084716797,-4.46454381942749,-6.091553211212158,-1.2513904571533203,3.051403760910034,-6.612274646759033,164.02529907226562,100.44758605957031,53.0537109375,43.5919075012207,30.545286178588867,17.330759048461914,20.19701385498047,23.673585891723633,12.781667709350586,19.893529891967773,9.954536437988281,8.365849494934082,12.383922576904297,10.286873817443848,12.054069519042969,0.13664804469273745,0.1654634396792187,1610.5782483273147,1370.6444548980292,1326.3363261061445,707.5652640007162,2909.7206703910615,2341.6599732571885,0.9906420707702637,1.0607644319534302
-494.9540100097656,81.67044830322266,6.5754570960998535,58.03718566894531,9.478715896606445,-1.9858378171920776,-5.851447105407715,-19.396024703979492,-3.551894187927246,-9.87219524383545,-4.424011707305908,3.056732654571533,-3.990781307220459,159.35560607910156,85.24613952636719,43.88642883300781,55.00114822387695,29.353328704833984,20.405744552612305,18.049400329589844,26.17803955078125,10.368558883666992,17.6715087890625,10.891068458557129,7.929220676422119,9.755253791809082,9.849286079406738,14.972380638122559,0.14162011173184358,0.14865996251800093,1841.5655239173054,1429.7797626491156,1450.266100262232,681.8158485623801,3340.4469273743016,2344.3010229681345,0.8798162937164307,1.2626668214797974
-489.24700927734375,76.10436248779297,8.350744247436523,49.778472900390625,1.7537353038787842,3.169490337371826,-4.689152240753174,-14.174322128295898,-1.1749416589736938,-1.2930465936660767,1.6498209238052368,4.773294448852539,0.0798514261841774,162.3109588623047,91.88850402832031,39.323951721191406,46.412227630615234,25.694231033325195,17.86263656616211,18.44308090209961,23.483856201171875,14.761144638061523,15.366559982299805,9.218803405761719,10.007394790649414,10.777178764343262,6.8209547996521,10.464856147766113,0.14066964285714287,0.1547114665691192,1802.1094380166871,1393.384563851415,1477.3955532794498,614.2364295742972,3181.4285714285716,2240.577701257903,0.9671347737312317,1.1642950773239136
